UnitType,Name,FullName,Common,Class,Model,Role,PV,BV,Type,Size,Tonnage,ASMove,Short,Medium,Long,Overheat,CBTMove,Armor,ArmorIcons,Structure,StructureIcons,TMM,RegSkill,VetSkill,RegPV,VetPV,Specials,CAR,BA,PMECH,TUR,AMS,ECM2,ECM6,PRB,IF,APC,ART,STL,MHQ,,,,,,,,,,SpecialRules,ImageURL,MULId,Weapons,WepName1,Shots1,Dam1,Range1,WepName2,Shots2,Dam2,Range2,WepName3,Shots3,Dam3,Range3,WepName4,Shots4,Dam4,Range4,WepName5,Shots5,Dam5,Range5,WepName6,Shots6,Dam6,Range6,WepName7,Shots7,Dam7,Range7,CombDam1,CombDam2,CombDam3,CombDam4,CombDam5,CombDam6,CombDam7,,Star League (2571 - 2780),Early Succession War (2781 - 2900),Late Succession War - LosTech (2901 - 3019),Late Succession War - Renaissance (3020 - 3049),Clan Invasion (3050 - 3061),Civil War (3062 - 3067),Jihad (3068 - 3085),Early Republic (3086 - 3100),Late Republic (3101 - 3130),Dark Ages (3131 - 3150),ilClan (3151 - 9999)
BattleArmor,IS Standard Battle Armor,IS Standard Battle Armor [MG],!,IS Standard Battle Armor,[MG],,10,,BattleArmor,,,,,,,,3J,1,A,2,SS,+1,6,5,10,12,AM CAR4 MEC,CAR4,"MECH, NIMB, SPOT, SWRM",,,,,,,,,,,,,,,,,,,,,"CAR4, MECH, NIMB, SPOT, SWRM",,,,Machine Gun (Medium),4,2,1/2/3,,,,,,,,,,,,,,,,,,,,,,,,,4x2,,,,,,,,,,,,,,,,,,
BattleArmor,Aegis Point Defense Suit,Aegis Point Defense Suit,,Aegis Point Defense Suit,,,10,,BattleArmor,,,,,,,,3F,1,A,2,SS,+1,6,5,10,12,AM CAR4 MEC RAMS STL,CAR4,"MECH, NIMB, SPOT, SWRM",,,AMS,,,,,,,STL,,,,,,,,,,,"CAR4, MECH, NIMB, SPOT, SWRM, AMS, STL",,,,,,,,,,,,,,,,,,,,,,,,,,,,,,,,,,,,,,,,,,,,,,,,,,
BattleArmor,Asura Medium Battle Armor,Asura Medium Battle Armor (Anti-Infantry),,Asura Medium Battle Armor,(Anti-Infantry),,10,,BattleArmor,,,,,,,,3J,1,A,2,SS,+1,6,5,10,12,AM CAR4 LMAS MEC,CAR4,"MECH, NIMB, SPOT, SWRM",,,,,,,,,,,,,,,,,,,,,"CAR4, MECH, NIMB, SPOT, SWRM",,,,Machine Gun (Medium),4,2,1/2/3,Needler (Firedrake),4,1,1/2/3,,,,,,,,,,,,,,,,,,,,,4x2,4x1,,,,,,,,,,,,,,,,,
BattleArmor,Cavalier Battle Armor,Cavalier Battle Armor [Flamer],,Cavalier Battle Armor,[Flamer],,10,,BattleArmor,,,,,,,,3J,1,A,2,SS,+1,6,5,10,12,AM CAR4 MEC HT1/-/-,CAR4,"MECH, NIMB, SPOT, SWRM",,,,,,,,,,,,,,,,,,,,,"CAR4, MECH, NIMB, SPOT, SWRM",,,,Flamer [BA],4,2,1/2/3,,,,,,,,,,,,,,,,,,,,,,,,,4x2,,,,,,,,,,,,,,,,,,
BattleArmor,Cavalier Battle Armor,Cavalier Battle Armor [Laser],,Cavalier Battle Armor,[Laser],,10,,BattleArmor,,,,,,,,3J,1,A,2,SS,+1,6,5,10,12,AM CAR4 MEC,CAR4,"MECH, NIMB, SPOT, SWRM",,,,,,,,,,,,,,,,,,,,,"CAR4, MECH, NIMB, SPOT, SWRM",,,,Small Laser,4,3,1/2/3,,,,,,,,,,,,,,,,,,,,,,,,,4x3,,,,,,,,,,,,,,,,,,
BattleArmor,Cavalier Battle Armor,Cavalier Battle Armor [MG],,Cavalier Battle Armor,[MG],,10,,BattleArmor,,,,,,,,3J,1,A,2,SS,+1,6,5,10,12,AM CAR4 MEC,CAR4,"MECH, NIMB, SPOT, SWRM",,,,,,,,,,,,,,,,,,,,,"CAR4, MECH, NIMB, SPOT, SWRM",,,,Machine Gun (Medium),4,2,1/2/3,,,,,,,,,,,,,,,,,,,,,,,,,4x2,,,,,,,,,,,,,,,,,,
BattleArmor,Djinn Battle Armor,Djinn Battle Armor,,Djinn Battle Armor,,,10,,BattleArmor,,,,,,,,4J,1,A,2,SS,+1,6,5,10,12,AM CAR4 LTAG MEC,CAR4,"MECH, NIMB, SPOT, SWRM",,,,,,,,,,,,,,,,,,,,,"CAR4, MECH, NIMB, SPOT, SWRM",,,,Machine Gun (Medium),4,2,1/2/3,,,,,,,,,,,,,,,,,,,,,,,,,4x2,,,,,,,,,,,,,,,,,,
BattleArmor,Djinn Battle Armor,Djinn Battle Armor (Reflective) 'Terrorizer' [Flamer],,Djinn Battle Armor,(Reflective) 'Terrorizer' [Flamer],,10,,BattleArmor,,,,,,,,3J,1,A,2,SS,+1,6,5,10,12,AM CAR4 HT1/-/- MEC RFA,CAR4,"MECH, NIMB, SPOT, SWRM",,,,,,,,,,,,,,,,,,,,,"CAR4, MECH, NIMB, SPOT, SWRM",,,,Flamer [BA],4,2,1/2/3,,,,,,,,,,,,,,,,,,,,,,,,,4x2,,,,,,,,,,,,,,,,,,
BattleArmor,Djinn Battle Armor,Djinn Battle Armor (Reflective) 'Terrorizer' [Laser],,Djinn Battle Armor,(Reflective) 'Terrorizer' [Laser],,10,,BattleArmor,,,,,,,,3J,1,A,2,SS,+1,6,5,10,12,AM CAR4 MEC RFA,CAR4,"MECH, NIMB, SPOT, SWRM",,,,,,,,,,,,,,,,,,,,,"CAR4, MECH, NIMB, SPOT, SWRM",,,,Small Laser,4,3,1/2/3,,,,,,,,,,,,,,,,,,,,,,,,,4x3,,,,,,,,,,,,,,,,,,
BattleArmor,Djinn Battle Armor,Djinn Battle Armor (Reflective) 'Terrorizer' [MG],,Djinn Battle Armor,(Reflective) 'Terrorizer' [MG],,10,,BattleArmor,,,,,,,,3J,1,A,2,SS,+1,6,5,10,12,AM CAR4 MEC RFA,CAR4,"MECH, NIMB, SPOT, SWRM",,,,,,,,,,,,,,,,,,,,,"CAR4, MECH, NIMB, SPOT, SWRM",,,,Machine Gun (Medium),4,2,1/2/3,,,,,,,,,,,,,,,,,,,,,,,,,4x2,,,,,,,,,,,,,,,,,,
BattleArmor,Grenadier Battle Armor,Grenadier Battle Armor [TAG],,Grenadier Battle Armor,[TAG],,10,,BattleArmor,,,,,,,,2F,1,A,2,SS,0,6,5,10,12,CAR4 LTAG STL,CAR4,"MECH, NIMB, SPOT, SWRM",,,,,,,,,,STL,,,,,,,,,,,"CAR4, MECH, NIMB, SPOT, SWRM, STL",,,,SRM 4,12,2,3/6/9,,,,,,,,,,,,,,,,,,,,,,,,,12x2,,,,,,,,,,,,,,,,,,
BattleArmor,IS Standard Battle Armor,IS Standard Battle Armor (Baka) [LRR],,IS Standard Battle Armor,(Baka) [LRR],,10,,BattleArmor,,,,,,,,3J,1,A,2,SS,+1,6,5,10,12,CAR4,CAR4,"MECH, NIMB, SPOT, SWRM",,,,,,,,,,,,,,,,,,,,,"CAR4, MECH, NIMB, SPOT, SWRM",,,,BA Recoilless Rifle (Light),4,2,2/4/6,SRM 2 (OS),16,2,3/6/9,,,,,,,,,,,,,,,,,,,,,4x2,16x2,,,,,,,,,,,,,,,,,
BattleArmor,IS Standard Battle Armor,IS Standard Battle Armor (Baka) [SL],,IS Standard Battle Armor,(Baka) [SL],,10,,BattleArmor,,,,,,,,3J,1,A,2,SS,+1,6,5,10,12,CAR4,CAR4,"MECH, NIMB, SPOT, SWRM",,,,,,,,,,,,,,,,,,,,,"CAR4, MECH, NIMB, SPOT, SWRM",,,,SRM 2 (OS),16,2,3/6/9,Small Laser,4,3,1/2/3,,,,,,,,,,,,,,,,,,,,,16x2,4x3,,,,,,,,,,,,,,,,,
BattleArmor,IS Standard Battle Armor,IS Standard Battle Armor [Flamer],,IS Standard Battle Armor,[Flamer],,10,,BattleArmor,,,,,,,,3J,1,A,2,SS,+1,6,5,10,12,AM HT1/-/- CAR4 MEC,CAR4,"MECH, NIMB, SPOT, SWRM",,,,,,,,,,,,,,,,,,,,,"CAR4, MECH, NIMB, SPOT, SWRM",,,,Flamer [BA],4,2,1/2/3,,,,,,,,,,,,,,,,,,,,,,,,,4x2,,,,,,,,,,,,,,,,,,
BattleArmor,IS Standard Battle Armor,IS Standard Battle Armor [Laser],,IS Standard Battle Armor,[Laser],,10,,BattleArmor,,,,,,,,3J,1,A,2,SS,+1,6,5,10,12,AM CAR4 MEC,CAR4,"MECH, NIMB, SPOT, SWRM",,,,,,,,,,,,,,,,,,,,,"CAR4, MECH, NIMB, SPOT, SWRM",,,,Small Laser,4,3,1/2/3,,,,,,,,,,,,,,,,,,,,,,,,,4x3,,,,,,,,,,,,,,,,,,
BattleArmor,Krise PA(L),Krise PA(L),,Krise PA(L),,,10,,BattleArmor,,,,,,,,3J,0,,2,SS,+1,6,5,10,12,CAR4 MEC RCN SRCH,CAR4,"MECH, NIMB, SPOT, SWRM",,,,,,,,,,,,,,,,,,,,,"CAR4, MECH, NIMB, SPOT, SWRM",,,,,,,,,,,,,,,,,,,,,,,,,,,,,,,,,,,,,,,,,,,,,,,,,,
BattleArmor,Longinus Battle Armor,Longinus Battle Armor (Magnetic),,Longinus Battle Armor,(Magnetic),,10,,BattleArmor,,,,,,,,3J,1,A,2,SS,+1,6,5,10,12,AM CAR4 XMEC,CAR4,"MECH, NIMB, SPOT, SWRM",,,,,,,,,,,,,,,,,,,,,"CAR4, MECH, NIMB, SPOT, SWRM",,,,Machine Gun (Heavy),4,3,1/2/2,Machine Gun (Medium),4,2,1/2/3,,,,,,,,,,,,,,,,,,,,,4x3,4x2,,,,,,,,,,,,,,,,,
BattleArmor,Ogre Battle Armor,Ogre Battle Armor,,Ogre Battle Armor,,,10,,BattleArmor,,,,,,,,2F,2,AA,2,SS,0,6,5,10,12,CAR4 MEC,CAR4,"MECH, NIMB, SPOT, SWRM",,,,,,,,,,,,,,,,,,,,,"CAR4, MECH, NIMB, SPOT, SWRM",,,,SRM 2,8,2,3/6/9,,,,,,,,,,,,,,,,,,,,,,,,,8x2,,,,,,,,,,,,,,,,,,
BattleArmor,Quirinus Battle Armor,Quirinus Battle Armor [GL],,Quirinus Battle Armor,[GL],,10,,BattleArmor,,,,,,,,3J,1,A,2,SS,+1,6,5,10,12,AM CAR4 LTAG MEC RCA,CAR4,"MECH, NIMB, SPOT, SWRM",,,,,,,,,,,,,,,,,,,,,"CAR4, MECH, NIMB, SPOT, SWRM",,,,Grenade Launcher (Heavy),4,1,1/2/3,,,,,,,,,,,,,,,,,,,,,,,,,4x1,,,,,,,,,,,,,,,,,,
BattleArmor,Quirinus Battle Armor,Quirinus Battle Armor [MG],,Quirinus Battle Armor,[MG],,10,,BattleArmor,,,,,,,,3J,1,A,2,SS,+1,6,5,10,12,AM CAR4 LTAG MEC RCA,CAR4,"MECH, NIMB, SPOT, SWRM",,,,,,,,,,,,,,,,,,,,,"CAR4, MECH, NIMB, SPOT, SWRM",,,,Machine Gun (Medium),4,2,1/2/3,,,,,,,,,,,,,,,,,,,,,,,,,4x2,,,,,,,,,,,,,,,,,,
BattleArmor,Raiden Battle Armor,Raiden Battle Armor [Flamer],,Raiden Battle Armor,[Flamer],,10,,BattleArmor,,,,,,,,3J,1,A,2,SS,+1,6,5,10,12,AM CAR4 HT1/-/- MEC,CAR4,"MECH, NIMB, SPOT, SWRM",,,,,,,,,,,,,,,,,,,,,"CAR4, MECH, NIMB, SPOT, SWRM",,,,Flamer [BA],4,2,1/2/3,,,,,,,,,,,,,,,,,,,,,,,,,4x2,,,,,,,,,,,,,,,,,,
BattleArmor,Raiden Battle Armor,Raiden Battle Armor [Laser],,Raiden Battle Armor,[Laser],,10,,BattleArmor,,,,,,,,3J,1,A,2,SS,+1,6,5,10,12,AM CAR4 MEC,CAR4,"MECH, NIMB, SPOT, SWRM",,,,,,,,,,,,,,,,,,,,,"CAR4, MECH, NIMB, SPOT, SWRM",,,,Small Laser,4,3,1/2/3,,,,,,,,,,,,,,,,,,,,,,,,,4x3,,,,,,,,,,,,,,,,,,
BattleArmor,Raiden Battle Armor,Raiden Battle Armor [MG],,Raiden Battle Armor,[MG],,10,,BattleArmor,,,,,,,,3J,1,A,2,SS,+1,6,5,10,12,AM CAR4 MEC,CAR4,"MECH, NIMB, SPOT, SWRM",,,,,,,,,,,,,,,,,,,,,"CAR4, MECH, NIMB, SPOT, SWRM",,,,Machine Gun (Medium),4,2,1/2/3,,,,,,,,,,,,,,,,,,,,,,,,,4x2,,,,,,,,,,,,,,,,,,
BattleArmor,Raiden II Battle Armor,Raiden II Battle Armor [Flamer],,Raiden II Battle Armor,[Flamer],,10,,BattleArmor,,,,,,,,3J,1,A,2,SS,+1,6,5,10,12,AM CAR4 HT1/-/- MEC RFA,CAR4,"MECH, NIMB, SPOT, SWRM",,,,,,,,,,,,,,,,,,,,,"CAR4, MECH, NIMB, SPOT, SWRM",,,,Flamer [BA],4,2,1/2/3,,,,,,,,,,,,,,,,,,,,,,,,,4x2,,,,,,,,,,,,,,,,,,
BattleArmor,Raiden II Battle Armor,Raiden II Battle Armor [HMG],,Raiden II Battle Armor,[HMG],,10,,BattleArmor,,,,,,,,3J,1,A,2,SS,+1,6,5,10,12,AM CAR4 MEC RFA,CAR4,"MECH, NIMB, SPOT, SWRM",,,,,,,,,,,,,,,,,,,,,"CAR4, MECH, NIMB, SPOT, SWRM",,,,Machine Gun (Heavy),4,3,1/2/2,,,,,,,,,,,,,,,,,,,,,,,,,4x3,,,,,,,,,,,,,,,,,,
BattleArmor,Simian Battle Armor,Simian Battle Armor [Flamer],,Simian Battle Armor,[Flamer],,10,,BattleArmor,,,,,,,,3J,1,A,2,SS,+1,6,5,10,12,AM CAR4 HT1/-/- MEC SRCH,CAR4,"MECH, NIMB, SPOT, SWRM",,,,,,,,,,,,,,,,,,,,,"CAR4, MECH, NIMB, SPOT, SWRM",,,,Flamer [BA],4,2,1/2/3,,,,,,,,,,,,,,,,,,,,,,,,,4x2,,,,,,,,,,,,,,,,,,
BattleArmor,Simian Battle Armor,Simian Battle Armor [Heavy MG],,Simian Battle Armor,[Heavy MG],,10,,BattleArmor,,,,,,,,3J,1,A,2,SS,+1,6,5,10,12,AM CAR4 MEC SRCH,CAR4,"MECH, NIMB, SPOT, SWRM",,,,,,,,,,,,,,,,,,,,,"CAR4, MECH, NIMB, SPOT, SWRM",,,,Machine Gun (Heavy),4,3,1/2/2,,,,,,,,,,,,,,,,,,,,,,,,,4x3,,,,,,,,,,,,,,,,,,
BattleArmor,Simian Battle Armor,Simian Battle Armor [SL],,Simian Battle Armor,[SL],,10,,BattleArmor,,,,,,,,3J,1,A,2,SS,+1,6,5,10,12,AM CAR4 MEC SRCH,CAR4,"MECH, NIMB, SPOT, SWRM",,,,,,,,,,,,,,,,,,,,,"CAR4, MECH, NIMB, SPOT, SWRM",,,,Small Laser,4,3,1/2/3,,,,,,,,,,,,,,,,,,,,,,,,,4x3,,,,,,,,,,,,,,,,,,
BattleArmor,Sloth Battle Armor,Sloth Battle Armor,,Sloth Battle Armor,,,10,,BattleArmor,,,,,,,,3F,1,A,2,SS,+1,6,5,10,12,CAR4 MDS2,CAR4,"MECH, NIMB, SPOT, SWRM",,,,,,,,,,,,,,,,,,,,,"CAR4, MECH, NIMB, SPOT, SWRM",,,,Small Laser,8,3,1/2/3,,,,,,,,,,,,,,,,,,,,,,,,,8x3,,,,,,,,,,,,,,,,,,
BattleArmor,Tengu Heavy Battle Armor,Tengu Heavy Battle Armor [Plasma],,Tengu Heavy Battle Armor,[Plasma],,10,,BattleArmor,,,,,,,,2J,2,AA,2,SS,0,6,5,10,12,CAR4 MEC,CAR4,"MECH, NIMB, SPOT, SWRM",,,,,,,,,,,,,,,,,,,,,"CAR4, MECH, NIMB, SPOT, SWRM",,,,Plasma Rifle (Man-Portable),4,2,2/4/6,,,,,,,,,,,,,,,,,,,,,,,,,4x2,,,,,,,,,,,,,,,,,,
BattleArmor,Xiphos Assault Battle Armor,Xiphos Assault Battle Armor B,,Xiphos Assault Battle Armor,B,,10,,BattleArmor,,,,,,,,2F,2,AA,2,SS,0,6,5,10,12,CAR4 RCA,CAR4,"MECH, NIMB, SPOT, SWRM",,,,,,,,,,,,,,,,,,,,,"CAR4, MECH, NIMB, SPOT, SWRM",,,,SRM 1 (OS),4,2,3/6/9,Plasma Rifle (Man-Portable),4,2,2/4/6,,,,,,,,,,,,,,,,,,,,,4x2,4x2,,,,,,,,,,,,,,,,,
BattleArmor,Zou Heavy Battle Armor,Zou Heavy Battle Armor,,Zou Heavy Battle Armor,,,10,,BattleArmor,,,,,,,,2F,1,A,2,SS,0,6,5,10,12,CAR4 MEC RFA,CAR4,"MECH, NIMB, SPOT, SWRM",,,,,,,,,,,,,,,,,,,,,"CAR4, MECH, NIMB, SPOT, SWRM",,,,Medium Laser,4,5,3/6/9,,,,,,,,,,,,,,,,,,,,,,,,,4x5,,,,,,,,,,,,,,,,,,
BattleArmor,Achileus Light Battle Armor,Achileus Light Battle Armor [Flamer],,Achileus Light Battle Armor,[Flamer],,11,,BattleArmor,,,,,,,,3J,1,A,2,SS,+1,6,5,11,13,AM CAR4 HT1/-/-MEC STL,CAR4,"MECH, NIMB, SPOT, SWRM",,,,,,,,,,STL,,,,,,,,,,,"CAR4, MECH, NIMB, SPOT, SWRM, STL",,,,Flamer [BA],4,2,1/2/3,,,,,,,,,,,,,,,,,,,,,,,,,4x2,,,,,,,,,,,,,,,,,,
BattleArmor,Achileus Light Battle Armor,Achileus Light Battle Armor [Laser],,Achileus Light Battle Armor,[Laser],,11,,BattleArmor,,,,,,,,3J,1,A,2,SS,+1,6,5,11,13,AM CAR4 MEC STL,CAR4,"MECH, NIMB, SPOT, SWRM",,,,,,,,,,STL,,,,,,,,,,,"CAR4, MECH, NIMB, SPOT, SWRM, STL",,,,Small Laser,4,3,1/2/3,,,,,,,,,,,,,,,,,,,,,,,,,4x3,,,,,,,,,,,,,,,,,,
BattleArmor,Achileus Light Battle Armor,Achileus Light Battle Armor [MG],,Achileus Light Battle Armor,[MG],,11,,BattleArmor,,,,,,,,3J,1,A,2,SS,+1,6,5,11,13,AM CAR4 MEC STL,CAR4,"MECH, NIMB, SPOT, SWRM",,,,,,,,,,STL,,,,,,,,,,,"CAR4, MECH, NIMB, SPOT, SWRM, STL",,,,,,,,,,,,,,,,,,,,,,,,,,,,,,,,,,,,,,,,,,,,,,,,,,
BattleArmor,Achileus Light Battle Armor,Achileus Light Battle Armor [TAG],,Achileus Light Battle Armor,[TAG],,11,,BattleArmor,,,,,,,,3J,1,A,2,SS,+1,6,5,11,13,AM CAR4 LTAG MEC STL,CAR4,"MECH, NIMB, SPOT, SWRM",,,,,,,,,,STL,,,,,,,,,,,"CAR4, MECH, NIMB, SPOT, SWRM, STL",,,,,,,,,,,,,,,,,,,,,,,,,,,,,,,,,,,,,,,,,,,,,,,,,,
BattleArmor,Cavalier II Battle Armor,Cavalier II Battle Armor [SRM],,Cavalier II Battle Armor,[SRM],,11,,BattleArmor,,,,,,,,4J,1,A,2,SS,+1,6,5,11,13,CAR4,CAR4,"MECH, NIMB, SPOT, SWRM",,,,,,,,,,,,,,,,,,,,,"CAR4, MECH, NIMB, SPOT, SWRM",,,,SRM 1,4,2,3/6/9,,,,,,,,,,,,,,,,,,,,,,,,,4x2,,,,,,,,,,,,,,,,,,
BattleArmor,Fa Shih Battle Armor,Fa Shih Battle Armor [MG],,Fa Shih Battle Armor,[MG],,11,,BattleArmor,,,,,,,,3J,1,A,2,SS,+1,6,5,11,13,AM CAR4 MDS2 MSW XMEC,CAR4,"MECH, NIMB, SPOT, SWRM",,,,,,,,,,,,,,,,,,,,,"CAR4, MECH, NIMB, SPOT, SWRM",,,,,,,,,,,,,,,,,,,,,,,,,,,,,,,,,,,,,,,,,,,,,,,,,,
BattleArmor,Fa Shih Battle Armor,Fa Shih Battle Armor [TAG],,Fa Shih Battle Armor,[TAG],,11,,BattleArmor,,,,,,,,3J,1,A,2,SS,+1,6,5,11,13,AM CAR4 LTAG MDS2 MSW XMEC,CAR4,"MECH, NIMB, SPOT, SWRM",,,,,,,,,,,,,,,,,,,,,"CAR4, MECH, NIMB, SPOT, SWRM",,,,,,,,,,,,,,,,,,,,,,,,,,,,,,,,,,,,,,,,,,,,,,,,,,
BattleArmor,Fa Shih Battle Armor,Fa Shih Battle Armor 2 [MG],,Fa Shih Battle Armor,2 [MG],,11,,BattleArmor,,,,,,,,3J,1,A,2,SS,+1,6,5,11,13,AM CAR4 MDS2 MSW XMEC,CAR4,"MECH, NIMB, SPOT, SWRM",,,,,,,,,,,,,,,,,,,,,"CAR4, MECH, NIMB, SPOT, SWRM",,,,,,,,,,,,,,,,,,,,,,,,,,,,,,,,,,,,,,,,,,,,,,,,,,
BattleArmor,Fenrir II Assault Battle Armor,Fenrir II Assault Battle Armor (AI),,Fenrir II Assault Battle Armor,(AI),,11,,BattleArmor,,,,,,,,3F,2,AA,2,SS,+1,6,5,11,13,CAR4,CAR4,"MECH, NIMB, SPOT, SWRM",,,,,,,,,,,,,,,,,,,,,"CAR4, MECH, NIMB, SPOT, SWRM",,,,Machine Gun (Bearhunter AC),8,3,1/2/3,Machine Gun (Medium),8,2,1/2/3,,,,,,,,,,,,,,,,,,,,,8x3,8x2,,,,,,,,,,,,,,,,,
BattleArmor,Grenadier Battle Armor,Grenadier Battle Armor (Hunter-Killer) [NARC],,Grenadier Battle Armor,(Hunter-Killer) [NARC],,11,,BattleArmor,,,,,,,,2F,1,A,2,SS,0,6,5,11,13,CAR4 CNARC STL,CAR4,"MECH, NIMB, SPOT, SWRM",,,,,,,,,,STL,,,,,,,,,,,"CAR4, MECH, NIMB, SPOT, SWRM, STL",,,,Needler (Firedrake),4,1,1/2/3,SRM 5,16,2,3/6/9,,,,,,,,,,,,,,,,,,,,,4x1,16x2,,,,,,,,,,,,,,,,,
BattleArmor,Grenadier Battle Armor,Grenadier Battle Armor [SRM/SL],,Grenadier Battle Armor,[SRM/SL],,11,,BattleArmor,,,,,,,,2F,1,A,2,SS,0,6,5,11,13,CAR4 STL,CAR4,"MECH, NIMB, SPOT, SWRM",,,,,,,,,,STL,,,,,,,,,,,"CAR4, MECH, NIMB, SPOT, SWRM, STL",,,,Small Laser,4,3,1/2/3,SRM 4,12,2,3/6/9,,,,,,,,,,,,,,,,,,,,,4x3,12x2,,,,,,,,,,,,,,,,,
BattleArmor,Hauberk II Battle Armor,Hauberk II Battle Armor,,Hauberk II Battle Armor,,,11,,BattleArmor,,,,,,,,1F,1,A,2,SS,0,6,5,11,13,CAR4 STL,CAR4,"MECH, NIMB, SPOT, SWRM",,,,,,,,,,STL,,,,,,,,,,,"CAR4, MECH, NIMB, SPOT, SWRM, STL",,,,Small Pulse Laser,4,3,1/2/3,Gauss Rifle [Magshot],8,2,3/6/9,,,,,,,,,,,,,,,,,,,,,4x3,8x2,,,,,,,,,,,,,,,,,
BattleArmor,Infiltrator Mk. II Battle Armor,Infiltrator Mk. II Battle Armor (Marine),,Infiltrator Mk. II Battle Armor,(Marine),,11,,BattleArmor,,,,,,,,3J,1,A,2,SS,+1,6,5,11,13,AM CAR4 SOA STL XMEC,CAR4,"MECH, NIMB, SPOT, SWRM",,,,,,,,,,STL,,,,,,,,,,,"CAR4, MECH, NIMB, SPOT, SWRM, STL",,,,Micro Pulse Laser,4,3,1/2/3,,,,,,,,,,,,,,,,,,,,,,,,,4x3,,,,,,,,,,,,,,,,,,
BattleArmor,Kage Light Battle Armor,Kage Light Battle Armor (Space),,Kage Light Battle Armor,(Space),,11,,BattleArmor,,,,,,,,4J,1,A,2,SS,+1,6,5,11,13,AM CAR4 MEC SOA STL,CAR4,"MECH, NIMB, SPOT, SWRM",,,,,,,,,,STL,,,,,,,,,,,"CAR4, MECH, NIMB, SPOT, SWRM, STL",,,,,,,,,,,,,,,,,,,,,,,,,,,,,,,,,,,,,,,,,,,,,,,,,,
BattleArmor,Kage Light Battle Armor,Kage Light Battle Armor (Vibro-Claw),,Kage Light Battle Armor,(Vibro-Claw),,11,,BattleArmor,,,,,,,,4J,1,A,2,SS,+1,6,5,11,13,AM CAR4 MEC STL,CAR4,"MECH, NIMB, SPOT, SWRM",,,,,,,,,,STL,,,,,,,,,,,"CAR4, MECH, NIMB, SPOT, SWRM, STL",,,,,,,,,,,,,,,,,,,,,,,,,,,,,,,,,,,,,,,,,,,,,,,,,,
BattleArmor,Kage Light Battle Armor,Kage Light Battle Armor [ECM],,Kage Light Battle Armor,[ECM],,11,,BattleArmor,,,,,,,,4J,1,A,2,SS,+1,6,5,11,13,AM CAR4 LECM MEC STL,CAR4,"MECH, NIMB, SPOT, SWRM",,,,ECM2,,,,,,STL,,,,,,,,,,,"CAR4, MECH, NIMB, SPOT, SWRM, ECM2, STL",,,,,,,,,,,,,,,,,,,,,,,,,,,,,,,,,,,,,,,,,,,,,,,,,,
BattleArmor,Kage Light Battle Armor,Kage Light Battle Armor [Flamer],,Kage Light Battle Armor,[Flamer],,11,,BattleArmor,,,,,,,,4J,1,A,2,SS,+1,6,5,11,13,AM CAR4 MEC STL,CAR4,"MECH, NIMB, SPOT, SWRM",,,,,,,,,,STL,,,,,,,,,,,"CAR4, MECH, NIMB, SPOT, SWRM, STL",,,,Flamer [BA],4,2,1/2/3,,,,,,,,,,,,,,,,,,,,,,,,,4x2,,,,,,,,,,,,,,,,,,
BattleArmor,Kage Light Battle Armor,Kage Light Battle Armor [Laser],,Kage Light Battle Armor,[Laser],,11,,BattleArmor,,,,,,,,4J,1,A,2,SS,+1,6,5,11,13,AM CAR4 MEC STL,CAR4,"MECH, NIMB, SPOT, SWRM",,,,,,,,,,STL,,,,,,,,,,,"CAR4, MECH, NIMB, SPOT, SWRM, STL",,,,Small Laser,4,3,1/2/3,,,,,,,,,,,,,,,,,,,,,,,,,4x3,,,,,,,,,,,,,,,,,,
BattleArmor,Kage Light Battle Armor,Kage Light Battle Armor [MG],,Kage Light Battle Armor,[MG],,11,,BattleArmor,,,,,,,,4J,1,A,2,SS,+1,6,5,11,13,AM CAR4 MEC STL,CAR4,"MECH, NIMB, SPOT, SWRM",,,,,,,,,,STL,,,,,,,,,,,"CAR4, MECH, NIMB, SPOT, SWRM, STL",,,,Machine Gun (Medium),4,2,1/2/3,,,,,,,,,,,,,,,,,,,,,,,,,4x2,,,,,,,,,,,,,,,,,,
BattleArmor,Kage Light Battle Armor,Kage Light Battle Armor [TAG],,Kage Light Battle Armor,[TAG],,11,,BattleArmor,,,,,,,,4J,1,A,2,SS,+1,6,5,11,13,AM CAR4 LTAG MEC STL,CAR4,"MECH, NIMB, SPOT, SWRM",,,,,,,,,,STL,,,,,,,,,,,"CAR4, MECH, NIMB, SPOT, SWRM, STL",,,,,,,,,,,,,,,,,,,,,,,,,,,,,,,,,,,,,,,,,,,,,,,,,,
BattleArmor,Kobold Battle Armor,Kobold Battle Armor [MicroGL/Flamer],,Kobold Battle Armor,[MicroGL/Flamer],,11,,BattleArmor,,,,,,,,3J,1,A,2,SS,+1,6,5,11,13,AM CAR4 MEC STL,CAR4,"MECH, NIMB, SPOT, SWRM",,,,,,,,,,STL,,,,,,,,,,,"CAR4, MECH, NIMB, SPOT, SWRM, STL",,,,Grenade Launcher (Micro),4,1,1/2/2,Flamer [BA],4,2,1/2/3,,,,,,,,,,,,,,,,,,,,,4x1,4x2,,,,,,,,,,,,,,,,,
BattleArmor,Kobold Battle Armor,Kobold Battle Armor [MicroGL/SPL],,Kobold Battle Armor,[MicroGL/SPL],,11,,BattleArmor,,,,,,,,3J,1,A,2,SS,+1,6,5,11,13,AM CAR4 MEC STL,CAR4,"MECH, NIMB, SPOT, SWRM",,,,,,,,,,STL,,,,,,,,,,,"CAR4, MECH, NIMB, SPOT, SWRM, STL",,,,Grenade Launcher (Micro),4,1,1/2/2,Small Pulse Laser,4,3,1/2/3,,,,,,,,,,,,,,,,,,,,,4x1,4x3,,,,,,,,,,,,,,,,,
BattleArmor,Kobold Battle Armor,Kobold Battle Armor [MicroGL/TAG],,Kobold Battle Armor,[MicroGL/TAG],,11,,BattleArmor,,,,,,,,3J,1,A,2,SS,+1,6,5,11,13,AM CAR4 LTAG MEC STL,CAR4,"MECH, NIMB, SPOT, SWRM",,,,,,,,,,STL,,,,,,,,,,,"CAR4, MECH, NIMB, SPOT, SWRM, STL",,,,Grenade Launcher (Micro),4,1,1/2/2,,,,,,,,,,,,,,,,,,,,,,,,,4x1,,,,,,,,,,,,,,,,,,
BattleArmor,Kobold Battle Armor,Kobold Battle Armor [SL/Flamer],,Kobold Battle Armor,[SL/Flamer],,11,,BattleArmor,,,,,,,,3J,1,A,2,SS,+1,6,5,11,13,AM CAR4 MEC STL,CAR4,"MECH, NIMB, SPOT, SWRM",,,,,,,,,,STL,,,,,,,,,,,"CAR4, MECH, NIMB, SPOT, SWRM, STL",,,,Small Laser,4,3,1/2/3,Flamer [BA],4,2,1/2/3,,,,,,,,,,,,,,,,,,,,,4x3,4x2,,,,,,,,,,,,,,,,,
BattleArmor,Phalanx Battle Armor,Phalanx Battle Armor (A),,Phalanx Battle Armor,(A),,11,,BattleArmor,,,,,,,,2F,1,A,2,SS,0,6,5,11,13,CAR4 MEC STL,CAR4,"MECH, NIMB, SPOT, SWRM",,,,,,,,,,STL,,,,,,,,,,,"CAR4, MECH, NIMB, SPOT, SWRM, STL",,,,SRM 4,12,2,3/6/9,Gauss Rifle [King David],4,1,3/6/9,,,,,,,,,,,,,,,,,,,,,12x2,4x1,,,,,,,,,,,,,,,,,
BattleArmor,Raiden Battle Armor,Raiden Battle Armor (Anti-Infantry),,Raiden Battle Armor,(Anti-Infantry),,11,,BattleArmor,,,,,,,,3J,1,A,2,SS,+1,6,5,11,13,AM CAR4 HT1/-/- MEC,CAR4,"MECH, NIMB, SPOT, SWRM",,,,,,,,,,,,,,,,,,,,,"CAR4, MECH, NIMB, SPOT, SWRM",,,,Machine Gun (Medium),4,2,1/2/3,Flamer [BA],4,2,1/2/3,,,,,,,,,,,,,,,,,,,,,4x2,4x2,,,,,,,,,,,,,,,,,
BattleArmor,Resgate PA(L),Resgate PA(L) (Scout),,Resgate PA(L),(Scout),,9,,BattleArmor,,,,,,,,3J,0,,2,SS,+1,5,4,11,13,CAR4 FR RCN,CAR4,"MECH, NIMB, SPOT, SWRM",,,,,,,,,,,,,,,,,,,,,"CAR4, MECH, NIMB, SPOT, SWRM",,,,,,,,,,,,,,,,,,,,,,,,,,,,,,,,,,,,,,,,,,,,,,,,,,
BattleArmor,Rogue Bear Heavy Battle Armor,Rogue Bear Heavy Battle Armor (Hybrid),,Rogue Bear Heavy Battle Armor,(Hybrid),,11,,BattleArmor,,,,,,,,3J,1,A,2,SS,+1,6,5,11,13,CAR4 LMAS MEC STL,CAR4,"MECH, NIMB, SPOT, SWRM",,,,,,,,,,STL,,,,,,,,,,,"CAR4, MECH, NIMB, SPOT, SWRM, STL",,,,Machine Gun (Medium),10,2,1/2/3,,,,,,,,,,,,,,,,,,,,,,,,,10x2,,,,,,,,,,,,,,,,,,
BattleArmor,Rogue Bear Heavy Battle Armor,Rogue Bear Heavy Battle Armor HR,,Rogue Bear Heavy Battle Armor,HR,,11,,BattleArmor,,,,,,,,3J,1,A,2,SS,+1,6,5,11,13,CAR4 LMAS MEC STL,CAR4,"MECH, NIMB, SPOT, SWRM",,,,,,,,,,STL,,,,,,,,,,,"CAR4, MECH, NIMB, SPOT, SWRM, STL",,,,Machine Gun (Medium),5,2,1/2/3,,,,,,,,,,,,,,,,,,,,,,,,,5x2,,,,,,,,,,,,,,,,,,
BattleArmor,Rottweiler Battle Armor,Rottweiler Battle Armor (Firedrake),,Rottweiler Battle Armor,(Firedrake),,11,,BattleArmor,,,,,,,,5F,1,A,2,SS,+2,6,5,11,13,CAR4 STL,CAR4,"MECH, NIMB, SPOT, SWRM",,,,,,,,,,STL,,,,,,,,,,,"CAR4, MECH, NIMB, SPOT, SWRM, STL",,,,Needler (Firedrake),16,1,1/2/3,,,,,,,,,,,,,,,,,,,,,,,,,16x1,,,,,,,,,,,,,,,,,,
BattleArmor,Se'irim Medium Battle Armor,Se'irim Medium Battle Armor (Anti-Infantry),,Se'irim Medium Battle Armor,(Anti-Infantry),,11,,BattleArmor,,,,,,,,3F,1,A,2,SS,+1,6,5,11,13,AM CAR4 HT1/-/-MEC STL,CAR4,"MECH, NIMB, SPOT, SWRM",,,,,,,,,,STL,,,,,,,,,,,"CAR4, MECH, NIMB, SPOT, SWRM, STL",,,,Flamer [BA],4,2,1/2/3,,,,,,,,,,,,,,,,,,,,,,,,,4x2,,,,,,,,,,,,,,,,,,
BattleArmor,Tengu Heavy Battle Armor,Tengu Heavy Battle Armor (Support)[LRR],,Tengu Heavy Battle Armor,(Support)[LRR],,11,,BattleArmor,,,,,,,,2J,2,AA,2,SS,0,6,5,11,13,CAR4 MEC,CAR4,"MECH, NIMB, SPOT, SWRM",,,,,,,,,,,,,,,,,,,,,"CAR4, MECH, NIMB, SPOT, SWRM",,,,BA Recoilless Rifle (Light),4,2,2/4/6,SRM 3 (OS),12,2,3/6/9,,,,,,,,,,,,,,,,,,,,,4x2,12x2,,,,,,,,,,,,,,,,,
BattleArmor,Trinity Medium Battle Armor,Trinity Medium Battle Armor (Asterion)[PPC],,Trinity Medium Battle Armor,(Asterion)[PPC],,11,,BattleArmor,,,,,,,,3F,1,A,2,SS,+1,6,5,11,13,AM CAR4 MEC,CAR4,"MECH, NIMB, SPOT, SWRM",,,,,,,,,,,,,,,,,,,,,"CAR4, MECH, NIMB, SPOT, SWRM",,,,Support PPC,4,2,2/5/7,,,,,,,,,,,,,,,,,,,,,,,,,4x2,,,,,,,,,,,,,,,,,,
BattleArmor,Trinity Medium Battle Armor,Trinity Medium Battle Armor (Theseus RL)[LRR],,Trinity Medium Battle Armor,(Theseus RL)[LRR],,11,,BattleArmor,,,,,,,,3F,1,A,2,SS,+1,6,5,11,13,AM CAR4 MEC,CAR4,"MECH, NIMB, SPOT, SWRM",,,,,,,,,,,,,,,,,,,,,"CAR4, MECH, NIMB, SPOT, SWRM",,,,BA Recoilless Rifle (Light),4,2,2/4/6,Rocket Launcher 1,4,1,3/7/12,,,,,,,,,,,,,,,,,,,,,4x2,4x1,,,,,,,,,,,,,,,,,
BattleArmor,Black Wolf Battle Armor,Black Wolf Battle Armor [ERSPL],,Black Wolf Battle Armor,[ERSPL],,10,,BattleArmor,,,,,,,,1J,1,A,2,SS,0,5,4,12,14,CAR4 MEC RCA,CAR4,"MECH, NIMB, SPOT, SWRM",,,,,,,,,,,,,,,,,,,,,"CAR4, MECH, NIMB, SPOT, SWRM",,,,ER Small Pulse Laser,5,5,2/4/6,,,,,,,,,,,,,,,,,,,,,,,,,5x5,,,,,,,,,,,,,,,,,,
BattleArmor,Black Wolf Battle Armor,Black Wolf Battle Armor [LBX],,Black Wolf Battle Armor,[LBX],,10,,BattleArmor,,,,,,,,1J,1,A,2,SS,0,5,4,12,14,CAR4 FLK1/1/- MEC RCA,CAR4,"MECH, NIMB, SPOT, SWRM",,,,,,,,,,,,,,,,,,,,,"CAR4, MECH, NIMB, SPOT, SWRM",,,,Battle Armor LB-X AC,5,1,2/5/8,,,,,,,,,,,,,,,,,,,,,,,,,5x1,,,,,,,,,,,,,,,,,,
BattleArmor,Constable Pacification Suit,Constable Pacification Suit [ECM],,Constable Pacification Suit,[ECM],,10,,BattleArmor,,,,,,,,3J,1,A,2,SS,+1,5,4,12,14,AM CAR4 LECM MEC,CAR4,"MECH, NIMB, SPOT, SWRM",,,,ECM2,,,,,,,,,,,,,,,,,"CAR4, MECH, NIMB, SPOT, SWRM, ECM2",,,,Grenade Launcher (Heavy),10,1,1/2/3,,,,,,,,,,,,,,,,,,,,,,,,,10x1,,,,,,,,,,,,,,,,,,
BattleArmor,Constable Pacification Suit,Constable Pacification Suit [TAG],,Constable Pacification Suit,[TAG],,10,,BattleArmor,,,,,,,,3J,1,A,2,SS,+1,5,4,12,14,AM CAR4 LTAG MEC,CAR4,"MECH, NIMB, SPOT, SWRM",,,,,,,,,,,,,,,,,,,,,"CAR4, MECH, NIMB, SPOT, SWRM",,,,Grenade Launcher (Heavy),10,1,1/2/3,,,,,,,,,,,,,,,,,,,,,,,,,10x1,,,,,,,,,,,,,,,,,,
BattleArmor,Elemental Battle Armor,Elemental Battle Armor (Space) [MicroPL],,Elemental Battle Armor,(Space) [MicroPL],,10,,BattleArmor,,,,,,,,3J,1,A,2,SS,+1,5,4,12,14,AM CAR4 MEC SOA,CAR4,"MECH, NIMB, SPOT, SWRM",,,,,,,,,,,,,,,,,,,,,"CAR4, MECH, NIMB, SPOT, SWRM",,,,Micro Pulse Laser,5,3,1/2/3,,,,,,,,,,,,,,,,,,,,,,,,,5x3,,,,,,,,,,,,,,,,,,
BattleArmor,Fa Shih Battle Armor,Fa Shih Battle Armor [Flamer],,Fa Shih Battle Armor,[Flamer],,12,,BattleArmor,,,,,,,,3J,1,A,2,SS,+1,6,5,12,14,AM CAR4 HT1/-/- MDS2 MSW XMEC,CAR4,"MECH, NIMB, SPOT, SWRM",,,,,,,,,,,,,,,,,,,,,"CAR4, MECH, NIMB, SPOT, SWRM",,,,Flamer [BA],4,2,1/2/3,,,,,,,,,,,,,,,,,,,,,,,,,4x2,,,,,,,,,,,,,,,,,,
BattleArmor,Fa Shih Battle Armor,Fa Shih Battle Armor [Laser],,Fa Shih Battle Armor,[Laser],,12,,BattleArmor,,,,,,,,3J,1,A,2,SS,+1,6,5,12,14,AM CAR4 MDS2 MSW XMEC,CAR4,"MECH, NIMB, SPOT, SWRM",,,,,,,,,,,,,,,,,,,,,"CAR4, MECH, NIMB, SPOT, SWRM",,,,Small Laser,4,3,1/2/3,,,,,,,,,,,,,,,,,,,,,,,,,4x3,,,,,,,,,,,,,,,,,,
BattleArmor,Fusilier Battle Armor,Fusilier Battle Armor (Upgrade),,Fusilier Battle Armor,(Upgrade),,12,,BattleArmor,,,,,,,,1J,2,AA,2,SS,0,6,5,12,14,CAR4 RFA,CAR4,"MECH, NIMB, SPOT, SWRM",,,,,,,,,,,,,,,,,,,,,"CAR4, MECH, NIMB, SPOT, SWRM",,,,Plasma Rifle (Man-Portable),4,2,2/4/6,Machine Gun (Light),4,1,2/4/6,,,,,,,,,,,,,,,,,,,,,4x2,4x1,,,,,,,,,,,,,,,,,
BattleArmor,Gray Death Scout Suit,Gray Death Scout Suit,,Gray Death Scout Suit,,,12,,BattleArmor,,,,,,,,2F,1,A,2,SS,0,6,5,12,14,CAR4 MEC RCN,CAR4,"MECH, NIMB, SPOT, SWRM",,,,,,,,,,,,,,,,,,,,,"CAR4, MECH, NIMB, SPOT, SWRM",,,,,,,,,,,,,,,,,,,,,,,,,,,,,,,,,,,,,,,,,,,,,,,,,,
BattleArmor,Gray Death Scout Suit,Gray Death Scout Suit 'The Willow Wisps',,Gray Death Scout Suit,The Willow Wisps',,12,,BattleArmor,,,,,,,,4J,1,A,2,SS,+1,6,5,12,14,AM CAR4 MEC STL,CAR4,"MECH, NIMB, SPOT, SWRM",,,,,,,,,,STL,,,,,,,,,,,"CAR4, MECH, NIMB, SPOT, SWRM, STL",,,,Micro Pulse Laser,4,3,1/2/3,,,,,,,,,,,,,,,,,,,,,,,,,4x3,,,,,,,,,,,,,,,,,,
BattleArmor,Grenadier Battle Armor,Grenadier Battle Armor [Flamer],,Grenadier Battle Armor,[Flamer],,12,,BattleArmor,,,,,,,,2F,1,A,2,SS,0,6,5,12,14,CAR4 HT1/-/- STL,CAR4,"MECH, NIMB, SPOT, SWRM",,,,,,,,,,STL,,,,,,,,,,,"CAR4, MECH, NIMB, SPOT, SWRM, STL",,,,Flamer [BA],4,2,1/2/3,SRM 4,12,2,3/6/9,,,,,,,,,,,,,,,,,,,,,4x2,12x2,,,,,,,,,,,,,,,,,
BattleArmor,Kage Light Battle Armor,Kage Light Battle Armor (DEST),,Kage Light Battle Armor,(DEST),,12,,BattleArmor,,,,,,,,3J,1,A,2,SS,+1,6,5,12,14,AM CAR4 LECM MEC STL,CAR4,"MECH, NIMB, SPOT, SWRM",,,,ECM2,,,,,,STL,,,,,,,,,,,"CAR4, MECH, NIMB, SPOT, SWRM, ECM2, STL",,,,Small Laser,4,3,1/2/3,,,,,,,,,,,,,,,,,,,,,,,,,4x3,,,,,,,,,,,,,,,,,,
BattleArmor,Kanazuchi Assault Battle Armor,Kanazuchi Assault Battle Armor (Upgrade) [Battle Claw],,Kanazuchi Assault Battle Armor,(Upgrade) [Battle Claw],,12,,BattleArmor,,,,,,,,1F,2,AA,2,SS,0,6,5,12,14,CAR4,CAR4,"MECH, NIMB, SPOT, SWRM",,,,,,,,,,,,,,,,,,,,,"CAR4, MECH, NIMB, SPOT, SWRM",,,,Support PPC,8,2,2/5/7,MRM 1,2,5,3/8/15,,,,,,,,,,,,,,,,,,,,,8x2,2x5,,,,,,,,,,,,,,,,,
BattleArmor,Kanazuchi Assault Battle Armor,Kanazuchi Assault Battle Armor [Battle Claw],,Kanazuchi Assault Battle Armor,[Battle Claw],,12,,BattleArmor,,,,,,,,1F,2,AA,2,SS,0,6,5,12,14,CAR4,CAR4,"MECH, NIMB, SPOT, SWRM",,,,,,,,,,,,,,,,,,,,,"CAR4, MECH, NIMB, SPOT, SWRM",,,,Medium Laser,4,5,3/6/9,SRM 2 (OS),16,2,3/6/9,,,,,,,,,,,,,,,,,,,,,4x5,16x2,,,,,,,,,,,,,,,,,
BattleArmor,Kanazuchi Assault Battle Armor,Kanazuchi Assault Battle Armor [Industrial Drill],,Kanazuchi Assault Battle Armor,[Industrial Drill],,12,,BattleArmor,,,,,,,,1F,2,AA,2,SS,0,6,5,12,14,CAR4,CAR4,"MECH, NIMB, SPOT, SWRM",,,,,,,,,,,,,,,,,,,,,"CAR4, MECH, NIMB, SPOT, SWRM",,,,Medium Laser,4,5,3/6/9,SRM 2 (OS),16,2,3/6/9,,,,,,,,,,,,,,,,,,,,,4x5,16x2,,,,,,,,,,,,,,,,,
BattleArmor,Kanazuchi Assault Battle Armor,Kanazuchi Assault Battle Armor [Salvage Arm],,Kanazuchi Assault Battle Armor,[Salvage Arm],,12,,BattleArmor,,,,,,,,1F,2,AA,2,SS,0,6,5,12,14,CAR4,CAR4,"MECH, NIMB, SPOT, SWRM",,,,,,,,,,,,,,,,,,,,,"CAR4, MECH, NIMB, SPOT, SWRM",,,,Medium Laser,4,5,3/6/9,SRM 2 (OS),16,2,3/6/9,,,,,,,,,,,,,,,,,,,,,4x5,16x2,,,,,,,,,,,,,,,,,
BattleArmor,Kobold Battle Armor,Kobold Battle Armor [SL/TAG],,Kobold Battle Armor,[SL/TAG],,12,,BattleArmor,,,,,,,,3J,1,A,2,SS,+1,6,5,12,14,AM CAR4 LTAG MEC STL,CAR4,"MECH, NIMB, SPOT, SWRM",,,,,,,,,,STL,,,,,,,,,,,"CAR4, MECH, NIMB, SPOT, SWRM, STL",,,,Small Laser,4,3,1/2/3,,,,,,,,,,,,,,,,,,,,,,,,,4x3,,,,,,,,,,,,,,,,,,
BattleArmor,Longinus Battle Armor,Longinus Battle Armor 'Hacked' [MG],,Longinus Battle Armor,Hacked' [MG],,12,,BattleArmor,,,,,,,,2J,1,A,2,SS,0,6,5,12,14,AM CAR4 C3I MEC MHQ2,CAR4,"MECH, NIMB, SPOT, SWRM",,,,,,,,,,,,,,,,,,,,,"CAR4, MECH, NIMB, SPOT, SWRM",,,,Machine Gun (Medium),4,2,1/2/3,,,,,,,,,,,,,,,,,,,,,,,,,4x2,,,,,,,,,,,,,,,,,,
BattleArmor,Marauder Battle Armor,Marauder Battle Armor,,Marauder Battle Armor,,,12,,BattleArmor,,,,,,,,1F,1,A,2,SS,0,6,5,12,14,CAR4 LTAG XMEC,CAR4,"MECH, NIMB, SPOT, SWRM",,,,,,,,,,,,,,,,,,,,,"CAR4, MECH, NIMB, SPOT, SWRM",,,,Support PPC,8,2,2/5/7,BA Recoilless Rifle (Light),4,2,2/4/6,,,,,,,,,,,,,,,,,,,,,8x2,4x2,,,,,,,,,,,,,,,,,
BattleArmor,Oni Battle Armor,Oni Battle Armor [PPC],,Oni Battle Armor,[PPC],,12,,BattleArmor,,,,,,,,3F,1,A,2,SS,+1,6,5,12,14,AM CAR4 FR LECM MEC,CAR4,"MECH, NIMB, SPOT, SWRM",,,,ECM2,,,,,,,,,,,,,,,,,"CAR4, MECH, NIMB, SPOT, SWRM, ECM2",,,,Support PPC,4,2,2/5/7,,,,,,,,,,,,,,,,,,,,,,,,,4x2,,,,,,,,,,,,,,,,,,
BattleArmor,Phalanx Battle Armor,Phalanx Battle Armor (D),,Phalanx Battle Armor,(D),,12,,BattleArmor,,,,,,,,2F,1,A,2,SS,0,6,5,12,14,CAR4 MEC STL,CAR4,"MECH, NIMB, SPOT, SWRM",,,,,,,,,,STL,,,,,,,,,,,"CAR4, MECH, NIMB, SPOT, SWRM, STL",,,,Medium VSP Laser,4,7,2/5/9,,,,,,,,,,,,,,,,,,,,,,,,,4x7,,,,,,,,,,,,,,,,,,
BattleArmor,Ravager Assault Battle Armor,Ravager Assault Battle Armor,,Ravager Assault Battle Armor,,,12,,BattleArmor,,,,,,,,2F,2,AA,2,SS,0,6,5,12,14,CAR4,CAR4,"MECH, NIMB, SPOT, SWRM",,,,,,,,,,,,,,,,,,,,,"CAR4, MECH, NIMB, SPOT, SWRM",,,,BA Recoilless Rifle (Heavy),4,3,3/5/7,Rocket Launcher 1,4,1,3/7/12,,,,,,,,,,,,,,,,,,,,,4x3,4x1,,,,,,,,,,,,,,,,,
BattleArmor,Shen Long Battle Armor,Shen Long Battle Armor [MG],,Shen Long Battle Armor,[MG],,12,,BattleArmor,,,,,,,,4F,1,A,2,SS,+1,6,5,12,14,CAR4 MAS,CAR4,"MECH, NIMB, SPOT, SWRM",,,,,,,,,,,,,,,,,,,,,"CAR4, MECH, NIMB, SPOT, SWRM",,,,Machine Gun (Medium),16,2,1/2/3,,,,,,,,,,,,,,,,,,,,,,,,,16x2,,,,,,,,,,,,,,,,,,
BattleArmor,Shen Long Battle Armor,Shen Long Battle Armor [Pop-Up Mine],,Shen Long Battle Armor,[Pop-Up Mine],,12,,BattleArmor,,,,,,,,4F,1,A,2,SS,+1,6,5,12,14,CAR4 MAS MDS2,CAR4,"MECH, NIMB, SPOT, SWRM",,,,,,,,,,,,,,,,,,,,,"CAR4, MECH, NIMB, SPOT, SWRM",,,,Grenade Launcher (Heavy),8,1,1/2/3,,,,,,,,,,,,,,,,,,,,,,,,,8x1,,,,,,,,,,,,,,,,,,
BattleArmor,Sylph Battle Armor,Sylph Battle Armor (Enhanced),,Sylph Battle Armor,(Enhanced),,10,,BattleArmor,,,,,,,,5F,1,A,2,SS,+2,5,4,12,14,AM CAR4 MEC,CAR4,"MECH, NIMB, SPOT, SWRM",,,,,,,,,,,,,,,,,,,,,"CAR4, MECH, NIMB, SPOT, SWRM",,,,ER Micro Laser,5,2,1/2/4,,,,,,,,,,,,,,,,,,,,,,,,,5x2,,,,,,,,,,,,,,,,,,
BattleArmor,Trinity Medium Battle Armor,Trinity Medium Battle Armor (Asterion Upgrade)[PPC],,Trinity Medium Battle Armor,(Asterion Upgrade)[PPC],,12,,BattleArmor,,,,,,,,3F,1,A,2,SS,+1,6,5,12,14,AM CAR4 MEC,CAR4,"MECH, NIMB, SPOT, SWRM",,,,,,,,,,,,,,,,,,,,,"CAR4, MECH, NIMB, SPOT, SWRM",,,,Machine Gun (Medium),4,2,1/2/3,Support PPC,4,2,2/5/7,,,,,,,,,,,,,,,,,,,,,4x2,4x2,,,,,,,,,,,,,,,,,
BattleArmor,Void Medium Battle Armor,Void Medium Battle Armor (DCA),,Void Medium Battle Armor,(DCA),,12,,BattleArmor,,,,,,,,4J,1,A,2,SS,+1,6,5,12,14,AM CAR4 MEC STL,CAR4,"MECH, NIMB, SPOT, SWRM",,,,,,,,,,STL,,,,,,,,,,,"CAR4, MECH, NIMB, SPOT, SWRM, STL",,,,Small Laser,4,3,1/2/3,,,,,,,,,,,,,,,,,,,,,,,,,4x3,,,,,,,,,,,,,,,,,,
BattleArmor,Wraith Battle Armor,Wraith Battle Armor (Anti-Infantry),,Wraith Battle Armor,(Anti-Infantry),,12,,BattleArmor,,,,,,,,3J,1,A,2,SS,+1,6,5,12,14,AM CAR4 MEC RCA RCN,CAR4,"MECH, NIMB, SPOT, SWRM",,,,,,,,,,,,,,,,,,,,,"CAR4, MECH, NIMB, SPOT, SWRM",,,,Needler (Firedrake),10,1,1/2/3,,,,,,,,,,,,,,,,,,,,,,,,,10x1,,,,,,,,,,,,,,,,,,
BattleArmor,Xiphos Assault Battle Armor,Xiphos Assault Battle Armor A,,Xiphos Assault Battle Armor,A,,12,,BattleArmor,,,,,,,,2F,2,AA,2,SS,0,6,5,12,14,CAR4 RCA,CAR4,"MECH, NIMB, SPOT, SWRM",,,,,,,,,,,,,,,,,,,,,"CAR4, MECH, NIMB, SPOT, SWRM",,,,BA Recoilless Rifle (Light),4,2,2/4/6,Gauss Rifle [Magshot],4,2,3/6/9,,,,,,,,,,,,,,,,,,,,,4x2,4x2,,,,,,,,,,,,,,,,,
BattleArmor,Achileus Light Battle Armor,Achileus Light Battle Armor (WoB),,Achileus Light Battle Armor,(WoB),,13,,BattleArmor,,,,,,,,3J,1,A,2,SS,+1,6,5,13,16,AM CAR4 LECM MEC RCN STL,CAR4,"MECH, NIMB, SPOT, SWRM",,,,ECM2,,,,,,STL,,,,,,,,,,,"CAR4, MECH, NIMB, SPOT, SWRM, ECM2, STL",,,,,,,,,,,,,,,,,,,,,,,,,,,,,,,,,,,,,,,,,,,,,,,,,,
BattleArmor,Clan Medium Battle Armor,Clan Medium Battle Armor (Naval) 'Bar',,Clan Medium Battle Armor,(Naval) 'Bar',,11,,BattleArmor,,,,,,,,4J,1,A,2,SS,+1,5,4,13,16,AM CAR4 MEC SRCH,CAR4,"MECH, NIMB, SPOT, SWRM",,,,,,,,,,,,,,,,,,,,,"CAR4, MECH, NIMB, SPOT, SWRM",,,,Micro Pulse Laser,5,3,1/2/3,,,,,,,,,,,,,,,,,,,,,,,,,5x3,,,,,,,,,,,,,,,,,,
BattleArmor,Djinn Battle Armor,Djinn Battle Armor (Stealth),,Djinn Battle Armor,(Stealth),,13,,BattleArmor,,,,,,,,3J,1,A,2,SS,+1,6,5,13,16,AM CAR4 LMAS MEC,CAR4,"MECH, NIMB, SPOT, SWRM",,,,,,,,,,,,,,,,,,,,,"CAR4, MECH, NIMB, SPOT, SWRM",,,,Gauss Rifle [David],4,1,3/5/8,,,,,,,,,,,,,,,,,,,,,,,,,4x1,,,,,,,,,,,,,,,,,,
BattleArmor,Fa Shih Battle Armor,Fa Shih Battle Armor (Support) [King David],,Fa Shih Battle Armor,(Support) [King David],,13,,BattleArmor,,,,,,,,3J,1,A,2,SS,+1,6,5,13,16,AM CAR4 XMEC,CAR4,"MECH, NIMB, SPOT, SWRM",,,,,,,,,,,,,,,,,,,,,"CAR4, MECH, NIMB, SPOT, SWRM",,,,Gauss Rifle [King David],4,1,3/6/9,,,,,,,,,,,,,,,,,,,,,,,,,4x1,,,,,,,,,,,,,,,,,,
BattleArmor,Gray Death Standard Suit,Gray Death Standard Suit [LRR],,Gray Death Standard Suit,[LRR],,13,,BattleArmor,,,,,,,,3F,1,A,2,SS,+1,6,5,13,16,AM CAR4 MEC RCN,CAR4,"MECH, NIMB, SPOT, SWRM",,,,,,,,,,,,,,,,,,,,,"CAR4, MECH, NIMB, SPOT, SWRM",,,,BA Recoilless Rifle (Light),4,2,2/4/6,,,,,,,,,,,,,,,,,,,,,,,,,4x2,,,,,,,,,,,,,,,,,,
BattleArmor,Gray Death Standard Suit,Gray Death Standard Suit [SRM],,Gray Death Standard Suit,[SRM],,13,,BattleArmor,,,,,,,,3F,1,A,2,SS,+1,6,5,13,16,AM CAR4 MEC RCN,CAR4,"MECH, NIMB, SPOT, SWRM",,,,,,,,,,,,,,,,,,,,,"CAR4, MECH, NIMB, SPOT, SWRM",,,,SRM 1,4,2,3/6/9,,,,,,,,,,,,,,,,,,,,,,,,,4x2,,,,,,,,,,,,,,,,,,
BattleArmor,Grenadier Battle Armor,Grenadier Battle Armor (Hunter-Killer) [SVSP/Magshot],,Grenadier Battle Armor,(Hunter-Killer) [SVSP/Magshot],,13,,BattleArmor,,,,,,,,2F,1,A,2,SS,0,6,5,13,16,CAR4 STL,CAR4,"MECH, NIMB, SPOT, SWRM",,,,,,,,,,STL,,,,,,,,,,,"CAR4, MECH, NIMB, SPOT, SWRM, STL",,,,Small VSP Laser,4,4,2/4/6,Needler (Firedrake),4,1,1/2/3,Gauss Rifle [Magshot],4,2,3/6/9,,,,,,,,,,,,,,,,,4x4,4x1,4x2,,,,,,,,,,,,,,,,
BattleArmor,Grenadier Battle Armor,Grenadier Battle Armor [LRR],,Grenadier Battle Armor,[LRR],,13,,BattleArmor,,,,,,,,2F,1,A,2,SS,0,6,5,13,16,CAR4 STL,CAR4,"MECH, NIMB, SPOT, SWRM",,,,,,,,,,STL,,,,,,,,,,,"CAR4, MECH, NIMB, SPOT, SWRM, STL",,,,BA Recoilless Rifle (Light),4,2,2/4/6,SRM 4,12,2,3/6/9,,,,,,,,,,,,,,,,,,,,,4x2,12x2,,,,,,,,,,,,,,,,,
BattleArmor,Grenadier Battle Armor,Grenadier Battle Armor [MagShot],,Grenadier Battle Armor,[MagShot],,13,,BattleArmor,,,,,,,,2F,1,A,2,SS,0,6,5,13,16,CAR4 STL,CAR4,"MECH, NIMB, SPOT, SWRM",,,,,,,,,,STL,,,,,,,,,,,"CAR4, MECH, NIMB, SPOT, SWRM, STL",,,,Gauss Rifle [Magshot],4,2,3/6/9,SRM 4,12,2,3/6/9,,,,,,,,,,,,,,,,,,,,,4x2,12x2,,,,,,,,,,,,,,,,,
BattleArmor,Hauberk Battle Armor,Hauberk Battle Armor,,Hauberk Battle Armor,,,13,,BattleArmor,,,,,,,,1F,1,A,2,SS,0,6,5,13,16,CAR4 IF1 STL,CAR4,"MECH, NIMB, SPOT, SWRM",,,,,,,IF1,,,STL,,,,,,,,,,,"CAR4, MECH, NIMB, SPOT, SWRM, IF1, STL",,,,Small Laser,4,3,1/2/3,LRM 5,3,5,7/14/21,,,,,,,,,,,,,,,,,,,,,4x3,3x5,,,,,,,,,,,,,,,,,
BattleArmor,IS Standard Battle Armor,IS Standard Battle Armor [Magnetic],,IS Standard Battle Armor,[Magnetic],,13,,BattleArmor,,,,,,,,4J,1,A,2,SS,+1,6,5,13,16,CAR4,CAR4,"MECH, NIMB, SPOT, SWRM",,,,,,,,,,,,,,,,,,,,,"CAR4, MECH, NIMB, SPOT, SWRM",,,,Machine Gun (Medium),4,2,1/2/3,,,,,,,,,,,,,,,,,,,,,,,,,4x2,,,,,,,,,,,,,,,,,,
BattleArmor,IS Standard Battle Armor,IS Standard Battle Armor [SRM],,IS Standard Battle Armor,[SRM],,13,,BattleArmor,,,,,,,,3J,1,A,2,SS,+1,6,5,13,16,AM CAR4 MEC,CAR4,"MECH, NIMB, SPOT, SWRM",,,,,,,,,,,,,,,,,,,,,"CAR4, MECH, NIMB, SPOT, SWRM",,,,SRM 2 (OS),8,2,3/6/9,,,,,,,,,,,,,,,,,,,,,,,,,8x2,,,,,,,,,,,,,,,,,,
BattleArmor,Kopis Assault Battle Armor,Kopis Assault Battle Armor (Anti-Infantry),,Kopis Assault Battle Armor,(Anti-Infantry),,13,,BattleArmor,,,,,,,,1F,1,A,2,SS,0,6,5,13,16,CAR4 HT1/-/-,CAR4,"MECH, NIMB, SPOT, SWRM",,,,,,,,,,,,,,,,,,,,,"CAR4, MECH, NIMB, SPOT, SWRM",,,,Medium Pulse Laser,4,6,2/4/6,Flamer [BA],4,2,1/2/3,,,,,,,,,,,,,,,,,,,,,4x6,4x2,,,,,,,,,,,,,,,,,
BattleArmor,Longinus Battle Armor,Longinus Battle Armor 'Hacked' [David],,Longinus Battle Armor,Hacked' [David],,13,,BattleArmor,,,,,,,,2J,1,A,2,SS,0,6,5,13,16,AM CAR4 C3I MEC MHQ2,CAR4,"MECH, NIMB, SPOT, SWRM",,,,,,,,,,,,,,,,,,,,,"CAR4, MECH, NIMB, SPOT, SWRM",,,,Gauss Rifle [David],4,1,3/5/8,,,,,,,,,,,,,,,,,,,,,,,,,4x1,,,,,,,,,,,,,,,,,,
BattleArmor,Raiden Battle Armor,Raiden Battle Armor [MRM],,Raiden Battle Armor,[MRM],,13,,BattleArmor,,,,,,,,3J,1,A,2,SS,+1,6,5,13,16,AM CAR4 MEC,CAR4,"MECH, NIMB, SPOT, SWRM",,,,,,,,,,,,,,,,,,,,,"CAR4, MECH, NIMB, SPOT, SWRM",,,,MRM 1,1,5,3/8/15,,,,,,,,,,,,,,,,,,,,,,,,,1x5,,,,,,,,,,,,,,,,,,
BattleArmor,Raiden Battle Armor,Raiden Battle Armor [Tsunami],,Raiden Battle Armor,[Tsunami],,13,,BattleArmor,,,,,,,,3J,1,A,2,SS,+1,6,5,13,16,AM CAR4 MEC,CAR4,"MECH, NIMB, SPOT, SWRM",,,,,,,,,,,,,,,,,,,,,"CAR4, MECH, NIMB, SPOT, SWRM",,,,Gauss Rifle [Tsunami],4,1,2/4/5,,,,,,,,,,,,,,,,,,,,,,,,,4x1,,,,,,,,,,,,,,,,,,
BattleArmor,Resgate PA(L),Resgate PA(L),,Resgate PA(L),,,11,,BattleArmor,,,,,,,,3J,0,,2,SS,+1,5,4,13,16,CAR4 FR MEC RCN,CAR4,"MECH, NIMB, SPOT, SWRM",,,,,,,,,,,,,,,,,,,,,"CAR4, MECH, NIMB, SPOT, SWRM",,,,,,,,,,,,,,,,,,,,,,,,,,,,,,,,,,,,,,,,,,,,,,,,,,
BattleArmor,Resgate PA(L),Resgate PA(L) (Support),,Resgate PA(L),(Support),,11,,BattleArmor,,,,,,,,3J,0,,2,SS,+1,5,4,13,16,CAR4 FR MEC,CAR4,"MECH, NIMB, SPOT, SWRM",,,,,,,,,,,,,,,,,,,,,"CAR4, MECH, NIMB, SPOT, SWRM",,,,Machine Gun (Light),5,1,2/4/6,,,,,,,,,,,,,,,,,,,,,,,,,5x1,,,,,,,,,,,,,,,,,,
BattleArmor,Rogue Bear Heavy Battle Armor,Rogue Bear Heavy Battle Armor (Upgrade),,Rogue Bear Heavy Battle Armor,(Upgrade),,11,,BattleArmor,,,,,,,,2J,2,AA,2,SS,0,5,4,13,16,CAR4 MEC RCA,CAR4,"MECH, NIMB, SPOT, SWRM",,,,,,,,,,,,,,,,,,,,,"CAR4, MECH, NIMB, SPOT, SWRM",,,,Machine Gun (Medium),10,2,1/2/3,SRM 2,10,2,3/6/9,,,,,,,,,,,,,,,,,,,,,10x2,10x2,,,,,,,,,,,,,,,,,
BattleArmor,Rottweiler Battle Armor,Rottweiler Battle Armor,,Rottweiler Battle Armor,,,13,,BattleArmor,,,,,,,,5F,1,A,2,SS,+2,6,5,13,16,CAR4 RCN STL,CAR4,"MECH, NIMB, SPOT, SWRM",,,,,,,,,,STL,,,,,,,,,,,"CAR4, MECH, NIMB, SPOT, SWRM, STL",,,,Small Laser,4,3,1/2/3,Needler (Firedrake),4,1,1/2/3,,,,,,,,,,,,,,,,,,,,,4x3,4x1,,,,,,,,,,,,,,,,,
BattleArmor,Sea Fox Amphibious Armor,Sea Fox Amphibious Armor,,Sea Fox Amphibious Armor,,,13,,BattleArmor,,,,,,,,3F,1,A,2,SS,+1,6,5,13,16,AM CAR4 MEC STL,CAR4,"MECH, NIMB, SPOT, SWRM",,,,,,,,,,STL,,,,,,,,,,,"CAR4, MECH, NIMB, SPOT, SWRM, STL",,,,SRM 1 (OS),4,2,3/6/9,Machine Gun (Light),4,1,2/4/6,,,,,,,,,,,,,,,,,,,,,4x2,4x1,,,,,,,,,,,,,,,,,
BattleArmor,Shen Long Battle Armor,Shen Long Battle Armor [Interdictor],,Shen Long Battle Armor,[Interdictor],,13,,BattleArmor,,,,,,,,4F,1,A,2,SS,+1,6,5,13,16,CAR4 HT2/-/- LECM MAS,CAR4,"MECH, NIMB, SPOT, SWRM",,,,ECM2,,,,,,,,,,,,,,,,,"CAR4, MECH, NIMB, SPOT, SWRM, ECM2",,,,Flamer [BA],8,2,1/2/3,,,,,,,,,,,,,,,,,,,,,,,,,8x2,,,,,,,,,,,,,,,,,,
BattleArmor,Spectre Stealth Battle Armor,Spectre Stealth Battle Armor,,Spectre Stealth Battle Armor,,,13,,BattleArmor,,,,,,,,4F,1,A,2,SS,+1,6,5,13,16,AM CAR4 STL XMEC,CAR4,"MECH, NIMB, SPOT, SWRM",,,,,,,,,,STL,,,,,,,,,,,"CAR4, MECH, NIMB, SPOT, SWRM, STL",,,,Gauss Rifle [David],4,1,3/5/8,,,,,,,,,,,,,,,,,,,,,,,,,4x1,,,,,,,,,,,,,,,,,,
BattleArmor,Sylph Battle Armor,Sylph Battle Armor,,Sylph Battle Armor,,,11,,BattleArmor,,,,,,,,5V,1,A,2,SS,+2,5,4,13,16,AM ATMO BOMB1 CAR4 MEC,CAR4,"MECH, NIMB, SPOT, SWRM",,,,,,,,,,,,,,,,,,,,,"CAR4, MECH, NIMB, SPOT, SWRM",,,,Micro Pulse Laser,5,3,1/2/3,Bomb Rack (Micro),5,2,1/2/4,,,,,,,,,,,,,,,,,,,,,5x3,5x2,,,,,,,,,,,,,,,,,
BattleArmor,Sylph Battle Armor,Sylph Battle Armor (Upgrade),,Sylph Battle Armor,(Upgrade),,11,,BattleArmor,,,,,,,,5V,1,A,2,SS,+2,5,4,13,16,AM ATMO CAR4 MEC SRCH,CAR4,"MECH, NIMB, SPOT, SWRM",,,,,,,,,,,,,,,,,,,,,"CAR4, MECH, NIMB, SPOT, SWRM",,,,Machine Gun (Heavy),5,3,1/2/2,Machine Gun (Medium),5,2,1/2/3,,,,,,,,,,,,,,,,,,,,,5x3,5x2,,,,,,,,,,,,,,,,,
BattleArmor,Tengu Heavy Battle Armor,Tengu Heavy Battle Armor (SVSP),,Tengu Heavy Battle Armor,(SVSP),,13,,BattleArmor,,,,,,,,2J,2,AA,2,SS,0,6,5,13,16,CAR4 MEC,CAR4,"MECH, NIMB, SPOT, SWRM",,,,,,,,,,,,,,,,,,,,,"CAR4, MECH, NIMB, SPOT, SWRM",,,,Small VSP Laser,4,4,2/4/6,,,,,,,,,,,,,,,,,,,,,,,,,4x4,,,,,,,,,,,,,,,,,,
BattleArmor,Tengu Heavy Battle Armor,Tengu Heavy Battle Armor [ML],,Tengu Heavy Battle Armor,[ML],,13,,BattleArmor,,,,,,,,2J,2,AA,2,SS,0,6,5,13,16,CAR4 MEC,CAR4,"MECH, NIMB, SPOT, SWRM",,,,,,,,,,,,,,,,,,,,,"CAR4, MECH, NIMB, SPOT, SWRM",,,,,,,,,,,,,,,,,,,,,,,,,,,,,,,,,,,,,,,,,,,,,,,,,,
BattleArmor,Tornado PA(L),Tornado PA(L) G17,,Tornado PA(L),G17,,13,,BattleArmor,,,,,,,,7V,0,,2,SS,+3,6,5,13,16,AM ATMO CAR4 MEC STL,CAR4,"MECH, NIMB, SPOT, SWRM",,,,,,,,,,STL,,,,,,,,,,,"CAR4, MECH, NIMB, SPOT, SWRM, STL",,,,,,,,,,,,,,,,,,,,,,,,,,,,,,,,,,,,,,,,,,,,,,,,,,
BattleArmor,Undine Battle Armor,Undine Battle Armor,,Undine Battle Armor,,,11,,BattleArmor,,,,,,,,1F,1,A,2,SS,0,5,4,13,16,AM CAR4 IF0* MEC SRCH SUB,CAR4,"MECH, NIMB, SPOT, SWRM",,,,,,,,,,,,,,,,,,,,,"CAR4, MECH, NIMB, SPOT, SWRM",,,,ER Micro Laser,5,2,1/2/4,LRM 5 (OS),4,5,7/14/21,,,,,,,,,,,,,,,,,,,,,5x2,4x5,,,,,,,,,,,,,,,,,
BattleArmor,Wraith Battle Armor,Wraith Battle Armor,,Wraith Battle Armor,,,11,,BattleArmor,,,,,,,,3J,1,A,2,SS,+1,5,4,13,16,AM CAR4 MEC STL,CAR4,"MECH, NIMB, SPOT, SWRM",,,,,,,,,,STL,,,,,,,,,,,"CAR4, MECH, NIMB, SPOT, SWRM, STL",,,,Machine Gun (Medium),10,2,1/2/3,,,,,,,,,,,,,,,,,,,,,,,,,10x2,,,,,,,,,,,,,,,,,,
BattleArmor,Xiphos Assault Battle Armor,Xiphos Assault Battle Armor C,,Xiphos Assault Battle Armor,C,,13,,BattleArmor,,,,,,,,2F,2,AA,2,SS,0,6,5,13,16,CAR4 HT2/-/- RCA,CAR4,"MECH, NIMB, SPOT, SWRM",,,,,,,,,,,,,,,,,,,,,"CAR4, MECH, NIMB, SPOT, SWRM",,,,Heavy Flamer [BA],4,4,2/3/4,,,,,,,,,,,,,,,,,,,,,,,,,4x4,,,,,,,,,,,,,,,,,,
BattleArmor,Afreet Medium Battle Armor,Afreet Medium Battle Armor (Interdictor),,Afreet Medium Battle Armor,(Interdictor),,12,,BattleArmor,,,,,,,,4J,1,A,2,SS,+1,5,4,14,17,AM CAR4 FR LECM MEC,CAR4,"MECH, NIMB, SPOT, SWRM",,,,ECM2,,,,,,,,,,,,,,,,,"CAR4, MECH, NIMB, SPOT, SWRM, ECM2",,,,Machine Gun (Heavy),5,3,1/2/2,,,,,,,,,,,,,,,,,,,,,,,,,5x3,,,,,,,,,,,,,,,,,,
BattleArmor,Black Wolf Battle Armor,Black Wolf Battle Armor [Heavy Flamer],,Black Wolf Battle Armor,[Heavy Flamer],,12,,BattleArmor,,,,,,,,1J,1,A,2,SS,0,5,4,14,17,CAR4 HT2/-/- MEC RCA,CAR4,"MECH, NIMB, SPOT, SWRM",,,,,,,,,,,,,,,,,,,,,"CAR4, MECH, NIMB, SPOT, SWRM",,,,Heavy Flamer [BA],5,4,2/3/4,,,,,,,,,,,,,,,,,,,,,,,,,5x4,,,,,,,,,,,,,,,,,,
BattleArmor,Callisto Battle Armor,Callisto Battle Armor A [Bearhunter],,Callisto Battle Armor,A [Bearhunter],,12,,BattleArmor,,,,,,,,3F,1,A,2,SS,+1,5,4,14,17,CAR4,CAR4,"MECH, NIMB, SPOT, SWRM",,,,,,,,,,,,,,,,,,,,,"CAR4, MECH, NIMB, SPOT, SWRM",,,,ER Medium Laser,5,7,5/10/15,Machine Gun (Bearhunter AC),5,3,1/2/3,,,,,,,,,,,,,,,,,,,,,5x7,5x3,,,,,,,,,,,,,,,,,
BattleArmor,Callisto Battle Armor,Callisto Battle Armor A [ER Laser],,Callisto Battle Armor,A [ER Laser],,12,,BattleArmor,,,,,,,,3F,1,A,2,SS,+1,5,4,14,17,CAR4,CAR4,"MECH, NIMB, SPOT, SWRM",,,,,,,,,,,,,,,,,,,,,"CAR4, MECH, NIMB, SPOT, SWRM",,,,ER Medium Laser,5,7,5/10/15,ER Micro Laser,5,2,1/2/4,,,,,,,,,,,,,,,,,,,,,5x7,5x2,,,,,,,,,,,,,,,,,
BattleArmor,Callisto Battle Armor,Callisto Battle Armor A [HMG],,Callisto Battle Armor,A [HMG],,12,,BattleArmor,,,,,,,,3F,1,A,2,SS,+1,5,4,14,17,CAR4,CAR4,"MECH, NIMB, SPOT, SWRM",,,,,,,,,,,,,,,,,,,,,"CAR4, MECH, NIMB, SPOT, SWRM",,,,ER Medium Laser,5,7,5/10/15,Machine Gun (Heavy),5,3,1/2/2,,,,,,,,,,,,,,,,,,,,,5x7,5x3,,,,,,,,,,,,,,,,,
BattleArmor,Callisto Battle Armor,Callisto Battle Armor B [MRR],,Callisto Battle Armor,B [MRR],,12,,BattleArmor,,,,,,,,3F,1,A,2,SS,+1,5,4,14,17,CAR4,CAR4,"MECH, NIMB, SPOT, SWRM",,,,,,,,,,,,,,,,,,,,,"CAR4, MECH, NIMB, SPOT, SWRM",,,,ER Small Laser,5,5,2/4/6,BA Recoilless Rifle (Medium),5,3,2/4/6,,,,,,,,,,,,,,,,,,,,,5x5,5x3,,,,,,,,,,,,,,,,,
BattleArmor,Callisto Battle Armor,Callisto Battle Armor B [SRM],,Callisto Battle Armor,B [SRM],,12,,BattleArmor,,,,,,,,3F,1,A,2,SS,+1,5,4,14,17,CAR4,CAR4,"MECH, NIMB, SPOT, SWRM",,,,,,,,,,,,,,,,,,,,,"CAR4, MECH, NIMB, SPOT, SWRM",,,,ER Small Laser,5,5,2/4/6,SRM 4,15,2,3/6/9,,,,,,,,,,,,,,,,,,,,,5x5,15x2,,,,,,,,,,,,,,,,,
BattleArmor,Constable Pacification Suit,Constable Pacification Suit [LMG],,Constable Pacification Suit,[LMG],,12,,BattleArmor,,,,,,,,3J,1,A,2,SS,+1,5,4,14,17,AM CAR4 MEC RCN,CAR4,"MECH, NIMB, SPOT, SWRM",,,,,,,,,,,,,,,,,,,,,"CAR4, MECH, NIMB, SPOT, SWRM",,,,Machine Gun (Light),5,1,2/4/6,Grenade Launcher (Heavy),10,1,1/2/3,,,,,,,,,,,,,,,,,,,,,5x1,10x1,,,,,,,,,,,,,,,,,
BattleArmor,Corona Heavy Battle Armor,Corona Heavy Battle Armor,,Corona Heavy Battle Armor,,,12,,BattleArmor,,,,,,,,2F,1,A,2,SS,0,5,4,14,17,CAR4 MEC,CAR4,"MECH, NIMB, SPOT, SWRM",,,,,,,,,,,,,,,,,,,,,"CAR4, MECH, NIMB, SPOT, SWRM",,,,Medium Pulse Laser,5,7,4/8/12,,,,,,,,,,,,,,,,,,,,,,,,,5x7,,,,,,,,,,,,,,,,,,
BattleArmor,Elemental Battle Armor,Elemental Battle Armor (Space) [MG],,Elemental Battle Armor,(Space) [MG],,12,,BattleArmor,,,,,,,,3J,1,A,2,SS,+1,5,4,14,17,AM CAR4 MEC SOA,CAR4,"MECH, NIMB, SPOT, SWRM",,,,,,,,,,,,,,,,,,,,,"CAR4, MECH, NIMB, SPOT, SWRM",,,,Machine Gun (Medium),5,2,1/2/3,,,,,,,,,,,,,,,,,,,,,,,,,5x2,,,,,,,,,,,,,,,,,,
BattleArmor,Fenrir Battle Armor,Fenrir Battle Armor [ERML],,Fenrir Battle Armor,[ERML],,14,,BattleArmor,,,,,,,,4F,1,A,2,SS,+1,6,5,14,17,CAR4,CAR4,"MECH, NIMB, SPOT, SWRM",,,,,,,,,,,,,,,,,,,,,"CAR4, MECH, NIMB, SPOT, SWRM",,,,ER Medium Laser,4,5,4/8/12,,,,,,,,,,,,,,,,,,,,,,,,,4x5,,,,,,,,,,,,,,,,,,
BattleArmor,Fenrir Battle Armor,Fenrir Battle Armor [SRM],,Fenrir Battle Armor,[SRM],,14,,BattleArmor,,,,,,,,4F,1,A,2,SS,+1,6,5,14,17,CAR4,CAR4,"MECH, NIMB, SPOT, SWRM",,,,,,,,,,,,,,,,,,,,,"CAR4, MECH, NIMB, SPOT, SWRM",,,,SRM 4,12,2,3/6/9,,,,,,,,,,,,,,,,,,,,,,,,,12x2,,,,,,,,,,,,,,,,,,
BattleArmor,Gray Death Strike Suit,Gray Death Strike Suit,,Gray Death Strike Suit,,,14,,BattleArmor,,,,,,,,3F,1,A,2,SS,+1,6,5,14,17,AM CAR4 LTAG MEC,CAR4,"MECH, NIMB, SPOT, SWRM",,,,,,,,,,,,,,,,,,,,,"CAR4, MECH, NIMB, SPOT, SWRM",,,,SRM 3,12,2,3/6/9,,,,,,,,,,,,,,,,,,,,,,,,,12x2,,,,,,,,,,,,,,,,,,
BattleArmor,Gray Death Strike Suit,Gray Death Strike Suit (HarJel),,Gray Death Strike Suit,(HarJel),,14,,BattleArmor,,,,,,,,3F,1,A,2,SS,+1,6,5,14,17,AM CAR4 LTAG MEC,CAR4,"MECH, NIMB, SPOT, SWRM",,,,,,,,,,,,,,,,,,,,,"CAR4, MECH, NIMB, SPOT, SWRM",,,,Needler (Firedrake),5,1,1/2/3,SRM 3,15,2,3/6/9,,,,,,,,,,,,,,,,,,,,,5x1,15x2,,,,,,,,,,,,,,,,,
BattleArmor,Gray Death Strike Suit,Gray Death Strike Suit (Prototype),,Gray Death Strike Suit,(Prototype),,14,,BattleArmor,,,,,,,,3F,1,A,2,SS,+1,6,5,14,17,AM CAR4 LTAG MEC,CAR4,"MECH, NIMB, SPOT, SWRM",,,,,,,,,,,,,,,,,,,,,"CAR4, MECH, NIMB, SPOT, SWRM",,,,Advanced SRM 3,4,2,4/8/12,,,,,,,,,,,,,,,,,,,,,,,,,4x2,,,,,,,,,,,,,,,,,,
BattleArmor,Grenadier Battle Armor,Grenadier Battle Armor [Heavy Flamer],,Grenadier Battle Armor,[Heavy Flamer],,14,,BattleArmor,,,,,,,,2F,1,A,2,SS,0,6,5,14,17,CAR4 HT2/-/- STL,CAR4,"MECH, NIMB, SPOT, SWRM",,,,,,,,,,STL,,,,,,,,,,,"CAR4, MECH, NIMB, SPOT, SWRM, STL",,,,Heavy Flamer [BA],8,4,2/3/4,,,,,,,,,,,,,,,,,,,,,,,,,8x4,,,,,,,,,,,,,,,,,,
BattleArmor,Grenadier II Battle Armor,Grenadier II Battle Armor C,,Grenadier II Battle Armor,C,,14,,BattleArmor,,,,,,,,2F,2,AA,2,SS,0,6,5,14,17,CAR4 HT1/-/- MEC STL,CAR4,"MECH, NIMB, SPOT, SWRM",,,,,,,,,,STL,,,,,,,,,,,"CAR4, MECH, NIMB, SPOT, SWRM, STL",,,,Flamer [BA],4,2,1/2/3,Medium Laser,4,5,3/6/9,,,,,,,,,,,,,,,,,,,,,4x2,4x5,,,,,,,,,,,,,,,,,
BattleArmor,Infiltrator Mk. II Battle Armor,Infiltrator Mk. II Battle Armor (Sensor),,Infiltrator Mk. II Battle Armor,(Sensor),,14,,BattleArmor,,,,,,,,3J,1,A,2,SS,+1,6,5,14,17,AM CAR4 LECM MEC PAR RCN,CAR4,"MECH, NIMB, SPOT, SWRM",,,,ECM2,,,,,,,,,,,,,,,,,"CAR4, MECH, NIMB, SPOT, SWRM, ECM2",,,,,,,,,,,,,,,,,,,,,,,,,,,,,,,,,,,,,,,,,,,,,,,,,,
BattleArmor,Kanazuchi Assault Battle Armor,Kanazuchi Assault Battle Armor 'Cyclops',,Kanazuchi Assault Battle Armor,Cyclops',,14,,BattleArmor,,,,,,,,2F,2,AA,2,SS,0,6,5,14,17,CAR4,CAR4,"MECH, NIMB, SPOT, SWRM",,,,,,,,,,,,,,,,,,,,,"CAR4, MECH, NIMB, SPOT, SWRM",,,,ER Medium Pulse Laser,4,7,5/9/14,,,,,,,,,,,,,,,,,,,,,,,,,4x7,,,,,,,,,,,,,,,,,,
BattleArmor,Kopis Assault Battle Armor,Kopis Assault Battle Armor 'The Dark Alley',,Kopis Assault Battle Armor,The Dark Alley',,14,,BattleArmor,,,,,,,,1F,1,A,2,SS,0,6,5,14,17,CAR4,CAR4,"MECH, NIMB, SPOT, SWRM",,,,,,,,,,,,,,,,,,,,,"CAR4, MECH, NIMB, SPOT, SWRM",,,,Medium Laser,8,5,3/6/9,,,,,,,,,,,,,,,,,,,,,,,,,8x5,,,,,,,,,,,,,,,,,,
BattleArmor,Kopis Assault Battle Armor,Kopis Assault Battle Armor (AI Mk II),,Kopis Assault Battle Armor,(AI Mk II),,14,,BattleArmor,,,,,,,,1F,1,A,2,SS,0,6,5,14,17,CAR4 RCN,CAR4,"MECH, NIMB, SPOT, SWRM",,,,,,,,,,,,,,,,,,,,,"CAR4, MECH, NIMB, SPOT, SWRM",,,,BA Recoilless Rifle (Heavy),8,3,3/5/7,Grenade Launcher (Heavy),8,1,1/2/3,,,,,,,,,,,,,,,,,,,,,8x3,8x1,,,,,,,,,,,,,,,,,
BattleArmor,Kopis Assault Battle Armor,Kopis Assault Battle Armor (AI Mk IIr),,Kopis Assault Battle Armor,(AI Mk IIr),,14,,BattleArmor,,,,,,,,1F,1,A,2,SS,0,6,5,14,17,CAR4 RCA RCN,CAR4,"MECH, NIMB, SPOT, SWRM",,,,,,,,,,,,,,,,,,,,,"CAR4, MECH, NIMB, SPOT, SWRM",,,,Grenade Launcher (Heavy),8,1,1/2/3,BA Recoilless Rifle (Medium),8,3,2/4/6,,,,,,,,,,,,,,,,,,,,,8x1,8x3,,,,,,,,,,,,,,,,,
BattleArmor,Longinus Battle Armor,Longinus Battle Armor [David],,Longinus Battle Armor,[David],,14,,BattleArmor,,,,,,,,3J,1,A,2,SS,+1,6,5,14,17,AM CAR4 MEC,CAR4,"MECH, NIMB, SPOT, SWRM",,,,,,,,,,,,,,,,,,,,,"CAR4, MECH, NIMB, SPOT, SWRM",,,,Gauss Rifle [David],4,1,3/5/8,SRM 2 (OS),8,2,3/6/9,,,,,,,,,,,,,,,,,,,,,4x1,8x2,,,,,,,,,,,,,,,,,
BattleArmor,Longinus Battle Armor,Longinus Battle Armor [MG],,Longinus Battle Armor,[MG],,14,,BattleArmor,,,,,,,,3J,1,A,2,SS,+1,6,5,14,17,AM CAR4 MEC,CAR4,"MECH, NIMB, SPOT, SWRM",,,,,,,,,,,,,,,,,,,,,"CAR4, MECH, NIMB, SPOT, SWRM",,,,Machine Gun (Medium),4,2,1/2/3,SRM 2 (OS),8,2,3/6/9,,,,,,,,,,,,,,,,,,,,,4x2,8x2,,,,,,,,,,,,,,,,,
BattleArmor,Phalanx Battle Armor,Phalanx Battle Armor (B),,Phalanx Battle Armor,(B),,14,,BattleArmor,,,,,,,,2F,1,A,2,SS,0,6,5,14,17,BTAS1 CAR4 MEC STL,CAR4,"MECH, NIMB, SPOT, SWRM",,,,,,,,,,STL,,,,,,,,,,,"CAR4, MECH, NIMB, SPOT, SWRM, STL",,,,SRM 4,12,2,3/6/9,Battle Armor Taser,4,1,1/2/3,,,,,,,,,,,,,,,,,,,,,12x2,4x1,,,,,,,,,,,,,,,,,
BattleArmor,Purifier Adaptive Battle Armor,Purifier Adaptive Battle Armor [Narc],,Purifier Adaptive Battle Armor,[Narc],,14,,BattleArmor,,,,,,,,3J,1,A,2,SS,+1,6,5,14,17,AM CAR4 CNARC MAS MEC,CAR4,"MECH, NIMB, SPOT, SWRM",,,,,,,,,,,,,,,,,,,,,"CAR4, MECH, NIMB, SPOT, SWRM",,,,,,,,,,,,,,,,,,,,,,,,,,,,,,,,,,,,,,,,,,,,,,,,,,
BattleArmor,Purifier Adaptive Battle Armor,Purifier Adaptive Battle Armor [TAG],,Purifier Adaptive Battle Armor,[TAG],,14,,BattleArmor,,,,,,,,3J,1,A,2,SS,+1,6,5,14,17,AM CAR4 LTAG MAS MEC,CAR4,"MECH, NIMB, SPOT, SWRM",,,,,,,,,,,,,,,,,,,,,"CAR4, MECH, NIMB, SPOT, SWRM",,,,,,,,,,,,,,,,,,,,,,,,,,,,,,,,,,,,,,,,,,,,,,,,,,
BattleArmor,Quirinus Battle Armor,Quirinus Battle Armor [David],,Quirinus Battle Armor,[David],,14,,BattleArmor,,,,,,,,3J,1,A,2,SS,+1,6,5,14,17,AM CAR4 LTAG MEC RCA,CAR4,"MECH, NIMB, SPOT, SWRM",,,,,,,,,,,,,,,,,,,,,"CAR4, MECH, NIMB, SPOT, SWRM",,,,Gauss Rifle [David],4,1,3/5/8,,,,,,,,,,,,,,,,,,,,,,,,,4x1,,,,,,,,,,,,,,,,,,
BattleArmor,Rottweiler Battle Armor,Rottweiler Battle Armor (Close Combat),,Rottweiler Battle Armor,(Close Combat),,14,,BattleArmor,,,,,,,,5F,1,A,2,SS,+2,6,5,14,17,CAR4 HT1/-/- RCN STL,CAR4,"MECH, NIMB, SPOT, SWRM",,,,,,,,,,STL,,,,,,,,,,,"CAR4, MECH, NIMB, SPOT, SWRM, STL",,,,Machine Gun (Medium),4,2,1/2/3,Flamer [BA],4,2,1/2/3,,,,,,,,,,,,,,,,,,,,,4x2,4x2,,,,,,,,,,,,,,,,,
BattleArmor,Shedu Assault Battle Armor,Shedu Assault Battle Armor (Capture Team),,Shedu Assault Battle Armor,(Capture Team),,14,,BattleArmor,,,,,,,,3F,2,AA,2,SS,+1,6,5,14,17,BTAS2 CAR4,CAR4,"MECH, NIMB, SPOT, SWRM",,,,,,,,,,,,,,,,,,,,,"CAR4, MECH, NIMB, SPOT, SWRM",,,,Gauss Rifle [Magshot],4,2,3/6/9,Battle Armor Taser,8,1,1/2/3,,,,,,,,,,,,,,,,,,,,,4x2,8x1,,,,,,,,,,,,,,,,,
BattleArmor,Shedu Assault Battle Armor,Shedu Assault Battle Armor (Recon),,Shedu Assault Battle Armor,(Recon),,14,,BattleArmor,,,,,,,,3F,2,AA,2,SS,+1,6,5,14,17,CAR4 LECM LMAS RCN,CAR4,"MECH, NIMB, SPOT, SWRM",,,,ECM2,,,,,,,,,,,,,,,,,"CAR4, MECH, NIMB, SPOT, SWRM, ECM2",,,,Mortar (Light),4,3,1/2/3,,,,,,,,,,,,,,,,,,,,,,,,,4x3,,,,,,,,,,,,,,,,,,
BattleArmor,Tengu Heavy Battle Armor,Tengu Heavy Battle Armor [C3i],,Tengu Heavy Battle Armor,[C3i],,14,,BattleArmor,,,,,,,,2J,2,AA,2,SS,0,6,5,14,17,CAR4 C3I LTAG MHQ2 MEC,CAR4,"MECH, NIMB, SPOT, SWRM",,,,,,,,,,,,,,,,,,,,,"CAR4, MECH, NIMB, SPOT, SWRM",,,,,,,,,,,,,,,,,,,,,,,,,,,,,,,,,,,,,,,,,,,,,,,,,,
BattleArmor,TinStar BattleArmor,TinStar BattleArmor,,TinStar BattleArmor,,,14,,BattleArmor,,,,,,,,3F,1,A,2,SS,+1,6,5,14,17,"AM,CAR4,XMEC",CAR4,"MECH, NIMB, SPOT, SWRM",,,,,,,,,,,,,,,,,,,,,"CAR4, MECH, NIMB, SPOT, SWRM",,,,Support PPC,4,2,2/5/7,Gauss Rifle [David],4,1,3/5/8,,,,,,,,,,,,,,,,,,,,,4x2,4x1,,,,,,,,,,,,,,,,,
BattleArmor,TinStar BattleArmor,TinStar BattleArmor (Original),,TinStar BattleArmor,(Original),,14,,BattleArmor,,,,,,,,3F,1,A,2,SS,+1,6,5,14,17,"AM,CAR4,XMEC",CAR4,"MECH, NIMB, SPOT, SWRM",,,,,,,,,,,,,,,,,,,,,"CAR4, MECH, NIMB, SPOT, SWRM",,,,Support PPC,4,2,2/5/7,Gauss Rifle [Magshot],4,2,3/6/9,,,,,,,,,,,,,,,,,,,,,4x2,4x2,,,,,,,,,,,,,,,,,
BattleArmor,Tornado PA(L),Tornado PA(L) P17 'Hurricane',,Tornado PA(L),P17 'Hurricane',,14,,BattleArmor,,,,,,,,3F,0,,2,SS,+1,6,5,14,17,AM CAR4 MEC STL,CAR4,"MECH, NIMB, SPOT, SWRM",,,,,,,,,,STL,,,,,,,,,,,"CAR4, MECH, NIMB, SPOT, SWRM, STL",,,,Gauss Rifle [Anti-personnel Gauss Rifle],4,3,3/6/9,,,,,,,,,,,,,,,,,,,,,,,,,4x3,,,,,,,,,,,,,,,,,,
BattleArmor,Trinity Medium Battle Armor,Trinity Medium Battle Armor (Asterion Upgrade)[MRR],,Trinity Medium Battle Armor,(Asterion Upgrade)[MRR],,14,,BattleArmor,,,,,,,,3F,1,A,2,SS,+1,6,5,14,17,AM CAR4 MEC,CAR4,"MECH, NIMB, SPOT, SWRM",,,,,,,,,,,,,,,,,,,,,"CAR4, MECH, NIMB, SPOT, SWRM",,,,BA Recoilless Rifle (Medium),4,3,2/4/6,Machine Gun (Medium),4,2,1/2/3,,,,,,,,,,,,,,,,,,,,,4x3,4x2,,,,,,,,,,,,,,,,,
BattleArmor,Trinity Medium Battle Armor,Trinity Medium Battle Armor (Asterion)[MRR],,Trinity Medium Battle Armor,(Asterion)[MRR],,14,,BattleArmor,,,,,,,,3F,1,A,2,SS,+1,6,5,14,17,AM CAR4 MEC,CAR4,"MECH, NIMB, SPOT, SWRM",,,,,,,,,,,,,,,,,,,,,"CAR4, MECH, NIMB, SPOT, SWRM",,,,BA Recoilless Rifle (Medium),4,3,2/4/6,,,,,,,,,,,,,,,,,,,,,,,,,4x3,,,,,,,,,,,,,,,,,,
BattleArmor,Trinity Medium Battle Armor,Trinity Medium Battle Armor (Theseus)[MRR],,Trinity Medium Battle Armor,(Theseus)[MRR],,14,,BattleArmor,,,,,,,,3F,1,A,2,SS,+1,6,5,14,17,AM CAR4 MEC,CAR4,"MECH, NIMB, SPOT, SWRM",,,,,,,,,,,,,,,,,,,,,"CAR4, MECH, NIMB, SPOT, SWRM",,,,BA Recoilless Rifle (Medium),4,3,2/4/6,,,,,,,,,,,,,,,,,,,,,,,,,4x3,,,,,,,,,,,,,,,,,,
BattleArmor,Achileus Light Battle Armor,Achileus Light Battle Armor [David],,Achileus Light Battle Armor,[David],,15,,BattleArmor,,,,,,,,3J,1,A,2,SS,+1,6,5,15,18,AM CAR4 MEC STL,CAR4,"MECH, NIMB, SPOT, SWRM",,,,,,,,,,STL,,,,,,,,,,,"CAR4, MECH, NIMB, SPOT, SWRM, STL",,,,Gauss Rifle [David],4,1,3/5/8,,,,,,,,,,,,,,,,,,,,,,,,,4x1,,,,,,,,,,,,,,,,,,
BattleArmor,Amazon Battle Armor,Amazon Battle Armor [Support PPC],,Amazon Battle Armor,[Support PPC],,15,,BattleArmor,,,,,,,,3J,1,A,2,SS,+1,6,5,15,18,AM CAR4 MEC,CAR4,"MECH, NIMB, SPOT, SWRM",,,,,,,,,,,,,,,,,,,,,"CAR4, MECH, NIMB, SPOT, SWRM",,,,Support PPC,4,2,2/5/7,,,,,,,,,,,,,,,,,,,,,,,,,4x2,,,,,,,,,,,,,,,,,,
BattleArmor,Asura Medium Battle Armor,Asura Medium Battle Armor (SRM),,Asura Medium Battle Armor,(SRM),,15,,BattleArmor,,,,,,,,3J,1,A,2,SS,+1,6,5,15,18,AM CAR4 MEC,CAR4,"MECH, NIMB, SPOT, SWRM",,,,,,,,,,,,,,,,,,,,,"CAR4, MECH, NIMB, SPOT, SWRM",,,,Machine Gun (Heavy),4,3,1/2/2,SRM 6 (OS),16,2,3/6/9,,,,,,,,,,,,,,,,,,,,,4x3,16x2,,,,,,,,,,,,,,,,,
BattleArmor,Cavalier Battle Armor,Cavalier Battle Armor [SRM],,Cavalier Battle Armor,[SRM],,15,,BattleArmor,,,,,,,,3J,1,A,2,SS,+1,6,5,15,18,AM CAR4 MEC,CAR4,"MECH, NIMB, SPOT, SWRM",,,,,,,,,,,,,,,,,,,,,"CAR4, MECH, NIMB, SPOT, SWRM",,,,SRM 1,4,2,3/6/9,,,,,,,,,,,,,,,,,,,,,,,,,4x2,,,,,,,,,,,,,,,,,,
BattleArmor,Centaur Battle Armor,Centaur Battle Armor,,Centaur Battle Armor,,,15,,BattleArmor,,,,,,,,2F,1,A,2,SS,0,6,5,15,18,ARTBA-1 CAR4 MEC RCA XMEC,CAR4,"MECH, NIMB, SPOT, SWRM",,,,,,,,,ARTBA-1,,,,,,,,,,,,"CAR4, MECH, NIMB, SPOT, SWRM, ARTBA-1",,,,Tube Artillery (BA),4,1,2/2/2,Small Laser,4,3,1/2/3,,,,,,,,,,,,,,,,,,,,,4x1,4x3,,,,,,,,,,,,,,,,,
BattleArmor,Dragoon Battle Armor,Dragoon Battle Armor,,Dragoon Battle Armor,,,15,,BattleArmor,,,,,,,,3J,1,A,2,SS,+1,6,5,15,18,CAR4,CAR4,"MECH, NIMB, SPOT, SWRM",,,,,,,,,,,,,,,,,,,,,"CAR4, MECH, NIMB, SPOT, SWRM",,,,Flamer [BA],4,2,1/2/3,,,,,,,,,,,,,,,,,,,,,,,,,4x2,,,,,,,,,,,,,,,,,,
BattleArmor,Dragoon Battle Armor,Dragoon Battle Armor (Advanced),,Dragoon Battle Armor,(Advanced),,15,,BattleArmor,,,,,,,,3J,1,A,2,SS,+1,6,5,15,18,CAR4,CAR4,"MECH, NIMB, SPOT, SWRM",,,,,,,,,,,,,,,,,,,,,"CAR4, MECH, NIMB, SPOT, SWRM",,,,Micro Pulse Laser,4,3,1/2/3,,,,,,,,,,,,,,,,,,,,,,,,,4x3,,,,,,,,,,,,,,,,,,
BattleArmor,Fenrir Battle Armor,Fenrir Battle Armor [VSP],,Fenrir Battle Armor,[VSP],,15,,BattleArmor,,,,,,,,4F,1,A,2,SS,+1,6,5,15,18,CAR4,CAR4,"MECH, NIMB, SPOT, SWRM",,,,,,,,,,,,,,,,,,,,,"CAR4, MECH, NIMB, SPOT, SWRM",,,,Small VSP Laser,4,4,2/4/6,Grenade Launcher (Heavy),4,1,1/2/3,,,,,,,,,,,,,,,,,,,,,4x4,4x1,,,,,,,,,,,,,,,,,
BattleArmor,Gray Death Heavy Suit,Gray Death Heavy Suit,,Gray Death Heavy Suit,,,15,,BattleArmor,,,,,,,,2F,1,A,2,SS,0,6,5,15,18,CAR4,CAR4,"MECH, NIMB, SPOT, SWRM",,,,,,,,,,,,,,,,,,,,,"CAR4, MECH, NIMB, SPOT, SWRM",,,,Support PPC,4,2,2/5/7,SRM 4 (OS),24,2,3/6/9,,,,,,,,,,,,,,,,,,,,,4x2,24x2,,,,,,,,,,,,,,,,,
BattleArmor,Gray Death Infiltrator Suit,Gray Death Infiltrator Suit (Firedrake),,Gray Death Infiltrator Suit,(Firedrake),,15,,BattleArmor,,,,,,,,3J,1,A,2,SS,+1,6,5,15,18,AM CAR4 MEC PAR STL,CAR4,"MECH, NIMB, SPOT, SWRM",,,,,,,,,,STL,,,,,,,,,,,"CAR4, MECH, NIMB, SPOT, SWRM, STL",,,,Gauss Rifle [David],4,1,3/5/8,Needler (Firedrake),4,1,1/2/3,,,,,,,,,,,,,,,,,,,,,4x1,4x1,,,,,,,,,,,,,,,,,
BattleArmor,Gray Death Infiltrator Suit,Gray Death Infiltrator Suit (Remote Sensors),,Gray Death Infiltrator Suit,(Remote Sensors),,15,,BattleArmor,,,,,,,,3J,1,A,2,SS,+1,6,5,15,18,AM CAR4 LTAG MEC PAR STL,CAR4,"MECH, NIMB, SPOT, SWRM",,,,,,,,,,STL,,,,,,,,,,,"CAR4, MECH, NIMB, SPOT, SWRM, STL",,,,Gauss Rifle [David],4,1,3/5/8,,,,,,,,,,,,,,,,,,,,,,,,,4x1,,,,,,,,,,,,,,,,,,
BattleArmor,Grenadier Battle Armor,Grenadier Battle Armor (Hunter-Killer) [C3/HRR],,Grenadier Battle Armor,(Hunter-Killer) [C3/HRR],,15,,BattleArmor,,,,,,,,2F,1,A,2,SS,0,6,5,15,18,CAR4 C3S MHQ1 STL,CAR4,"MECH, NIMB, SPOT, SWRM",,,,,,,,,,STL,,,,,,,,,,,"CAR4, MECH, NIMB, SPOT, SWRM, STL",,,,BA Recoilless Rifle (Heavy),4,3,3/5/7,Needler (Firedrake),4,1,1/2/3,,,,,,,,,,,,,,,,,,,,,4x3,4x1,,,,,,,,,,,,,,,,,
BattleArmor,IS Standard Battle Armor,IS Standard Battle Armor 'Hive',,IS Standard Battle Armor,Hive',,15,,BattleArmor,,,,,,,,3J,1,A,2,SS,+1,6,5,15,18,AM CAR4 C3S MEC MHQ1,CAR4,"MECH, NIMB, SPOT, SWRM",,,,,,,,,,,,,,,,,,,,,"CAR4, MECH, NIMB, SPOT, SWRM",,,,Gauss Rifle [David],4,1,3/5/8,,,,,,,,,,,,,,,,,,,,,,,,,4x1,,,,,,,,,,,,,,,,,,
BattleArmor,IS Standard Battle Armor,IS Standard Battle Armor (Fa Sure) [David],,IS Standard Battle Armor,(Fa Sure) [David],,15,,BattleArmor,,,,,,,,3J,1,A,2,SS,+1,6,5,15,18,CAR4,CAR4,"MECH, NIMB, SPOT, SWRM",,,,,,,,,,,,,,,,,,,,,"CAR4, MECH, NIMB, SPOT, SWRM",,,,Gauss Rifle [David],4,1,3/5/8,,,,,,,,,,,,,,,,,,,,,,,,,4x1,,,,,,,,,,,,,,,,,,
BattleArmor,IS Standard Battle Armor,IS Standard Battle Armor (Fa Sure) [MG],,IS Standard Battle Armor,(Fa Sure) [MG],,15,,BattleArmor,,,,,,,,3J,1,A,2,SS,+1,6,5,15,18,CAR4,CAR4,"MECH, NIMB, SPOT, SWRM",,,,,,,,,,,,,,,,,,,,,"CAR4, MECH, NIMB, SPOT, SWRM",,,,Machine Gun (Medium),4,2,1/2/3,,,,,,,,,,,,,,,,,,,,,,,,,4x2,,,,,,,,,,,,,,,,,,
BattleArmor,IS Standard Battle Armor,IS Standard Battle Armor [LRR],,IS Standard Battle Armor,[LRR],,15,,BattleArmor,,,,,,,,3J,1,A,2,SS,+1,6,5,15,18,AM CAR4 MEC,CAR4,"MECH, NIMB, SPOT, SWRM",,,,,,,,,,,,,,,,,,,,,"CAR4, MECH, NIMB, SPOT, SWRM",,,,BA Recoilless Rifle (Light),4,2,2/4/6,,,,,,,,,,,,,,,,,,,,,,,,,4x2,,,,,,,,,,,,,,,,,,
BattleArmor,Kage Light Battle Armor,Kage Light Battle Armor C,,Kage Light Battle Armor,C,,15,,BattleArmor,,,,,,,,3J,1,A,2,SS,+1,6,5,15,18,AM CAR4 C3S MAS MEC MHQ1,CAR4,"MECH, NIMB, SPOT, SWRM",,,,,,,,,,,,,,,,,,,,,"CAR4, MECH, NIMB, SPOT, SWRM",,,,,,,,,,,,,,,,,,,,,,,,,,,,,,,,,,,,,,,,,,,,,,,,,,
BattleArmor,Kanazuchi Assault Battle Armor,Kanazuchi Assault Battle Armor (Support),,Kanazuchi Assault Battle Armor,(Support),,15,,BattleArmor,,,,,,,,1F,1,A,2,SS,0,6,5,15,20,CAR4,CAR4,"MECH, NIMB, SPOT, SWRM",,,,,,,,,,,,,,,,,,,,,"CAR4, MECH, NIMB, SPOT, SWRM",,,,SRM 3 (OS),24,2,3/6/9,SRM 4,12,2,3/6/9,,,,,,,,,,,,,,,,,,,,,24x2,12x2,,,,,,,,,,,,,,,,,
BattleArmor,Leonidas Battle Armor,Leonidas Battle Armor (FireDrake),,Leonidas Battle Armor,(FireDrake),,15,,BattleArmor,,,,,,,,3F,1,A,2,SS,+1,6,5,15,18,AECM AM CAR4 MEC STL,CAR4,"MECH, NIMB, SPOT, SWRM",,,,,ECM,,,,,STL,,,,,,,,,,,"CAR4, MECH, NIMB, SPOT, SWRM, ECM, STL",,,,Needler (Firedrake),4,1,1/2/3,,,,,,,,,,,,,,,,,,,,,,,,,4x1,,,,,,,,,,,,,,,,,,
BattleArmor,Leonidas Battle Armor,Leonidas Battle Armor (MG),,Leonidas Battle Armor,(MG),,15,,BattleArmor,,,,,,,,3F,1,A,2,SS,+1,6,5,15,18,AECM AM CAR4 LTAG MEC STL,CAR4,"MECH, NIMB, SPOT, SWRM",,,,,ECM,,,,,STL,,,,,,,,,,,"CAR4, MECH, NIMB, SPOT, SWRM, ECM, STL",,,,Machine Gun (Medium),4,2,1/2/3,,,,,,,,,,,,,,,,,,,,,,,,,4x2,,,,,,,,,,,,,,,,,,
BattleArmor,Leonidas Battle Armor,Leonidas Battle Armor (Sensor),,Leonidas Battle Armor,(Sensor),,15,,BattleArmor,,,,,,,,3F,1,A,2,SS,+1,6,5,15,18,AECM AM CAR4 MEC STL,CAR4,"MECH, NIMB, SPOT, SWRM",,,,,ECM,,,,,STL,,,,,,,,,,,"CAR4, MECH, NIMB, SPOT, SWRM, ECM, STL",,,,,,,,,,,,,,,,,,,,,,,,,,,,,,,,,,,,,,,,,,,,,,,,,,
BattleArmor,Longinus Battle Armor,Longinus Battle Armor [Flamer],,Longinus Battle Armor,[Flamer],,15,,BattleArmor,,,,,,,,3J,1,A,2,SS,+1,6,5,15,18,AM CAR4 HT1/-/- MEC,CAR4,"MECH, NIMB, SPOT, SWRM",,,,,,,,,,,,,,,,,,,,,"CAR4, MECH, NIMB, SPOT, SWRM",,,,Flamer [BA],4,2,1/2/3,SRM 2 (OS),8,2,3/6/9,,,,,,,,,,,,,,,,,,,,,4x2,8x2,,,,,,,,,,,,,,,,,
BattleArmor,Longinus Battle Armor,Longinus Battle Armor [Laser],,Longinus Battle Armor,[Laser],,15,,BattleArmor,,,,,,,,3J,1,A,2,SS,+1,6,5,15,18,AM CAR4 MEC,CAR4,"MECH, NIMB, SPOT, SWRM",,,,,,,,,,,,,,,,,,,,,"CAR4, MECH, NIMB, SPOT, SWRM",,,,Small Laser,4,3,1/2/3,SRM 2 (OS),8,2,3/6/9,,,,,,,,,,,,,,,,,,,,,4x3,8x2,,,,,,,,,,,,,,,,,
BattleArmor,Nephilim Assault Battle Armor,Nephilim Assault Battle Armor (Narc),,Nephilim Assault Battle Armor,(Narc),,15,,BattleArmor,,,,,,,,2F,2,AA,2,SS,0,6,5,15,18,CAR4 CNARC MAS,CAR4,"MECH, NIMB, SPOT, SWRM",,,,,,,,,,,,,,,,,,,,,"CAR4, MECH, NIMB, SPOT, SWRM",,,,Support PPC,4,2,2/5/7,Rocket Launcher 2,4,2,3/7/12,,,,,,,,,,,,,,,,,,,,,4x2,4x2,,,,,,,,,,,,,,,,,
BattleArmor,Nephilim Assault Battle Armor,Nephilim Assault Battle Armor (Plasma),,Nephilim Assault Battle Armor,(Plasma),,15,,BattleArmor,,,,,,,,2F,2,AA,2,SS,0,6,5,15,18,CAR4 MAS,CAR4,"MECH, NIMB, SPOT, SWRM",,,,,,,,,,,,,,,,,,,,,"CAR4, MECH, NIMB, SPOT, SWRM",,,,Plasma Rifle (Man-Portable),4,2,2/4/6,SRM 2 (OS),16,2,3/6/9,,,,,,,,,,,,,,,,,,,,,4x2,16x2,,,,,,,,,,,,,,,,,
BattleArmor,Ogre Battle Armor,Ogre Battle Armor (Interdictor),,Ogre Battle Armor,(Interdictor),,15,,BattleArmor,,,,,,,,2F,2,AA,2,SS,0,6,5,15,18,CAR4 LECM MAS MEC,CAR4,"MECH, NIMB, SPOT, SWRM",,,,ECM2,,,,,,,,,,,,,,,,,"CAR4, MECH, NIMB, SPOT, SWRM, ECM2",,,,SRM 2,8,2,3/6/9,,,,,,,,,,,,,,,,,,,,,,,,,8x2,,,,,,,,,,,,,,,,,,
BattleArmor,Oni Battle Armor,Oni Battle Armor [MRR],,Oni Battle Armor,[MRR],,15,,BattleArmor,,,,,,,,3F,1,A,2,SS,+1,6,5,15,18,AM CAR4 FR LECM MEC,CAR4,"MECH, NIMB, SPOT, SWRM",,,,ECM2,,,,,,,,,,,,,,,,,"CAR4, MECH, NIMB, SPOT, SWRM, ECM2",,,,BA Recoilless Rifle (Medium),4,3,2/4/6,,,,,,,,,,,,,,,,,,,,,,,,,4x3,,,,,,,,,,,,,,,,,,
BattleArmor,Raiden Battle Armor,Raiden Battle Armor (Original),,Raiden Battle Armor,(Original),,15,,BattleArmor,,,,,,,,3J,1,A,2,SS,+1,6,5,15,18,AM CAR4 MEC,CAR4,"MECH, NIMB, SPOT, SWRM",,,,,,,,,,,,,,,,,,,,,"CAR4, MECH, NIMB, SPOT, SWRM",,,,Small Laser,4,3,1/2/3,SRM 1 (OS),4,2,3/6/9,,,,,,,,,,,,,,,,,,,,,4x3,4x2,,,,,,,,,,,,,,,,,
BattleArmor,Se'irim Medium Battle Armor,Se'irim Medium Battle Armor,,Se'irim Medium Battle Armor,,,15,,BattleArmor,,,,,,,,3F,1,A,2,SS,+1,6,5,15,18,AM CAR4 MEC SRCH STL,CAR4,"MECH, NIMB, SPOT, SWRM",,,,,,,,,,STL,,,,,,,,,,,"CAR4, MECH, NIMB, SPOT, SWRM, STL",,,,BA Recoilless Rifle (Light),4,2,2/4/6,SRM 5 (OS),16,2,3/6/9,,,,,,,,,,,,,,,,,,,,,4x2,16x2,,,,,,,,,,,,,,,,,
BattleArmor,Se'irim Medium Battle Armor,Se'irim Medium Battle Armor (Capture Team),,Se'irim Medium Battle Armor,(Capture Team),,15,,BattleArmor,,,,,,,,3F,1,A,2,SS,+1,6,5,15,18,AM BTAS1 CAR4 MEC SRCH STL,CAR4,"MECH, NIMB, SPOT, SWRM",,,,,,,,,,STL,,,,,,,,,,,"CAR4, MECH, NIMB, SPOT, SWRM, STL",,,,Machine Gun (Light),8,1,2/4/6,Battle Armor Taser,4,1,1/2/3,,,,,,,,,,,,,,,,,,,,,8x1,4x1,,,,,,,,,,,,,,,,,
BattleArmor,Simian Battle Armor,Simian Battle Armor [LRR],,Simian Battle Armor,[LRR],,15,,BattleArmor,,,,,,,,3J,1,A,2,SS,+1,6,5,15,18,AM CAR4 MEC SRCH,CAR4,"MECH, NIMB, SPOT, SWRM",,,,,,,,,,,,,,,,,,,,,"CAR4, MECH, NIMB, SPOT, SWRM",,,,BA Recoilless Rifle (Light),4,2,2/4/6,,,,,,,,,,,,,,,,,,,,,,,,,4x2,,,,,,,,,,,,,,,,,,
BattleArmor,Sloth Battle Armor,Sloth Battle Armor 'Huntsman',,Sloth Battle Armor,Huntsman',,15,,BattleArmor,,,,,,,,4F,1,A,2,SS,+1,6,5,15,18,CAR4 STL,CAR4,"MECH, NIMB, SPOT, SWRM",,,,,,,,,,STL,,,,,,,,,,,"CAR4, MECH, NIMB, SPOT, SWRM, STL",,,,Gauss Rifle [King David],8,1,3/6/9,,,,,,,,,,,,,,,,,,,,,,,,,8x1,,,,,,,,,,,,,,,,,,
BattleArmor,Tengu Heavy Battle Armor,Tengu Heavy Battle Armor [RL],,Tengu Heavy Battle Armor,[RL],,15,,BattleArmor,,,,,,,,2J,2,AA,2,SS,0,6,5,15,18,CAR4 MEC,CAR4,"MECH, NIMB, SPOT, SWRM",,,,,,,,,,,,,,,,,,,,,"CAR4, MECH, NIMB, SPOT, SWRM",,,,Machine Gun (Medium),4,2,1/2/3,Rocket Launcher 4,4,4,3/7/12,,,,,,,,,,,,,,,,,,,,,4x2,4x4,,,,,,,,,,,,,,,,,
BattleArmor,Zou Heavy Battle Armor,Zou Heavy Battle Armor (C3),,Zou Heavy Battle Armor,(C3),,15,,BattleArmor,,,,,,,,2F,1,A,2,SS,0,6,5,15,18,CAR4 C3S MEC MHQ1 RFA,CAR4,"MECH, NIMB, SPOT, SWRM",,,,,,,,,,,,,,,,,,,,,"CAR4, MECH, NIMB, SPOT, SWRM",,,,BA Recoilless Rifle (Medium),4,3,2/4/6,,,,,,,,,,,,,,,,,,,,,,,,,4x3,,,,,,,,,,,,,,,,,,
BattleArmor,Angerona Scout Suit,Angerona Scout Suit,,Angerona Scout Suit,,,16,,BattleArmor,,,,,,,,3F,1,A,2,SS,+1,6,5,16,19,AM CAR4 LMAS MEC STL,CAR4,"MECH, NIMB, SPOT, SWRM",,,,,,,,,,STL,,,,,,,,,,,"CAR4, MECH, NIMB, SPOT, SWRM, STL",,,,BA Recoilless Rifle (Light),4,2,2/4/6,,,,,,,,,,,,,,,,,,,,,,,,,4x2,,,,,,,,,,,,,,,,,,
BattleArmor,Cavalier II Battle Armor,Cavalier II Battle Armor [Flamer],,Cavalier II Battle Armor,[Flamer],,16,,BattleArmor,,,,,,,,4J,1,A,2,SS,+1,6,5,16,19,CAR4,CAR4,"MECH, NIMB, SPOT, SWRM",,,,,,,,,,,,,,,,,,,,,"CAR4, MECH, NIMB, SPOT, SWRM",,,,Flamer [BA],4,2,1/2/3,,,,,,,,,,,,,,,,,,,,,,,,,4x2,,,,,,,,,,,,,,,,,,
BattleArmor,Elemental Battle Armor,Elemental Battle Armor (Space) [Flamer],,Elemental Battle Armor,(Space) [Flamer],,13,,BattleArmor,,,,,,,,3J,1,A,2,SS,+1,5,4,16,19,AM CAR4 HT1/-/- MEC SOA,CAR4,"MECH, NIMB, SPOT, SWRM",,,,,,,,,,,,,,,,,,,,,"CAR4, MECH, NIMB, SPOT, SWRM",,,,Flamer [BA],5,2,1/2/3,,,,,,,,,,,,,,,,,,,,,,,,,5x2,,,,,,,,,,,,,,,,,,
BattleArmor,Fa Shih Battle Armor,Fa Shih Battle Armor (Support) [Plasma],,Fa Shih Battle Armor,(Support) [Plasma],,16,,BattleArmor,,,,,,,,3J,1,A,2,SS,+1,6,5,16,19,AM CAR4 XMEC HT1/1/-,CAR4,"MECH, NIMB, SPOT, SWRM",,,,,,,,,,,,,,,,,,,,,"CAR4, MECH, NIMB, SPOT, SWRM",,,,Plasma Rifle (Man-Portable),4,2,2/4/6,,,,,,,,,,,,,,,,,,,,,,,,,4x2,,,,,,,,,,,,,,,,,,
BattleArmor,Fenrir II Assault Battle Armor,Fenrir II Assault Battle Armor (Med. Laser),,Fenrir II Assault Battle Armor,(Med. Laser),,16,,BattleArmor,,,,,,,,3F,2,AA,2,SS,+1,6,5,16,19,CAR4,CAR4,"MECH, NIMB, SPOT, SWRM",,,,,,,,,,,,,,,,,,,,,"CAR4, MECH, NIMB, SPOT, SWRM",,,,Medium Laser,4,5,3/6/9,,,,,,,,,,,,,,,,,,,,,,,,,4x5,,,,,,,,,,,,,,,,,,
BattleArmor,Fenrir II Assault Battle Armor,Fenrir II Assault Battle Armor (SRM),,Fenrir II Assault Battle Armor,(SRM),,16,,BattleArmor,,,,,,,,3F,2,AA,2,SS,+1,6,5,16,19,CAR4,CAR4,"MECH, NIMB, SPOT, SWRM",,,,,,,,,,,,,,,,,,,,,"CAR4, MECH, NIMB, SPOT, SWRM",,,,SRM 5,16,2,3/6/9,,,,,,,,,,,,,,,,,,,,,,,,,16x2,,,,,,,,,,,,,,,,,,
BattleArmor,Fusilier Battle Armor,Fusilier Battle Armor,,Fusilier Battle Armor,,,16,,BattleArmor,,,,,,,,2J,2,AA,2,SS,0,6,5,16,19,CAR4 STL,CAR4,"MECH, NIMB, SPOT, SWRM",,,,,,,,,,STL,,,,,,,,,,,"CAR4, MECH, NIMB, SPOT, SWRM, STL",,,,Gauss Rifle [Magshot],4,2,3/6/9,Machine Gun (Light),4,1,2/4/6,,,,,,,,,,,,,,,,,,,,,4x2,4x1,,,,,,,,,,,,,,,,,
BattleArmor,Grenadier Battle Armor,Grenadier Battle Armor (Hunter-Killer) [MagShot],,Grenadier Battle Armor,(Hunter-Killer) [MagShot],,16,,BattleArmor,,,,,,,,2F,1,A,2,SS,0,6,5,16,19,CAR4,CAR4,"MECH, NIMB, SPOT, SWRM",,,,,,,,,,,,,,,,,,,,,"CAR4, MECH, NIMB, SPOT, SWRM",,,,Gauss Rifle [Magshot],4,2,3/6/9,Needler (Firedrake),4,1,1/2/3,SRM 5,16,2,3/6/9,,,,,,,,,,,,,,,,,4x2,4x1,16x2,,,,,,,,,,,,,,,,
BattleArmor,Hauberk Battle Armor,Hauberk Battle Armor Commando,,Hauberk Battle Armor,Commando,,16,,BattleArmor,,,,,,,,2F,1,A,2,SS,0,6,5,16,19,CAR4 MAS,CAR4,"MECH, NIMB, SPOT, SWRM",,,,,,,,,,,,,,,,,,,,,"CAR4, MECH, NIMB, SPOT, SWRM",,,,ER Small Laser,8,3,2/4/5,Gauss Rifle [Magshot],4,2,3/6/9,SRM 2 (OS),8,2,3/6/9,,,,,,,,,,,,,,,,,8x3,4x2,8x2,,,,,,,,,,,,,,,,
BattleArmor,Kobold Battle Armor,Kobold Battle Armor X-C3,,Kobold Battle Armor,X-C3,,16,,BattleArmor,,,,,,,,3J,1,A,2,SS,+1,6,5,16,19,AM CAR4 C3I MEC MHQ2 STL,CAR4,"MECH, NIMB, SPOT, SWRM",,,,,,,,,,STL,,,,,,,,,,,"CAR4, MECH, NIMB, SPOT, SWRM, STL",,,,,,,,,,,,,,,,,,,,,,,,,,,,,,,,,,,,,,,,,,,,,,,,,,
BattleArmor,Leonidas Battle Armor,Leonidas Battle Armor (David),,Leonidas Battle Armor,(David),,16,,BattleArmor,,,,,,,,3F,1,A,2,SS,+1,6,5,16,19,AECM AM CAR4 MEC STL,CAR4,"MECH, NIMB, SPOT, SWRM",,,,,ECM,,,,,STL,,,,,,,,,,,"CAR4, MECH, NIMB, SPOT, SWRM, ECM, STL",,,,Gauss Rifle [David],4,1,3/5/8,,,,,,,,,,,,,,,,,,,,,,,,,4x1,,,,,,,,,,,,,,,,,,
BattleArmor,Longinus C Battle Armor,Longinus C Battle Armor [PPC],,Longinus C Battle Armor,[PPC],,16,,BattleArmor,,,,,,,,3J,1,A,2,SS,+1,6,5,16,19,AM CAR4 MEC,CAR4,"MECH, NIMB, SPOT, SWRM",,,,,,,,,,,,,,,,,,,,,"CAR4, MECH, NIMB, SPOT, SWRM",,,,Advanced SRM 4 (OS),4,2,4/8/12,Support PPC,4,2,2/5/7,,,,,,,,,,,,,,,,,,,,,4x2,4x2,,,,,,,,,,,,,,,,,
BattleArmor,Purifier Adaptive Battle Armor,Purifier Adaptive Battle Armor [PPC],,Purifier Adaptive Battle Armor,[PPC],,16,,BattleArmor,,,,,,,,3J,1,A,2,SS,+1,6,5,16,19,AM CAR4 MAS MEC,CAR4,"MECH, NIMB, SPOT, SWRM",,,,,,,,,,,,,,,,,,,,,"CAR4, MECH, NIMB, SPOT, SWRM",,,,Support PPC,4,2,2/5/7,,,,,,,,,,,,,,,,,,,,,,,,,4x2,,,,,,,,,,,,,,,,,,
BattleArmor,Rogue Bear Heavy Battle Armor,Rogue Bear Heavy Battle Armor,,Rogue Bear Heavy Battle Armor,,,13,,BattleArmor,,,,,,,,2J,2,AA,2,SS,0,5,4,16,19,CAR4 MEC,CAR4,"MECH, NIMB, SPOT, SWRM",,,,,,,,,,,,,,,,,,,,,"CAR4, MECH, NIMB, SPOT, SWRM",,,,Machine Gun (Medium),10,2,1/2/3,SRM 3,15,2,3/6/9,,,,,,,,,,,,,,,,,,,,,10x2,15x2,,,,,,,,,,,,,,,,,
BattleArmor,Shen Long Battle Armor,Shen Long Battle Armor [MRM],,Shen Long Battle Armor,[MRM],,16,,BattleArmor,,,,,,,,4F,1,A,2,SS,+1,6,5,16,19,CAR4 MAS,CAR4,"MECH, NIMB, SPOT, SWRM",,,,,,,,,,,,,,,,,,,,,"CAR4, MECH, NIMB, SPOT, SWRM",,,,MRM 5,3,5,3/8/15,,,,,,,,,,,,,,,,,,,,,,,,,3x5,,,,,,,,,,,,,,,,,,
BattleArmor,Taranis Battle Armor,Taranis Battle Armor,,Taranis Battle Armor,,,16,,BattleArmor,,,,,,,,2F,1,A,2,SS,0,6,5,16,19,CAR4 MAS MEC,CAR4,"MECH, NIMB, SPOT, SWRM",,,,,,,,,,,,,,,,,,,,,"CAR4, MECH, NIMB, SPOT, SWRM",,,,BA Recoilless Rifle (Heavy),4,3,3/5/7,Medium Laser,4,5,3/6/9,,,,,,,,,,,,,,,,,,,,,4x3,4x5,,,,,,,,,,,,,,,,,
BattleArmor,Trinity Medium Battle Armor,Trinity Medium Battle Armor (Ying Long BC3)[David],,Trinity Medium Battle Armor,(Ying Long BC3)[David],,16,,BattleArmor,,,,,,,,3F,1,A,2,SS,+1,6,5,16,19,CAR4,CAR4,"MECH, NIMB, SPOT, SWRM",,,,,,,,,,,,,,,,,,,,,"CAR4, MECH, NIMB, SPOT, SWRM",,,,Gauss Rifle [David],4,1,3/5/8,,,,,,,,,,,,,,,,,,,,,,,,,4x1,,,,,,,,,,,,,,,,,,
BattleArmor,Trinity Medium Battle Armor,Trinity Medium Battle Armor (Ying Long)(Plasma),,Trinity Medium Battle Armor,(Ying Long)(Plasma),,16,,BattleArmor,,,,,,,,3F,1,A,2,SS,+1,6,5,16,19,AM CAR4 MAS MEC,CAR4,"MECH, NIMB, SPOT, SWRM",,,,,,,,,,,,,,,,,,,,,"CAR4, MECH, NIMB, SPOT, SWRM",,,,Plasma Rifle (Man-Portable),4,2,2/4/6,,,,,,,,,,,,,,,,,,,,,,,,,4x2,,,,,,,,,,,,,,,,,,
BattleArmor,Angerona Scout Suit,Angerona Scout Suit (Recon),,Angerona Scout Suit,(Recon),,17,,BattleArmor,,,,,,,,3F,1,A,2,SS,+1,6,5,17,20,AM CAR4 LMAS MEC RCN RSD1 STL,CAR4,"MECH, NIMB, SPOT, SWRM",,,,,,,,,,STL,,,,,,,,,,,"CAR4, MECH, NIMB, SPOT, SWRM, STL",,,,Machine Gun (Light),4,1,2/4/6,,,,,,,,,,,,,,,,,,,,,,,,,4x1,,,,,,,,,,,,,,,,,,
BattleArmor,Cavalier II Battle Armor,Cavalier II Battle Armor [PPC],,Cavalier II Battle Armor,[PPC],,17,,BattleArmor,,,,,,,,4J,1,A,2,SS,+1,6,5,17,20,CAR4,CAR4,"MECH, NIMB, SPOT, SWRM",,,,,,,,,,,,,,,,,,,,,"CAR4, MECH, NIMB, SPOT, SWRM",,,,Support PPC,4,2,2/5/7,,,,,,,,,,,,,,,,,,,,,,,,,4x2,,,,,,,,,,,,,,,,,,
BattleArmor,Clan Medium Battle Armor,Clan Medium Battle Armor (Laser) 'Volk',,Clan Medium Battle Armor,(Laser) 'Volk',,14,,BattleArmor,,,,,,,,4J,1,A,2,SS,+1,5,4,17,20,AM CAR4 MEC SRCH,CAR4,"MECH, NIMB, SPOT, SWRM",,,,,,,,,,,,,,,,,,,,,"CAR4, MECH, NIMB, SPOT, SWRM",,,,ER Micro Laser,5,2,1/2/4,SRM 3 (OS),15,2,3/6/9,,,,,,,,,,,,,,,,,,,,,5x2,15x2,,,,,,,,,,,,,,,,,
BattleArmor,Clan Medium Battle Armor,Clan Medium Battle Armor (Rache),,Clan Medium Battle Armor,(Rache),,14,,BattleArmor,,,,,,,,4J,1,A,2,SS,+1,5,4,17,20,AM CAR4 MEC SRCH,CAR4,"MECH, NIMB, SPOT, SWRM",,,,,,,,,,,,,,,,,,,,,"CAR4, MECH, NIMB, SPOT, SWRM",,,,Machine Gun (Medium),5,2,1/2/3,SRM 3 (OS),30,2,3/6/9,,,,,,,,,,,,,,,,,,,,,5x2,30x2,,,,,,,,,,,,,,,,,
BattleArmor,Corona Heavy Battle Armor,Corona Heavy Battle Armor (SRM),,Corona Heavy Battle Armor,(SRM),,14,,BattleArmor,,,,,,,,2F,1,A,2,SS,0,5,4,17,20,CAR4 HT1/-/- MEC,CAR4,"MECH, NIMB, SPOT, SWRM",,,,,,,,,,,,,,,,,,,,,"CAR4, MECH, NIMB, SPOT, SWRM",,,,BA Recoilless Rifle (Heavy),5,3,3/5/7,Flamer [BA],5,2,1/2/3,SRM 5,20,2,3/6/9,,,,,,,,,,,,,,,,,5x3,5x2,20x2,,,,,,,,,,,,,,,,
BattleArmor,Cuchulainn Support Armor,Cuchulainn Support Armor,,Cuchulainn Support Armor,,,14,,BattleArmor,,,,,,,,2F,2,AA,2,SS,0,5,4,17,20,CAR4 MEC STL,CAR4,"MECH, NIMB, SPOT, SWRM",,,,,,,,,,STL,,,,,,,,,,,"CAR4, MECH, NIMB, SPOT, SWRM, STL",,,,ER Medium Pulse Laser,5,7,5/9/14,,,,,,,,,,,,,,,,,,,,,,,,,5x7,,,,,,,,,,,,,,,,,,
BattleArmor,Elemental Battle Armor,Elemental Battle Armor (Headhunter),,Elemental Battle Armor,(Headhunter),,14,,BattleArmor,,,,,,,,3J,1,A,2,SS,+1,5,4,17,20,AM CAR4 MEC RCN RSD1,CAR4,"MECH, NIMB, SPOT, SWRM",,,,,,,,,,,,,,,,,,,,,"CAR4, MECH, NIMB, SPOT, SWRM",,,,Machine Gun (Medium),5,2,1/2/3,,,,,,,,,,,,,,,,,,,,,,,,,5x2,,,,,,,,,,,,,,,,,,
BattleArmor,Elemental II Battle Armor,Elemental II Battle Armor,,Elemental II Battle Armor,,,14,,BattleArmor,,,,,,,,4F,1,A,2,SS,+1,5,4,17,20,AM CAR4 MEC,CAR4,"MECH, NIMB, SPOT, SWRM",,,,,,,,,,,,,,,,,,,,,"CAR4, MECH, NIMB, SPOT, SWRM",,,,Gauss Rifle [Anti-personnel Gauss Rifle],5,3,3/6/9,,,,,,,,,,,,,,,,,,,,,,,,,5x3,,,,,,,,,,,,,,,,,,
BattleArmor,Fa Shih Battle Armor,Fa Shih Battle Armor [LRR],,Fa Shih Battle Armor,[LRR],,17,,BattleArmor,,,,,,,,3J,1,A,2,SS,+1,6,5,17,20,AM CAR4 MDS2 MSW XMEC,CAR4,"MECH, NIMB, SPOT, SWRM",,,,,,,,,,,,,,,,,,,,,"CAR4, MECH, NIMB, SPOT, SWRM",,,,BA Recoilless Rifle (Light),4,2,2/4/6,,,,,,,,,,,,,,,,,,,,,,,,,4x2,,,,,,,,,,,,,,,,,,
BattleArmor,Fenrir Battle Armor,Fenrir Battle Armor [MPL],,Fenrir Battle Armor,[MPL],,17,,BattleArmor,,,,,,,,4F,1,A,2,SS,+1,6,5,17,20,CAR4,CAR4,"MECH, NIMB, SPOT, SWRM",,,,,,,,,,,,,,,,,,,,,"CAR4, MECH, NIMB, SPOT, SWRM",,,,Medium Pulse Laser,4,6,2/4/6,,,,,,,,,,,,,,,,,,,,,,,,,4x6,,,,,,,,,,,,,,,,,,
BattleArmor,Gnome Battle Armor,Gnome Battle Armor (Upgrade) [Bearhunter],,Gnome Battle Armor,(Upgrade) [Bearhunter],,14,,BattleArmor,,,,,,,,2J,2,AA,2,SS,0,5,4,17,20,CAR4 MEC,CAR4,"MECH, NIMB, SPOT, SWRM",,,,,,,,,,,,,,,,,,,,,"CAR4, MECH, NIMB, SPOT, SWRM",,,,Advanced SRM 2,5,2,4/8/12,Machine Gun (Bearhunter AC),10,3,1/2/3,,,,,,,,,,,,,,,,,,,,,5x2,10x3,,,,,,,,,,,,,,,,,
BattleArmor,Gnome Battle Armor,Gnome Battle Armor (Upgrade) [Pulse Laser],,Gnome Battle Armor,(Upgrade) [Pulse Laser],,14,,BattleArmor,,,,,,,,2J,2,AA,2,SS,0,5,4,17,20,CAR4 MEC,CAR4,"MECH, NIMB, SPOT, SWRM",,,,,,,,,,,,,,,,,,,,,"CAR4, MECH, NIMB, SPOT, SWRM",,,,Micro Pulse Laser,10,3,1/2/3,Advanced SRM 2,5,2,4/8/12,,,,,,,,,,,,,,,,,,,,,10x3,5x2,,,,,,,,,,,,,,,,,
BattleArmor,Golem Assault Armor,Golem Assault Armor,,Golem Assault Armor,,,14,,BattleArmor,,,,,,,,2F,2,AA,2,SS,0,5,4,17,20,CAR4 FR,CAR4,"MECH, NIMB, SPOT, SWRM",,,,,,,,,,,,,,,,,,,,,"CAR4, MECH, NIMB, SPOT, SWRM",,,,Machine Gun (Bearhunter AC),10,3,1/2/3,Advanced SRM 5,5,2,4/8/12,,,,,,,,,,,,,,,,,,,,,10x3,5x2,,,,,,,,,,,,,,,,,
BattleArmor,Golem Assault Armor,Golem Assault Armor (Rock Golem),,Golem Assault Armor,(Rock Golem),,14,,BattleArmor,,,,,,,,2F,2,AA,2,SS,0,5,4,17,20,CAR4 FR,CAR4,"MECH, NIMB, SPOT, SWRM",,,,,,,,,,,,,,,,,,,,,"CAR4, MECH, NIMB, SPOT, SWRM",,,,BA Recoilless Rifle (Heavy),10,3,3/5/7,SRM 5 (OS),20,2,3/6/9,,,,,,,,,,,,,,,,,,,,,10x3,20x2,,,,,,,,,,,,,,,,,
BattleArmor,Golem Assault Armor,Golem Assault Armor (Support),,Golem Assault Armor,(Support),,14,,BattleArmor,,,,,,,,2F,2,AA,2,SS,0,5,4,17,20,CAR4 FR,CAR4,"MECH, NIMB, SPOT, SWRM",,,,,,,,,,,,,,,,,,,,,"CAR4, MECH, NIMB, SPOT, SWRM",,,,Advanced SRM 6,5,2,4/8/12,,,,,,,,,,,,,,,,,,,,,,,,,5x2,,,,,,,,,,,,,,,,,,
BattleArmor,Gray Death Infiltrator Suit,Gray Death Infiltrator Suit (Mines),,Gray Death Infiltrator Suit,(Mines),,17,,BattleArmor,,,,,,,,3J,1,A,2,SS,+1,6,5,17,20,AM CAR4 MEC PAR RCN STL,CAR4,"MECH, NIMB, SPOT, SWRM",,,,,,,,,,STL,,,,,,,,,,,"CAR4, MECH, NIMB, SPOT, SWRM, STL",,,,Gauss Rifle [David],4,1,3/5/8,,,,,,,,,,,,,,,,,,,,,,,,,4x1,,,,,,,,,,,,,,,,,,
BattleArmor,Gray Death Infiltrator Suit,Gray Death Infiltrator Suit (Sensors),,Gray Death Infiltrator Suit,(Sensors),,17,,BattleArmor,,,,,,,,3J,1,A,2,SS,+1,6,5,17,20,AM CAR4 MDS2 MEC PAR STL,CAR4,"MECH, NIMB, SPOT, SWRM",,,,,,,,,,STL,,,,,,,,,,,"CAR4, MECH, NIMB, SPOT, SWRM, STL",,,,Gauss Rifle [David],4,1,3/5/8,,,,,,,,,,,,,,,,,,,,,,,,,4x1,,,,,,,,,,,,,,,,,,
BattleArmor,Gray Death Infiltrator Suit,Gray Death Infiltrator Suit (TAG),,Gray Death Infiltrator Suit,(TAG),,17,,BattleArmor,,,,,,,,3J,1,A,2,SS,+1,6,5,17,20,AM CAR4 MEC PAR RCN RSD1 STL,CAR4,"MECH, NIMB, SPOT, SWRM",,,,,,,,,,STL,,,,,,,,,,,"CAR4, MECH, NIMB, SPOT, SWRM, STL",,,,Gauss Rifle [David],4,1,3/5/8,,,,,,,,,,,,,,,,,,,,,,,,,4x1,,,,,,,,,,,,,,,,,,
BattleArmor,Grenadier II Battle Armor,Grenadier II Battle Armor B,,Grenadier II Battle Armor,B,,17,,BattleArmor,,,,,,,,2F,2,AA,2,SS,0,6,5,17,20,C3S CAR4 IF1 MEC MHQ1 STL,CAR4,"MECH, NIMB, SPOT, SWRM",,,,,,,IF1,,,STL,,,,,,,,,,,"CAR4, MECH, NIMB, SPOT, SWRM, IF1, STL",,,,LRM 4,2,5,7/14/21,,,,,,,,,,,,,,,,,,,,,,,,,2x5,,,,,,,,,,,,,,,,,,
BattleArmor,Grenadier II Battle Armor,Grenadier II Battle Armor D,,Grenadier II Battle Armor,D,,17,,BattleArmor,,,,,,,,2F,2,AA,2,SS,0,6,5,17,20,ARTBA-1 CAR4 MEC STL,CAR4,"MECH, NIMB, SPOT, SWRM",,,,,,,,,ARTBA-1,STL,,,,,,,,,,,"CAR4, MECH, NIMB, SPOT, SWRM, ARTBA-1, STL",,,,Needler (Firedrake),4,1,1/2/3,Tube Artillery (BA),4,1,2/2/2,,,,,,,,,,,,,,,,,,,,,4x1,4x1,,,,,,,,,,,,,,,,,
BattleArmor,Infiltrator Mk. II Battle Armor,Infiltrator Mk. II Battle Armor 'Puma',,Infiltrator Mk. II Battle Armor,Puma',,17,,BattleArmor,,,,,,,,3J,1,A,2,SS,+1,6,5,17,20,AM CAR4 LECM MEC PAR STL,CAR4,"MECH, NIMB, SPOT, SWRM",,,,ECM2,,,,,,STL,,,,,,,,,,,"CAR4, MECH, NIMB, SPOT, SWRM, ECM2, STL",,,,Gauss Rifle [Magshot],4,2,3/6/9,,,,,,,,,,,,,,,,,,,,,,,,,4x2,,,,,,,,,,,,,,,,,,
BattleArmor,Infiltrator Mk. II Battle Armor,Infiltrator Mk. II Battle Armor (Magnetic),,Infiltrator Mk. II Battle Armor,(Magnetic),,17,,BattleArmor,,,,,,,,3J,1,A,2,SS,+1,6,5,17,20,AM CAR4 LECM STL XMEC,CAR4,"MECH, NIMB, SPOT, SWRM",,,,ECM2,,,,,,STL,,,,,,,,,,,"CAR4, MECH, NIMB, SPOT, SWRM, ECM2, STL",,,,Gauss Rifle [Magshot],4,2,3/6/9,,,,,,,,,,,,,,,,,,,,,,,,,4x2,,,,,,,,,,,,,,,,,,
BattleArmor,Infiltrator Mk. II Battle Armor,Infiltrator Mk. II Battle Armor Coral Intent,,Infiltrator Mk. II Battle Armor,Coral Intent,,17,,BattleArmor,,,,,,,,3J,1,A,2,SS,+1,6,5,17,20,AM CAR4 C3S MAS MEC MHQ1,CAR4,"MECH, NIMB, SPOT, SWRM",,,,,,,,,,,,,,,,,,,,,"CAR4, MECH, NIMB, SPOT, SWRM",,,,Gauss Rifle [David],4,1,3/5/8,,,,,,,,,,,,,,,,,,,,,,,,,4x1,,,,,,,,,,,,,,,,,,
BattleArmor,Ironhold Assault Battle Armor,Ironhold Assault Battle Armor (Anti-Tank),,Ironhold Assault Battle Armor,(Anti-Tank),,14,,BattleArmor,,,,,,,,1F,2,AA,2,SS,0,5,4,17,20,CAR4 FLK2/2/- FR,CAR4,"MECH, NIMB, SPOT, SWRM",,,,,,,,,,,,,,,,,,,,,"CAR4, MECH, NIMB, SPOT, SWRM",,,,Battle Armor LB-X AC,10,1,2/5/8,SRM 1 (OS),5,2,3/6/9,,,,,,,,,,,,,,,,,,,,,10x1,5x2,,,,,,,,,,,,,,,,,
BattleArmor,Leonidas Battle Armor,Leonidas Battle Armor (TAG),,Leonidas Battle Armor,(TAG),,17,,BattleArmor,,,,,,,,3F,1,A,2,SS,+1,6,5,17,20,AECM AM CAR4 MEC RCN STL,CAR4,"MECH, NIMB, SPOT, SWRM",,,,,ECM,,,,,STL,,,,,,,,,,,"CAR4, MECH, NIMB, SPOT, SWRM, ECM, STL",,,,,,,,,,,,,,,,,,,,,,,,,,,,,,,,,,,,,,,,,,,,,,,,,,
BattleArmor,Nephilim Assault Battle Armor,Nephilim Assault Battle Armor (Gauss),,Nephilim Assault Battle Armor,(Gauss),,17,,BattleArmor,,,,,,,,2F,2,AA,2,SS,0,6,5,17,20,CAR4 MAS,CAR4,"MECH, NIMB, SPOT, SWRM",,,,,,,,,,,,,,,,,,,,,"CAR4, MECH, NIMB, SPOT, SWRM",,,,Gauss Rifle [David],4,1,3/5/8,Gauss Rifle [Magshot],8,2,3/6/9,,,,,,,,,,,,,,,,,,,,,4x1,8x2,,,,,,,,,,,,,,,,,
BattleArmor,Ravager Assault Battle Armor,Ravager Assault Battle Armor (LRM),,Ravager Assault Battle Armor,(LRM),,17,,BattleArmor,,,,,,,,2F,2,AA,2,SS,0,6,5,17,20,CAR4 IF1,CAR4,"MECH, NIMB, SPOT, SWRM",,,,,,,IF1,,,,,,,,,,,,,,"CAR4, MECH, NIMB, SPOT, SWRM, IF1",,,,BA Recoilless Rifle (Light),4,2,2/4/6,LRM 3,2,5,7/14/21,,,,,,,,,,,,,,,,,,,,,4x2,2x5,,,,,,,,,,,,,,,,,
BattleArmor,Rottweiler Battle Armor,Rottweiler Battle Armor (Upgrade),,Rottweiler Battle Armor,(Upgrade),,17,,BattleArmor,,,,,,,,5F,1,A,2,SS,+2,6,5,17,20,CAR4 RSD1 RCN STL,CAR4,"MECH, NIMB, SPOT, SWRM",,,,,,,,,,STL,,,,,,,,,,,"CAR4, MECH, NIMB, SPOT, SWRM, STL",,,,Gauss Rifle [King David],4,1,3/6/9,,,,,,,,,,,,,,,,,,,,,,,,,4x1,,,,,,,,,,,,,,,,,,
BattleArmor,Shedu Assault Battle Armor,Shedu Assault Battle Armor (PPC),,Shedu Assault Battle Armor,(PPC),,17,,BattleArmor,,,,,,,,3F,2,AA,2,SS,+1,6,5,17,20,CAR4,CAR4,"MECH, NIMB, SPOT, SWRM",,,,,,,,,,,,,,,,,,,,,"CAR4, MECH, NIMB, SPOT, SWRM",,,,Support PPC,8,2,2/5/7,Machine Gun (Heavy),4,3,1/2/2,,,,,,,,,,,,,,,,,,,,,8x2,4x3,,,,,,,,,,,,,,,,,
BattleArmor,Sloth Battle Armor,Sloth Battle Armor (Interdictor),,Sloth Battle Armor,(Interdictor),,17,,BattleArmor,,,,,,,,3F,1,A,2,SS,+1,6,5,17,20,CAR4 LECM,CAR4,"MECH, NIMB, SPOT, SWRM",,,,ECM2,,,,,,,,,,,,,,,,,"CAR4, MECH, NIMB, SPOT, SWRM, ECM2",,,,ER Small Laser,8,3,2/4/5,,,,,,,,,,,,,,,,,,,,,,,,,8x3,,,,,,,,,,,,,,,,,,
BattleArmor,Trinity Medium Battle Armor,Trinity Medium Battle Armor (Theseus Support)'Killshot',,Trinity Medium Battle Armor,(Theseus Support)'Killshot',,17,,BattleArmor,,,,,,,,3F,1,A,2,SS,+1,6,5,17,20,AM CAR4 MEC,CAR4,"MECH, NIMB, SPOT, SWRM",,,,,,,,,,,,,,,,,,,,,"CAR4, MECH, NIMB, SPOT, SWRM",,,,Rocket Launcher 4,4,4,3/7/12,Rocket Launcher 5,4,5,3/7/12,Grenade Launcher (Micro),4,1,1/2/2,,,,,,,,,,,,,,,,,4x4,4x5,4x1,,,,,,,,,,,,,,,,
BattleArmor,Void Medium Battle Armor,Void Medium Battle Armor,,Void Medium Battle Armor,,,17,,BattleArmor,,,,,,,,4J,1,A,2,SS,+1,6,5,17,20,AM CAR4 MEC STL,CAR4,"MECH, NIMB, SPOT, SWRM",,,,,,,,,,STL,,,,,,,,,,,"CAR4, MECH, NIMB, SPOT, SWRM, STL",,,,Support PPC,4,2,2/5/7,,,,,,,,,,,,,,,,,,,,,,,,,4x2,,,,,,,,,,,,,,,,,,
BattleArmor,Void Medium Battle Armor,Void Medium Battle Armor (Nova Cat),,Void Medium Battle Armor,(Nova Cat),,17,,BattleArmor,,,,,,,,4J,1,A,2,SS,+1,6,5,17,20,AM CAR4 MEC STL,CAR4,"MECH, NIMB, SPOT, SWRM",,,,,,,,,,STL,,,,,,,,,,,"CAR4, MECH, NIMB, SPOT, SWRM, STL",,,,Gauss Rifle [Magshot],4,2,3/6/9,,,,,,,,,,,,,,,,,,,,,,,,,4x2,,,,,,,,,,,,,,,,,,
BattleArmor,Afreet Medium Battle Armor,Afreet Medium Battle Armor (Hell's Horses),,Afreet Medium Battle Armor,(Hell's Horses),,15,,BattleArmor,,,,,,,,4J,1,A,2,SS,+1,5,4,18,22,AM CAR4 MEC,CAR4,"MECH, NIMB, SPOT, SWRM",,,,,,,,,,,,,,,,,,,,,"CAR4, MECH, NIMB, SPOT, SWRM",,,,Machine Gun (Bearhunter AC),5,3,1/2/3,SRM 3 (OS),15,2,3/6/9,,,,,,,,,,,,,,,,,,,,,5x3,15x2,,,,,,,,,,,,,,,,,
BattleArmor,Amazon Battle Armor,Amazon Battle Armor [MRR],,Amazon Battle Armor,[MRR],,18,,BattleArmor,,,,,,,,3J,1,A,2,SS,+1,6,5,18,22,AM CAR4 MEC,CAR4,"MECH, NIMB, SPOT, SWRM",,,,,,,,,,,,,,,,,,,,,"CAR4, MECH, NIMB, SPOT, SWRM",,,,BA Recoilless Rifle (Medium),4,3,2/4/6,,,,,,,,,,,,,,,,,,,,,,,,,4x3,,,,,,,,,,,,,,,,,,
BattleArmor,Clan Medium Battle Armor,Clan Medium Battle Armor (Rabid),,Clan Medium Battle Armor,(Rabid),,15,,BattleArmor,,,,,,,,4J,1,A,2,SS,+1,5,4,18,22,AM CAR4 HT1/-/- MEC SRCH,CAR4,"MECH, NIMB, SPOT, SWRM",,,,,,,,,,,,,,,,,,,,,"CAR4, MECH, NIMB, SPOT, SWRM",,,,SRM 2 (OS),20,2,3/6/9,Flamer [BA],5,2,1/2/3,,,,,,,,,,,,,,,,,,,,,20x2,5x2,,,,,,,,,,,,,,,,,
BattleArmor,Constable Pacification Suit,Constable Pacification Suit [Sensor],,Constable Pacification Suit,[Sensor],,15,,BattleArmor,,,,,,,,3J,1,A,2,SS,+1,5,4,18,22,AM CAR4 MEC,CAR4,"MECH, NIMB, SPOT, SWRM",,,,,,,,,,,,,,,,,,,,,"CAR4, MECH, NIMB, SPOT, SWRM",,,,Grenade Launcher (Heavy),10,1,1/2/3,,,,,,,,,,,,,,,,,,,,,,,,,10x1,,,,,,,,,,,,,,,,,,
BattleArmor,Elemental Battle Armor,Elemental Battle Armor (Fire) [Flamer],,Elemental Battle Armor,(Fire) [Flamer],,15,,BattleArmor,,,,,,,,3J,1,A,2,SS,+1,5,4,18,22,AM CAR FR HT1/-/- MEC,,"MECH, NIMB, SPOT, SWRM",,,,,,,,,,,,,,,,,,,,,"MECH, NIMB, SPOT, SWRM",,,,Flamer [BA],5,2,1/2/3,SRM 2 (OS),10,2,3/6/9,,,,,,,,,,,,,,,,,,,,,5x2,10x2,,,,,,,,,,,,,,,,,
BattleArmor,Elemental Battle Armor,Elemental Battle Armor (Fire) [MicroPL],,Elemental Battle Armor,(Fire) [MicroPL],,15,,BattleArmor,,,,,,,,3J,1,A,2,SS,+1,5,4,18,22,AM CAR4 FR MEC,CAR4,"MECH, NIMB, SPOT, SWRM",,,,,,,,,,,,,,,,,,,,,"CAR4, MECH, NIMB, SPOT, SWRM",,,,Micro Pulse Laser,5,3,1/2/3,SRM 2 (OS),10,2,3/6/9,,,,,,,,,,,,,,,,,,,,,5x3,10x2,,,,,,,,,,,,,,,,,
BattleArmor,Elemental II Battle Armor,Elemental II Battle Armor X,,Elemental II Battle Armor,X,,15,,BattleArmor,,,,,,,,3J,1,A,2,SS,+1,5,4,18,22,CAR4 MEC,CAR4,"MECH, NIMB, SPOT, SWRM",,,,,,,,,,,,,,,,,,,,,"CAR4, MECH, NIMB, SPOT, SWRM",,,,Micro Pulse Laser,5,3,1/2/3,Machine Gun (Light),5,1,2/4/6,,,,,,,,,,,,,,,,,,,,,5x3,5x1,,,,,,,,,,,,,,,,,
BattleArmor,Gnome Battle Armor,Gnome Battle Armor,,Gnome Battle Armor,,,15,,BattleArmor,,,,,,,,2J,2,AA,2,SS,0,5,4,18,22,CAR4 MEC,CAR4,"MECH, NIMB, SPOT, SWRM",,,,,,,,,,,,,,,,,,,,,"CAR4, MECH, NIMB, SPOT, SWRM",,,,ER Small Laser,5,5,2/4/6,Advanced SRM 2,5,2,4/8/12,,,,,,,,,,,,,,,,,,,,,5x5,5x2,,,,,,,,,,,,,,,,,
BattleArmor,Gnome Battle Armor,Gnome Battle Armor (Upgrade) [MRR],,Gnome Battle Armor,(Upgrade) [MRR],,15,,BattleArmor,,,,,,,,2J,2,AA,2,SS,0,5,4,18,22,CAR4 MEC,CAR4,"MECH, NIMB, SPOT, SWRM",,,,,,,,,,,,,,,,,,,,,"CAR4, MECH, NIMB, SPOT, SWRM",,,,BA Recoilless Rifle (Medium),5,3,2/4/6,LRM 2 (OS),2,5,7/14/21,Advanced SRM 2,5,2,4/8/12,,,,,,,,,,,,,,,,,5x3,2x5,5x2,,,,,,,,,,,,,,,,
BattleArmor,Gray Death Scout Suit,Gray Death Scout Suit (Reaper),,Gray Death Scout Suit,(Reaper),,18,,BattleArmor,,,,,,,,3J,1,A,2,SS,+1,6,5,18,22,CAR4,CAR4,"MECH, NIMB, SPOT, SWRM",,,,,,,,,,,,,,,,,,,,,"CAR4, MECH, NIMB, SPOT, SWRM",,,,Machine Gun (Medium),4,2,1/2/3,Flamer [BA],4,2,1/2/3,,,,,,,,,,,,,,,,,,,,,4x2,4x2,,,,,,,,,,,,,,,,,
BattleArmor,Hauberk Battle Armor,Hauberk Battle Armor U15,,Hauberk Battle Armor,U15,,18,,BattleArmor,,,,,,,,2F,1,A,2,SS,0,6,5,18,22,CAR4 LECM MAS,CAR4,"MECH, NIMB, SPOT, SWRM",,,,ECM2,,,,,,,,,,,,,,,,,"CAR4, MECH, NIMB, SPOT, SWRM, ECM2",,,,ER Small Laser,4,5,2/4/6,Micro Pulse Laser,4,3,1/2/3,Gauss Rifle [Magshot],4,2,3/6/9,SRM 2,8,2,3/6/9,,,,,,,,,,,,,4x5,4x3,4x2,8x2,,,,,,,,,,,,,,,
BattleArmor,Ironhold Assault Battle Armor,Ironhold Assault Battle Armor,,Ironhold Assault Battle Armor,,,15,,BattleArmor,,,,,,,,2J,2,AA,2,SS,0,5,4,18,22,CAR4,CAR4,"MECH, NIMB, SPOT, SWRM",,,,,,,,,,,,,,,,,,,,,"CAR4, MECH, NIMB, SPOT, SWRM",,,,Gauss Rifle [Anti-personnel Gauss Rifle],10,3,3/6/9,,,,,,,,,,,,,,,,,,,,,,,,,10x3,,,,,,,,,,,,,,,,,,
BattleArmor,Longinus C Battle Armor,Longinus C Battle Armor [MMR],,Longinus C Battle Armor,[MMR],,18,,BattleArmor,,,,,,,,3J,1,A,2,SS,+1,6,5,18,22,CAR4,CAR4,"MECH, NIMB, SPOT, SWRM",,,,,,,,,,,,,,,,,,,,,"CAR4, MECH, NIMB, SPOT, SWRM",,,,BA Recoilless Rifle (Medium),4,3,2/4/6,Advanced SRM 4 (OS),4,2,4/8/12,,,,,,,,,,,,,,,,,,,,,4x3,4x2,,,,,,,,,,,,,,,,,
BattleArmor,Purifier Battle Armor Terra,Purifier Battle Armor Terra [AP Gauss],,Purifier Battle Armor Terra,[AP Gauss],,18,,BattleArmor,,,,,,,,3J,1,A,2,SS,+1,6,5,18,22,CAR4,CAR4,"MECH, NIMB, SPOT, SWRM",,,,,,,,,,,,,,,,,,,,,"CAR4, MECH, NIMB, SPOT, SWRM",,,,Gauss Rifle [Anti-personnel Gauss Rifle],4,3,3/6/9,,,,,,,,,,,,,,,,,,,,,,,,,4x3,,,,,,,,,,,,,,,,,,
BattleArmor,Purifier Battle Armor Terra,Purifier Battle Armor Terra [ERSL],,Purifier Battle Armor Terra,[ERSL],,18,,BattleArmor,,,,,,,,3J,1,A,2,SS,+1,6,5,18,22,CAR4,CAR4,"MECH, NIMB, SPOT, SWRM",,,,,,,,,,,,,,,,,,,,,"CAR4, MECH, NIMB, SPOT, SWRM",,,,ER Small Laser,4,5,2/4/6,,,,,,,,,,,,,,,,,,,,,,,,,4x5,,,,,,,,,,,,,,,,,,
BattleArmor,Purifier Battle Armor Terra,Purifier Battle Armor Terra [MRR],,Purifier Battle Armor Terra,[MRR],,18,,BattleArmor,,,,,,,,3J,1,A,2,SS,+1,6,5,18,22,CAR4,CAR4,"MECH, NIMB, SPOT, SWRM",,,,,,,,,,,,,,,,,,,,,"CAR4, MECH, NIMB, SPOT, SWRM",,,,BA Recoilless Rifle (Medium),4,3,2/4/6,,,,,,,,,,,,,,,,,,,,,,,,,4x3,,,,,,,,,,,,,,,,,,
BattleArmor,Purifier Battle Armor Terra,Purifier Battle Armor Terra [SPL],,Purifier Battle Armor Terra,[SPL],,18,,BattleArmor,,,,,,,,3J,1,A,2,SS,+1,6,5,18,22,CAR4,CAR4,"MECH, NIMB, SPOT, SWRM",,,,,,,,,,,,,,,,,,,,,"CAR4, MECH, NIMB, SPOT, SWRM",,,,Small Pulse Laser,4,3,2/4/6,,,,,,,,,,,,,,,,,,,,,,,,,4x3,,,,,,,,,,,,,,,,,,
BattleArmor,Shedu Assault Battle Armor,Shedu Assault Battle Armor,,Shedu Assault Battle Armor,,,18,,BattleArmor,,,,,,,,3F,2,AA,2,SS,+1,6,5,18,22,CAR4,CAR4,"MECH, NIMB, SPOT, SWRM",,,,,,,,,,,,,,,,,,,,,"CAR4, MECH, NIMB, SPOT, SWRM",,,,BA Recoilless Rifle (Heavy),4,3,3/5/7,Machine Gun (Heavy),8,3,1/2/2,,,,,,,,,,,,,,,,,,,,,4x3,8x3,,,,,,,,,,,,,,,,,
BattleArmor,Shedu Assault Battle Armor,Shedu Assault Battle Armor (Support),,Shedu Assault Battle Armor,(Support),,18,,BattleArmor,,,,,,,,3F,2,AA,2,SS,+1,6,5,18,22,CAR4 LMAS,CAR4,"MECH, NIMB, SPOT, SWRM",,,,,,,,,,,,,,,,,,,,,"CAR4, MECH, NIMB, SPOT, SWRM",,,,Small Laser,8,3,1/2/3,SRM 3 (OS),24,2,3/6/9,,,,,,,,,,,,,,,,,,,,,8x3,24x2,,,,,,,,,,,,,,,,,
BattleArmor,Thunderbird II Battle Armor,Thunderbird II Battle Armor,,Thunderbird II Battle Armor,,,18,,BattleArmor,,,,,,,,2F,1,A,2,SS,0,6,5,18,22,CAR4 C3S FLK1/1/- MEC MHQ1,CAR4,"MECH, NIMB, SPOT, SWRM",,,,,,,,,,,,,,,,,,,,,"CAR4, MECH, NIMB, SPOT, SWRM",,,,Battle Armor LB-X AC,5,1,2/5/8,Gauss Rifle [Anti-personnel Gauss Rifle],5,3,3/6/9,,,,,,,,,,,,,,,,,,,,,5x1,5x3,,,,,,,,,,,,,,,,,
BattleArmor,Elemental Battle Armor,Elemental Battle Armor [HMG],!,Elemental Battle Armor,[HMG],,16,,BattleArmor,,,,,,,,3J,1,A,2,SS,+1,5,4,19,23,AM CAR4 MEC,CAR4,"MECH, NIMB, SPOT, SWRM",,,,,,,,,,,,,,,,,,,,,"CAR4, MECH, NIMB, SPOT, SWRM",,,,Machine Gun (Heavy),5,3,1/2/2,SRM 2,10,2,3/6/9,,,,,,,,,,,,,,,,,,,,,5x3,10x2,,,,,,,,,,,,,,,,,
BattleArmor,Constable Pacification Suit,Constable Pacification Suit [SRM],,Constable Pacification Suit,[SRM],,16,,BattleArmor,,,,,,,,3J,1,A,2,SS,+1,5,4,19,23,AM CAR4 MEC,CAR4,"MECH, NIMB, SPOT, SWRM",,,,,,,,,,,,,,,,,,,,,"CAR4, MECH, NIMB, SPOT, SWRM",,,,Grenade Launcher (Heavy),10,1,1/2/3,SRM 1,5,2,3/6/9,,,,,,,,,,,,,,,,,,,,,10x1,5x2,,,,,,,,,,,,,,,,,
BattleArmor,Elemental Battle Armor,Elemental Battle Armor [ER Laser],,Elemental Battle Armor,[ER Laser],,16,,BattleArmor,,,,,,,,3J,1,A,2,SS,+1,5,4,19,23,AM CAR4 MEC,CAR4,"MECH, NIMB, SPOT, SWRM",,,,,,,,,,,,,,,,,,,,,"CAR4, MECH, NIMB, SPOT, SWRM",,,,ER Micro Laser,5,2,1/2/4,SRM 2,10,2,3/6/9,,,,,,,,,,,,,,,,,,,,,5x2,10x2,,,,,,,,,,,,,,,,,
BattleArmor,Elemental Battle Armor,Elemental Battle Armor [MicroPL],,Elemental Battle Armor,[MicroPL],,16,,BattleArmor,,,,,,,,3J,1,A,2,SS,+1,5,4,19,23,AM CAR4 MEC,CAR4,"MECH, NIMB, SPOT, SWRM",,,,,,,,,,,,,,,,,,,,,"CAR4, MECH, NIMB, SPOT, SWRM",,,,Micro Pulse Laser,5,3,1/2/3,SRM 2,10,2,3/6/9,,,,,,,,,,,,,,,,,,,,,5x3,10x2,,,,,,,,,,,,,,,,,
BattleArmor,Fenrir II Assault Battle Armor,Fenrir II Assault Battle Armor (LRM),,Fenrir II Assault Battle Armor,(LRM),,19,,BattleArmor,,,,,,,,3F,2,AA,2,SS,+1,6,5,19,23,CAR4 IF1,CAR4,"MECH, NIMB, SPOT, SWRM",,,,,,,IF1,,,,,,,,,,,,,,"CAR4, MECH, NIMB, SPOT, SWRM, IF1",,,,LRM 4,2,5,7/14/21,,,,,,,,,,,,,,,,,,,,,,,,,2x5,,,,,,,,,,,,,,,,,,
BattleArmor,Fenrir II Assault Battle Armor,Fenrir II Assault Battle Armor (MRR),,Fenrir II Assault Battle Armor,(MRR),,19,,BattleArmor,,,,,,,,3F,2,AA,2,SS,+1,6,5,19,23,CAR4,CAR4,"MECH, NIMB, SPOT, SWRM",,,,,,,,,,,,,,,,,,,,,"CAR4, MECH, NIMB, SPOT, SWRM",,,,BA Recoilless Rifle (Medium),8,3,2/4/6,,,,,,,,,,,,,,,,,,,,,,,,,8x3,,,,,,,,,,,,,,,,,,
BattleArmor,Nephilim Assault Battle Armor,Nephilim Assault Battle Armor (Seeker) [MG],,Nephilim Assault Battle Armor,(Seeker) [MG],,19,,BattleArmor,,,,,,,,2F,2,AA,2,SS,0,6,5,19,23,CAR4 MAS RCN SRCH,CAR4,"MECH, NIMB, SPOT, SWRM",,,,,,,,,,,,,,,,,,,,,"CAR4, MECH, NIMB, SPOT, SWRM",,,,Machine Gun (Medium),4,2,1/2/3,SRM 3,12,2,3/6/9,,,,,,,,,,,,,,,,,,,,,4x2,12x2,,,,,,,,,,,,,,,,,
BattleArmor,Purifier Adaptive Battle Armor,Purifier Adaptive Battle Armor [Laser],,Purifier Adaptive Battle Armor,[Laser],,19,,BattleArmor,,,,,,,,3J,1,A,2,SS,+1,6,5,19,23,AM CAR4 MAS MEC,CAR4,"MECH, NIMB, SPOT, SWRM",,,,,,,,,,,,,,,,,,,,,"CAR4, MECH, NIMB, SPOT, SWRM",,,,ER Small Laser,4,3,2/4/5,,,,,,,,,,,,,,,,,,,,,,,,,4x3,,,,,,,,,,,,,,,,,,
BattleArmor,Rhino Battle Armor,Rhino Battle Armor,,Rhino Battle Armor,,,16,,BattleArmor,,,,,,,,1J,2,AA,2,SS,0,5,4,19,23,CAR4,CAR4,"MECH, NIMB, SPOT, SWRM",,,,,,,,,,,,,,,,,,,,,"CAR4, MECH, NIMB, SPOT, SWRM",,,,Small Pulse Laser,5,3,2/4/6,SRM 2,10,2,3/6/9,,,,,,,,,,,,,,,,,,,,,5x3,10x2,,,,,,,,,,,,,,,,,
BattleArmor,Salamander Battle Armor,Salamander Battle Armor (Anti-Infantry),,Salamander Battle Armor,(Anti-Infantry),,16,,BattleArmor,,,,,,,,3J,1,A,2,SS,+1,5,4,19,23,AM CAR4 FR MEC,CAR4,"MECH, NIMB, SPOT, SWRM",,,,,,,,,,,,,,,,,,,,,"CAR4, MECH, NIMB, SPOT, SWRM",,,,Machine Gun (Heavy),10,3,1/2/2,SRM 1 (OS),5,2,3/6/9,,,,,,,,,,,,,,,,,,,,,10x3,5x2,,,,,,,,,,,,,,,,,
BattleArmor,Salamander Battle Armor,Salamander Battle Armor (Laser),,Salamander Battle Armor,(Laser),,16,,BattleArmor,,,,,,,,3J,1,A,2,SS,+1,5,4,19,23,AM CAR4 FR HT1/-/- MEC,CAR4,"MECH, NIMB, SPOT, SWRM",,,,,,,,,,,,,,,,,,,,,"CAR4, MECH, NIMB, SPOT, SWRM",,,,Flamer [BA],5,2,1/2/3,ER Micro Laser,5,2,1/2/4,SRM 1 (OS),5,2,3/6/9,,,,,,,,,,,,,,,,,5x2,5x2,5x2,,,,,,,,,,,,,,,,
BattleArmor,Shen Long Battle Armor,Shen Long Battle Armor [David Light Gauss],,Shen Long Battle Armor,[David Light Gauss],,19,,BattleArmor,,,,,,,,4F,1,A,2,SS,+1,6,5,19,23,CAR4 MAS,CAR4,"MECH, NIMB, SPOT, SWRM",,,,,,,,,,,,,,,,,,,,,"CAR4, MECH, NIMB, SPOT, SWRM",,,,Gauss Rifle [David],16,1,3/5/8,,,,,,,,,,,,,,,,,,,,,,,,,16x1,,,,,,,,,,,,,,,,,,
BattleArmor,Shen Long Battle Armor,Shen Long Battle Armor [SRM],,Shen Long Battle Armor,[SRM],,19,,BattleArmor,,,,,,,,4F,1,A,2,SS,+1,6,5,19,23,CAR4 MAS,CAR4,"MECH, NIMB, SPOT, SWRM",,,,,,,,,,,,,,,,,,,,,"CAR4, MECH, NIMB, SPOT, SWRM",,,,SRM 4,12,2,3/6/9,,,,,,,,,,,,,,,,,,,,,,,,,12x2,,,,,,,,,,,,,,,,,,
BattleArmor,Sylph Battle Armor,Sylph Battle Armor XR,,Sylph Battle Armor,XR,,16,,BattleArmor,,,,,,,,5F,1,A,2,SS,+2,5,4,19,23,AM CAR4 MEC SRCH,CAR4,"MECH, NIMB, SPOT, SWRM",,,,,,,,,,,,,,,,,,,,,"CAR4, MECH, NIMB, SPOT, SWRM",,,,Machine Gun (Light),10,1,2/4/6,,,,,,,,,,,,,,,,,,,,,,,,,10x1,,,,,,,,,,,,,,,,,,
BattleArmor,Void Medium Battle Armor,Void Medium Battle Armor Caltrop,,Void Medium Battle Armor,Caltrop,,19,,BattleArmor,,,,,,,,3F,1,A,2,SS,+1,6,5,19,23,AM CAR4 MDS2 MEC STL,CAR4,"MECH, NIMB, SPOT, SWRM",,,,,,,,,,STL,,,,,,,,,,,"CAR4, MECH, NIMB, SPOT, SWRM, STL",,,,ER Small Laser,4,5,2/4/6,,,,,,,,,,,,,,,,,,,,,,,,,4x5,,,,,,,,,,,,,,,,,,
BattleArmor,Warg Assault Battle Armor,Warg Assault Battle Armor,,Warg Assault Battle Armor,,,16,,BattleArmor,,,,,,,,1F,2,AA,2,SS,0,5,4,19,23,CAR4,CAR4,"MECH, NIMB, SPOT, SWRM",,,,,,,,,,,,,,,,,,,,,"CAR4, MECH, NIMB, SPOT, SWRM",,,,Small Pulse Laser,5,3,2/4/6,Machine Gun (Light),5,1,2/4/6,SRM 3,30,2,3/6/9,,,,,,,,,,,,,,,,,5x3,5x1,30x2,,,,,,,,,,,,,,,,
BattleArmor,Warg Assault Battle Armor,Warg Assault Battle Armor (Reactive),,Warg Assault Battle Armor,(Reactive),,16,,BattleArmor,,,,,,,,1F,2,AA,2,SS,0,5,4,19,23,CAR4 RCA,CAR4,"MECH, NIMB, SPOT, SWRM",,,,,,,,,,,,,,,,,,,,,"CAR4, MECH, NIMB, SPOT, SWRM",,,,Small Pulse Laser,5,3,2/4/6,Advanced SRM 2,10,2,4/8/12,,,,,,,,,,,,,,,,,,,,,5x3,10x2,,,,,,,,,,,,,,,,,
BattleArmor,Afreet Medium Battle Armor,Afreet Medium Battle Armor,,Afreet Medium Battle Armor,,,17,,BattleArmor,,,,,,,,4J,1,A,2,SS,+1,5,4,20,24,AM CAR4 MEC RCN,CAR4,"MECH, NIMB, SPOT, SWRM",,,,,,,,,,,,,,,,,,,,,"CAR4, MECH, NIMB, SPOT, SWRM",,,,BA Recoilless Rifle (Light),5,2,2/4/6,,,,,,,,,,,,,,,,,,,,,,,,,5x2,,,,,,,,,,,,,,,,,,
BattleArmor,Cavalier II Battle Armor,Cavalier II Battle Armor [MRR],,Cavalier II Battle Armor,[MRR],,20,,BattleArmor,,,,,,,,4J,1,A,2,SS,+1,6,5,20,24,CAR4,CAR4,"MECH, NIMB, SPOT, SWRM",,,,,,,,,,,,,,,,,,,,,"CAR4, MECH, NIMB, SPOT, SWRM",,,,BA Recoilless Rifle (Medium),4,3,2/4/6,,,,,,,,,,,,,,,,,,,,,,,,,4x3,,,,,,,,,,,,,,,,,,
BattleArmor,Elemental III Battle Armor,Elemental III Battle Armor [MicroPL],,Elemental III Battle Armor,[MicroPL],,17,,BattleArmor,,,,,,,,3J,1,A,2,SS,+1,5,4,20,24,AM CAR4 MEC STL,CAR4,"MECH, NIMB, SPOT, SWRM",,,,,,,,,,STL,,,,,,,,,,,"CAR4, MECH, NIMB, SPOT, SWRM, STL",,,,Advanced SRM 2 (OS),5,2,4/8/12,Micro Pulse Laser,5,3,1/2/3,,,,,,,,,,,,,,,,,,,,,5x2,5x3,,,,,,,,,,,,,,,,,
BattleArmor,Fenrir Battle Armor,Fenrir Battle Armor 'Longshot',,Fenrir Battle Armor,Longshot',,20,,BattleArmor,,,,,,,,4F,1,A,2,SS,+1,6,5,20,24,CAR4 C3S IF2 MHQ1,CAR4,"MECH, NIMB, SPOT, SWRM",,,,,,,IF2,,,,,,,,,,,,,,"CAR4, MECH, NIMB, SPOT, SWRM, IF2",,,,LRM 5,6,5,7/14/21,,,,,,,,,,,,,,,,,,,,,,,,,6x5,,,,,,,,,,,,,,,,,,
BattleArmor,Nephilim Assault Battle Armor,Nephilim Assault Battle Armor (Support),,Nephilim Assault Battle Armor,(Support),,20,,BattleArmor,,,,,,,,2F,2,AA,2,SS,0,6,5,20,24,CAR4 MAS,CAR4,"MECH, NIMB, SPOT, SWRM",,,,,,,,,,,,,,,,,,,,,"CAR4, MECH, NIMB, SPOT, SWRM",,,,Small Laser,4,3,1/2/3,Rocket Launcher 4,4,4,3/7/12,,,,,,,,,,,,,,,,,,,,,4x3,4x4,,,,,,,,,,,,,,,,,
BattleArmor,Salamander Battle Armor,Salamander Battle Armor,,Salamander Battle Armor,,,17,,BattleArmor,,,,,,,,3J,1,A,2,SS,+1,5,4,20,24,AM CAR FR HT2/-/- MEC,,"MECH, NIMB, SPOT, SWRM",,,,,,,,,,,,,,,,,,,,,"MECH, NIMB, SPOT, SWRM",,,,Flamer [BA],10,2,1/2/3,SRM 1 (OS),5,2,3/6/9,,,,,,,,,,,,,,,,,,,,,10x2,5x2,,,,,,,,,,,,,,,,,
BattleArmor,Stormbird Battle Armor,Stormbird Battle Armor (Jade Falcon),,Stormbird Battle Armor,(Jade Falcon),,20,,BattleArmor,,,,,,,,2J,2,AA,2,SS,0,6,5,20,24,CAR4 FR XMEC,CAR4,"MECH, NIMB, SPOT, SWRM",,,,,,,,,,,,,,,,,,,,,"CAR4, MECH, NIMB, SPOT, SWRM",,,,Gauss Rifle [Anti-personnel Gauss Rifle],5,3,3/6/9,SRM 3,15,2,3/6/9,,,,,,,,,,,,,,,,,,,,,5x3,15x2,,,,,,,,,,,,,,,,,
BattleArmor,Tortoise II,Tortoise II (aSRM),,Tortoise II,(aSRM),,20,,BattleArmor,,,,,,,,2F,1,A,2,SS,0,6,5,20,24,CAR4,CAR4,"MECH, NIMB, SPOT, SWRM",,,,,,,,,,,,,,,,,,,,,"CAR4, MECH, NIMB, SPOT, SWRM",,,,ER Medium Pulse Laser,4,7,5/9/14,Advanced SRM 3,4,2,4/8/12,,,,,,,,,,,,,,,,,,,,,4x7,4x2,,,,,,,,,,,,,,,,,
BattleArmor,Asura Medium Battle Armor,Asura Medium Battle Armor,,Asura Medium Battle Armor,,,21,,BattleArmor,,,,,,,,3J,1,A,2,SS,+1,6,5,21,25,AM CAR4 MEC,CAR4,"MECH, NIMB, SPOT, SWRM",,,,,,,,,,,,,,,,,,,,,"CAR4, MECH, NIMB, SPOT, SWRM",,,,BA Recoilless Rifle (Medium),4,3,2/4/6,Rocket Launcher 4,4,4,3/7/12,,,,,,,,,,,,,,,,,,,,,4x3,4x4,,,,,,,,,,,,,,,,,
BattleArmor,Nephilim Assault Battle Armor,Nephilim Assault Battle Armor (Capture Team)[HMG],,Nephilim Assault Battle Armor,(Capture Team)[HMG],,21,,BattleArmor,,,,,,,,2F,2,AA,2,SS,0,6,5,21,25,BTAS1 CAR4 IF0* MAS,CAR4,"MECH, NIMB, SPOT, SWRM",,,,,,,,,,,,,,,,,,,,,"CAR4, MECH, NIMB, SPOT, SWRM",,,,Machine Gun (Heavy),4,3,1/2/2,LRM 2 (OS),2,5,7/14/21,Battle Armor Taser,4,1,1/2/3,,,,,,,,,,,,,,,,,4x3,2x5,4x1,,,,,,,,,,,,,,,,
BattleArmor,Void Medium Battle Armor,Void Medium Battle Armor (Minelayer),,Void Medium Battle Armor,(Minelayer),,21,,BattleArmor,,,,,,,,3F,1,A,2,SS,+1,6,5,21,25,AM CAR4 MDS4 MEC STL,CAR4,"MECH, NIMB, SPOT, SWRM",,,,,,,,,,STL,,,,,,,,,,,"CAR4, MECH, NIMB, SPOT, SWRM, STL",,,,BA Recoilless Rifle (Medium),4,3,2/4/6,,,,,,,,,,,,,,,,,,,,,,,,,4x3,,,,,,,,,,,,,,,,,,
BattleArmor,Buraq Fast Battle Armor,Buraq Fast Battle Armor,,Buraq Fast Battle Armor,,,18,,BattleArmor,,,,,,,,7F,1,A,2,SS,+3,5,4,22,26,CAR4 SRCH,CAR4,"MECH, NIMB, SPOT, SWRM",,,,,,,,,,,,,,,,,,,,,"CAR4, MECH, NIMB, SPOT, SWRM",,,,Machine Gun (Medium),10,2,1/2/3,,,,,,,,,,,,,,,,,,,,,,,,,10x2,,,,,,,,,,,,,,,,,,
BattleArmor,Elemental Battle Armor,Elemental Battle Armor (Fire) [AP Gauss],,Elemental Battle Armor,(Fire) [AP Gauss],,18,,BattleArmor,,,,,,,,3J,1,A,2,SS,+1,5,4,22,26,AM CAR4 FR MEC,CAR4,"MECH, NIMB, SPOT, SWRM",,,,,,,,,,,,,,,,,,,,,"CAR4, MECH, NIMB, SPOT, SWRM",,,,Gauss Rifle [Anti-personnel Gauss Rifle],5,3,3/6/9,SRM 2 (OS),10,2,3/6/9,,,,,,,,,,,,,,,,,,,,,5x3,10x2,,,,,,,,,,,,,,,,,
BattleArmor,Elemental Battle Armor,Elemental Battle Armor [AP Gauss],,Elemental Battle Armor,[AP Gauss],,18,,BattleArmor,,,,,,,,3J,1,A,2,SS,+1,5,4,22,26,AM CAR4 MEC,CAR4,"MECH, NIMB, SPOT, SWRM",,,,,,,,,,,,,,,,,,,,,"CAR4, MECH, NIMB, SPOT, SWRM",,,,Gauss Rifle [Anti-personnel Gauss Rifle],5,3,3/6/9,SRM 2,10,2,3/6/9,,,,,,,,,,,,,,,,,,,,,5x3,10x2,,,,,,,,,,,,,,,,,
BattleArmor,Elemental III Battle Armor,Elemental III Battle Armor [Flamer],,Elemental III Battle Armor,[Flamer],,18,,BattleArmor,,,,,,,,3J,1,A,2,SS,+1,5,4,22,26,AM CAR4 HT1/-/-MEC STL,CAR4,"MECH, NIMB, SPOT, SWRM",,,,,,,,,,STL,,,,,,,,,,,"CAR4, MECH, NIMB, SPOT, SWRM, STL",,,,Advanced SRM 2 (OS),5,2,4/8/12,Flamer [BA],5,2,1/2/3,,,,,,,,,,,,,,,,,,,,,5x2,5x2,,,,,,,,,,,,,,,,,
BattleArmor,Golem Assault Armor,Golem Assault Armor (Fast Assault),,Golem Assault Armor,(Fast Assault),,18,,BattleArmor,,,,,,,,3J,2,AA,2,SS,+1,5,4,22,26,CAR4,CAR4,"MECH, NIMB, SPOT, SWRM",,,,,,,,,,,,,,,,,,,,,"CAR4, MECH, NIMB, SPOT, SWRM",,,,Machine Gun (Medium),5,2,1/2/3,SRM 5 (OS),20,2,3/6/9,,,,,,,,,,,,,,,,,,,,,5x2,20x2,,,,,,,,,,,,,,,,,
BattleArmor,Grenadier II Battle Armor,Grenadier II Battle Armor A,,Grenadier II Battle Armor,A,,22,,BattleArmor,,,,,,,,3F,2,AA,2,SS,+1,6,5,22,26,CAR4 MEC STL,CAR4,"MECH, NIMB, SPOT, SWRM",,,,,,,,,,STL,,,,,,,,,,,"CAR4, MECH, NIMB, SPOT, SWRM, STL",,,,Small Laser,4,3,1/2/3,SRM 4,12,2,3/6/9,,,,,,,,,,,,,,,,,,,,,4x3,12x2,,,,,,,,,,,,,,,,,
BattleArmor,Kobold Battle Armor IIC,Kobold Battle Armor IIC,,Kobold Battle Armor IIC,,,18,,BattleArmor,,,,,,,,6V,1,A,2,SS,+2,5,4,22,26,AM ATMO CAR4 LECM LTAG MEC STL,CAR4,"MECH, NIMB, SPOT, SWRM",,,,ECM2,,,,,,STL,,,,,,,,,,,"CAR4, MECH, NIMB, SPOT, SWRM, ECM2, STL",,,,Machine Gun (Light),5,1,2/4/6,,,,,,,,,,,,,,,,,,,,,,,,,5x1,,,,,,,,,,,,,,,,,,
BattleArmor,Thunderbird Battle Armor,Thunderbird Battle Armor (Upgrade)[ER Laser],,Thunderbird Battle Armor,(Upgrade)[ER Laser],,18,,BattleArmor,,,,,,,,3J,1,A,2,SS,+1,5,4,22,26,CAR4 MEC RFA,CAR4,"MECH, NIMB, SPOT, SWRM",,,,,,,,,,,,,,,,,,,,,"CAR4, MECH, NIMB, SPOT, SWRM",,,,ER Small Laser,5,5,2/4/6,,,,,,,,,,,,,,,,,,,,,,,,,5x5,,,,,,,,,,,,,,,,,,
BattleArmor,Thunderbird Battle Armor,Thunderbird Battle Armor (Upgrade)[LB-X],,Thunderbird Battle Armor,(Upgrade)[LB-X],,18,,BattleArmor,,,,,,,,3J,1,A,2,SS,+1,5,4,22,26,CAR4 FLK1/1/- MEC RFA,CAR4,"MECH, NIMB, SPOT, SWRM",,,,,,,,,,,,,,,,,,,,,"CAR4, MECH, NIMB, SPOT, SWRM",,,,Battle Armor LB-X AC,5,1,2/5/8,,,,,,,,,,,,,,,,,,,,,,,,,5x1,,,,,,,,,,,,,,,,,,
BattleArmor,Thunderbird Battle Armor,Thunderbird Battle Armor (Upgrade)[Pulse Laser],,Thunderbird Battle Armor,(Upgrade)[Pulse Laser],,18,,BattleArmor,,,,,,,,3J,1,A,2,SS,+1,5,4,22,26,CAR4 MEC RFA,CAR4,"MECH, NIMB, SPOT, SWRM",,,,,,,,,,,,,,,,,,,,,"CAR4, MECH, NIMB, SPOT, SWRM",,,,Small Pulse Laser,5,3,2/4/6,,,,,,,,,,,,,,,,,,,,,,,,,5x3,,,,,,,,,,,,,,,,,,
BattleArmor,Thunderbird Battle Armor,Thunderbird Battle Armor [AP Gauss],,Thunderbird Battle Armor,[AP Gauss],,18,,BattleArmor,,,,,,,,3J,1,A,2,SS,+1,5,4,22,26,CAR4 MEC,CAR4,"MECH, NIMB, SPOT, SWRM",,,,,,,,,,,,,,,,,,,,,"CAR4, MECH, NIMB, SPOT, SWRM",,,,Gauss Rifle [Anti-personnel Gauss Rifle],5,3,3/6/9,,,,,,,,,,,,,,,,,,,,,,,,,5x3,,,,,,,,,,,,,,,,,,
BattleArmor,Thunderbird Battle Armor,Thunderbird Battle Armor [ER Laser],,Thunderbird Battle Armor,[ER Laser],,18,,BattleArmor,,,,,,,,3J,1,A,2,SS,+1,5,4,22,26,CAR4 MEC,CAR4,"MECH, NIMB, SPOT, SWRM",,,,,,,,,,,,,,,,,,,,,"CAR4, MECH, NIMB, SPOT, SWRM",,,,ER Small Laser,5,5,2/4/6,,,,,,,,,,,,,,,,,,,,,,,,,5x5,,,,,,,,,,,,,,,,,,
BattleArmor,Thunderbird Battle Armor,Thunderbird Battle Armor [Pulse Laser],,Thunderbird Battle Armor,[Pulse Laser],,18,,BattleArmor,,,,,,,,3J,1,A,2,SS,+1,5,4,22,26,CAR4 MEC,CAR4,"MECH, NIMB, SPOT, SWRM",,,,,,,,,,,,,,,,,,,,,"CAR4, MECH, NIMB, SPOT, SWRM",,,,Small Pulse Laser,5,3,2/4/6,,,,,,,,,,,,,,,,,,,,,,,,,5x3,,,,,,,,,,,,,,,,,,
BattleArmor,Tortoise II,Tortoise II (C3),,Tortoise II,(C3),,22,,BattleArmor,,,,,,,,2F,1,A,2,SS,0,6,5,22,26,CAR4,CAR4,"MECH, NIMB, SPOT, SWRM",,,,,,,,,,,,,,,,,,,,,"CAR4, MECH, NIMB, SPOT, SWRM",,,,ER Medium Pulse Laser,4,7,5/9/14,Machine Gun (Light),8,1,2/4/6,,,,,,,,,,,,,,,,,,,,,4x7,8x1,,,,,,,,,,,,,,,,,
BattleArmor,Tortoise II,Tortoise II (LRM),,Tortoise II,(LRM),,22,,BattleArmor,,,,,,,,2F,1,A,2,SS,0,6,5,22,26,CAR4,CAR4,"MECH, NIMB, SPOT, SWRM",,,,,,,,,,,,,,,,,,,,,"CAR4, MECH, NIMB, SPOT, SWRM",,,,ER Medium Pulse Laser,4,7,5/9/14,LRM 4,2,5,7/14/21,,,,,,,,,,,,,,,,,,,,,4x7,2x5,,,,,,,,,,,,,,,,,
BattleArmor,Undine Battle Armor,Undine Battle Armor (Upgrade),,Undine Battle Armor,(Upgrade),,18,,BattleArmor,,,,,,,,3J,1,A,2,SS,+1,5,4,22,26,AM CAR4 IF1 MEC,CAR4,"MECH, NIMB, SPOT, SWRM",,,,,,,IF1,,,,,,,,,,,,,,"CAR4, MECH, NIMB, SPOT, SWRM, IF1",,,,ER Micro Laser,5,2,1/2/4,LRM 3,3,5,7/14/21,,,,,,,,,,,,,,,,,,,,,5x2,3x5,,,,,,,,,,,,,,,,,
BattleArmor,Elemental III Battle Armor,Elemental III Battle Armor [AP Gauss],!,Elemental III Battle Armor,[AP Gauss],,19,,BattleArmor,,,,,,,,3J,1,A,2,SS,+1,5,4,23,28,AM CAR4 MEC STL,CAR4,"MECH, NIMB, SPOT, SWRM",,,,,,,,,,STL,,,,,,,,,,,"CAR4, MECH, NIMB, SPOT, SWRM, STL",,,,Gauss Rifle [Anti-personnel Gauss Rifle],5,3,3/6/9,Advanced SRM 2 (OS),5,2,4/8/12,,,,,,,,,,,,,,,,,,,,,5x3,5x2,,,,,,,,,,,,,,,,,
BattleArmor,Afreet Medium Battle Armor,Afreet Medium Battle Armor (Jade Falcon),,Afreet Medium Battle Armor,(Jade Falcon),,19,,BattleArmor,,,,,,,,4J,1,A,2,SS,+1,5,4,23,28,AM CAR4 FR MEC,CAR4,"MECH, NIMB, SPOT, SWRM",,,,,,,,,,,,,,,,,,,,,"CAR4, MECH, NIMB, SPOT, SWRM",,,,Gauss Rifle [Anti-personnel Gauss Rifle],5,3,3/6/9,,,,,,,,,,,,,,,,,,,,,,,,,5x3,,,,,,,,,,,,,,,,,,
BattleArmor,Elemental Battle Armor,Elemental Battle Armor [Laser],,Elemental Battle Armor,[Laser],,19,,BattleArmor,,,,,,,,3J,1,A,2,SS,+1,5,4,23,28,AM CAR4 MEC,CAR4,"MECH, NIMB, SPOT, SWRM",,,,,,,,,,,,,,,,,,,,,"CAR4, MECH, NIMB, SPOT, SWRM",,,,Small Laser,5,3,1/2/3,SRM 2,10,2,3/6/9,,,,,,,,,,,,,,,,,,,,,5x3,10x2,,,,,,,,,,,,,,,,,
BattleArmor,Elemental Battle Armor,Elemental Battle Armor [MG],,Elemental Battle Armor,[MG],,19,,BattleArmor,,,,,,,,3J,1,A,2,SS,+1,5,4,23,28,AM CAR4 MEC,CAR4,"MECH, NIMB, SPOT, SWRM",,,,,,,,,,,,,,,,,,,,,"CAR4, MECH, NIMB, SPOT, SWRM",,,,Machine Gun (Medium),5,2,1/2/3,SRM 2,10,2,3/6/9,,,,,,,,,,,,,,,,,,,,,5x2,10x2,,,,,,,,,,,,,,,,,
BattleArmor,Gnome Battle Armor,Gnome Battle Armor (LRM),,Gnome Battle Armor,(LRM),,19,,BattleArmor,,,,,,,,2J,2,AA,2,SS,0,5,4,23,28,CAR4 IF1 MEC,CAR4,"MECH, NIMB, SPOT, SWRM",,,,,,,IF1,,,,,,,,,,,,,,"CAR4, MECH, NIMB, SPOT, SWRM, IF1",,,,Gauss Rifle [Anti-personnel Gauss Rifle],5,3,3/6/9,LRM 4,3,5,7/14/21,,,,,,,,,,,,,,,,,,,,,5x3,3x5,,,,,,,,,,,,,,,,,
BattleArmor,Ironhold Assault Battle Armor,Ironhold Assault Battle Armor (Fire),,Ironhold Assault Battle Armor,(Fire),,19,,BattleArmor,,,,,,,,1F,2,AA,2,SS,0,5,4,23,28,CAR4 FR,CAR4,"MECH, NIMB, SPOT, SWRM",,,,,,,,,,,,,,,,,,,,,"CAR4, MECH, NIMB, SPOT, SWRM",,,,Gauss Rifle [Anti-personnel Gauss Rifle],20,3,3/6/9,,,,,,,,,,,,,,,,,,,,,,,,,20x3,,,,,,,,,,,,,,,,,,
BattleArmor,Tortoise II,Tortoise II (SRM),,Tortoise II,(SRM),,23,,BattleArmor,,,,,,,,2F,1,A,2,SS,0,6,5,23,28,CAR4,CAR4,"MECH, NIMB, SPOT, SWRM",,,,,,,,,,,,,,,,,,,,,"CAR4, MECH, NIMB, SPOT, SWRM",,,,ER Medium Pulse Laser,4,7,5/9/14,SRM 6,16,2,3/6/9,,,,,,,,,,,,,,,,,,,,,4x7,16x2,,,,,,,,,,,,,,,,,
BattleArmor,Buraq Fast Battle Armor,Buraq Fast Battle Armor (Hunter-Killer),,Buraq Fast Battle Armor,(Hunter-Killer),,20,,BattleArmor,,,,,,,,7F,1,A,2,SS,+3,5,4,24,29,CAR4 RCN SRCH,CAR4,"MECH, NIMB, SPOT, SWRM",,,,,,,,,,,,,,,,,,,,,"CAR4, MECH, NIMB, SPOT, SWRM",,,,Machine Gun (Bearhunter AC),5,3,1/2/3,,,,,,,,,,,,,,,,,,,,,,,,,5x3,,,,,,,,,,,,,,,,,,
BattleArmor,Elemental Battle Armor,Elemental Battle Armor [Flamer],,Elemental Battle Armor,[Flamer],,20,,BattleArmor,,,,,,,,3J,1,A,2,SS,+1,5,4,24,29,AM CAR4 HT1/-/- MEC,CAR4,"MECH, NIMB, SPOT, SWRM",,,,,,,,,,,,,,,,,,,,,"CAR4, MECH, NIMB, SPOT, SWRM",,,,Flamer [BA],5,2,1/2/3,SRM 2,10,2,3/6/9,,,,,,,,,,,,,,,,,,,,,5x2,10x2,,,,,,,,,,,,,,,,,
BattleArmor,Stormbird Battle Armor,Stormbird Battle Armor,,Stormbird Battle Armor,,,21,,BattleArmor,,,,,,,,2F,2,AA,2,SS,0,5,4,25,30,CAR4 FR HT2/-/- MEC,CAR4,"MECH, NIMB, SPOT, SWRM",,,,,,,,,,,,,,,,,,,,,"CAR4, MECH, NIMB, SPOT, SWRM",,,,Advanced SRM 3,5,2,4/8/12,Heavy Flamer [BA],5,4,2/3/4,,,,,,,,,,,,,,,,,,,,,5x2,5x4,,,,,,,,,,,,,,,,,
BattleArmor,Buraq Fast Battle Armor,Buraq Fast Battle Armor (Support),,Buraq Fast Battle Armor,(Support),,24,,BattleArmor,,,,,,,,7F,1,A,2,SS,+3,5,4,29,34,CAR4 LTAG,CAR4,"MECH, NIMB, SPOT, SWRM",,,,,,,,,,,,,,,,,,,,,"CAR4, MECH, NIMB, SPOT, SWRM",,,,Advanced SRM 2,5,2,4/8/12,,,,,,,,,,,,,,,,,,,,,,,,,5x2,,,,,,,,,,,,,,,,,,
BattleArmor,Ailette Zero-G Engineering Exoskeleton,Ailette Zero-G Engineering Exoskeleton,,Ailette Zero-G Engineering Exoskeleton,,,3,,BattleArmor,,,,,,,,2F,0,,2,SS,0,6,5,3,4,CAR4 SOA,CAR4,"MECH, NIMB, SPOT, SWRM",,,,,,,,,,,,,,,,,,,,,"CAR4, MECH, NIMB, SPOT, SWRM",,,,,,,,,,,,,,,,,,,,,,,,,,,,,,,,,,,,,,,,,,,,,,,,,,
BattleArmor,Gladiator Exoskeleton,Gladiator Exoskeleton 'The Spider',,Gladiator Exoskeleton,The Spider',,3,,BattleArmor,,,,,,,,2F,0,,2,SS,0,6,5,3,4,AM CAR4 MEC XMEC,CAR4,"MECH, NIMB, SPOT, SWRM",,,,,,,,,,,,,,,,,,,,,"CAR4, MECH, NIMB, SPOT, SWRM",,,,,,,,,,,,,,,,,,,,,,,,,,,,,,,,,,,,,,,,,,,,,,,,,,
BattleArmor,Gorilla Exoskeleton,Gorilla Exoskeleton 'Falcata',,Gorilla Exoskeleton,Falcata',,3,,BattleArmor,,,,,,,,1F,0,,2,SS,0,6,5,3,4,AM CAR4 MEC,CAR4,"MECH, NIMB, SPOT, SWRM",,,,,,,,,,,,,,,,,,,,,"CAR4, MECH, NIMB, SPOT, SWRM",,,,Small Laser,4,3,1/2/3,,,,,,,,,,,,,,,,,,,,,,,,,4x3,,,,,,,,,,,,,,,,,,
BattleArmor,Tornado PA(L),Tornado PA(L) G13 [Grenade Launcher],,Tornado PA(L),G13 [Grenade Launcher],,3,,BattleArmor,,,,,,,,1F,0,,2,SS,0,6,5,3,4,AM CAR4 MEC STL,CAR4,"MECH, NIMB, SPOT, SWRM",,,,,,,,,,STL,,,,,,,,,,,"CAR4, MECH, NIMB, SPOT, SWRM, STL",,,,Grenade Launcher (Heavy),4,1,1/2/3,,,,,,,,,,,,,,,,,,,,,,,,,4x1,,,,,,,,,,,,,,,,,,
BattleArmor,Tornado PA(L),Tornado PA(L) G13 [Machine Gun],,Tornado PA(L),G13 [Machine Gun],,3,,BattleArmor,,,,,,,,1F,0,,2,SS,0,6,5,3,4,AM CAR4 MEC STL,CAR4,"MECH, NIMB, SPOT, SWRM",,,,,,,,,,STL,,,,,,,,,,,"CAR4, MECH, NIMB, SPOT, SWRM, STL",,,,Machine Gun (Medium),4,2,1/2/3,,,,,,,,,,,,,,,,,,,,,,,,,4x2,,,,,,,,,,,,,,,,,,
BattleArmor,Tornado PA(L),Tornado PA(L) G14,,Tornado PA(L),G14,,3,,BattleArmor,,,,,,,,1F,0,,2,SS,0,6,5,3,4,AM CAR4 MEC STL,CAR4,"MECH, NIMB, SPOT, SWRM",,,,,,,,,,STL,,,,,,,,,,,"CAR4, MECH, NIMB, SPOT, SWRM, STL",,,,,,,,,,,,,,,,,,,,,,,,,,,,,,,,,,,,,,,,,,,,,,,,,,
BattleArmor,Tunnel Rat I Mining Exoskeleton,Tunnel Rat I Mining Exoskeleton [Armored Glove],,Tunnel Rat I Mining Exoskeleton,[Armored Glove],,3,,BattleArmor,,,,,,,,1F,0,,2,SS,0,6,5,3,4,CAR4 MEC SRCH,CAR4,"MECH, NIMB, SPOT, SWRM",,,,,,,,,,,,,,,,,,,,,"CAR4, MECH, NIMB, SPOT, SWRM",,,,,,,,,,,,,,,,,,,,,,,,,,,,,,,,,,,,,,,,,,,,,,,,,,
BattleArmor,Tunnel Rat II Mining Exoskeleton,Tunnel Rat II Mining Exoskeleton [Armored Glove],,Tunnel Rat II Mining Exoskeleton,[Armored Glove],,3,,BattleArmor,,,,,,,,1F,0,,2,SS,0,6,5,3,4,AM CAR4 MEC SRCH,CAR4,"MECH, NIMB, SPOT, SWRM",,,,,,,,,,,,,,,,,,,,,"CAR4, MECH, NIMB, SPOT, SWRM",,,,,,,,,,,,,,,,,,,,,,,,,,,,,,,,,,,,,,,,,,,,,,,,,,
BattleArmor,Tunnel Rat III Mining Exoskeleton,Tunnel Rat III Mining Exoskeleton [Armored Glove],,Tunnel Rat III Mining Exoskeleton,[Armored Glove],,3,,BattleArmor,,,,,,,,1J,0,,2,SS,0,6,5,3,4,AM CAR4 MEC SRCH,CAR4,"MECH, NIMB, SPOT, SWRM",,,,,,,,,,,,,,,,,,,,,"CAR4, MECH, NIMB, SPOT, SWRM",,,,,,,,,,,,,,,,,,,,,,,,,,,,,,,,,,,,,,,,,,,,,,,,,,
BattleArmor,Tunnel Rat IV Mining Exoskeleton,Tunnel Rat IV Mining Exoskeleton [Battle Claw/GL],,Tunnel Rat IV Mining Exoskeleton,[Battle Claw/GL],,3,,BattleArmor,,,,,,,,2J,0,,2,SS,0,6,5,3,4,AM CAR4 MEC SRCH,CAR4,"MECH, NIMB, SPOT, SWRM",,,,,,,,,,,,,,,,,,,,,"CAR4, MECH, NIMB, SPOT, SWRM",,,,Grenade Launcher (Heavy),4,1,1/2/3,,,,,,,,,,,,,,,,,,,,,,,,,4x1,,,,,,,,,,,,,,,,,,
BattleArmor,Black Wolf Battle Armor,Black Wolf Battle Armor [Heavy Mortar],,Black Wolf Battle Armor,[Heavy Mortar],,4,,BattleArmor,,,,,,,,1J,1,A,2,SS,0,6,5,4,5,CAR4 MEC RCA,CAR4,"MECH, NIMB, SPOT, SWRM",,,,,,,,,,,,,,,,,,,,,"CAR4, MECH, NIMB, SPOT, SWRM",,,,Mortar (Heavy),5,3,2/4/6,,,,,,,,,,,,,,,,,,,,,,,,,5x3,,,,,,,,,,,,,,,,,,
BattleArmor,Infiltrator Mk. I Battle Armor,Infiltrator Mk. I Battle Armor 'Waddle',,Infiltrator Mk. I Battle Armor,Waddle',,4,,BattleArmor,,,,,,,,2F,1,A,2,SS,0,6,5,4,5,CAR4 MEC STL,CAR4,"MECH, NIMB, SPOT, SWRM",,,,,,,,,,STL,,,,,,,,,,,"CAR4, MECH, NIMB, SPOT, SWRM, STL",,,,Grenade Launcher (Heavy),4,1,1/2/3,,,,,,,,,,,,,,,,,,,,,,,,,4x1,,,,,,,,,,,,,,,,,,
BattleArmor,Tornado PA(L),Tornado PA(L) G12,,Tornado PA(L),G12,,4,,BattleArmor,,,,,,,,1F,0,,2,SS,0,6,5,4,5,AM CAR4 LMAS MEC STL,CAR4,"MECH, NIMB, SPOT, SWRM",,,,,,,,,,STL,,,,,,,,,,,"CAR4, MECH, NIMB, SPOT, SWRM, STL",,,,,,,,,,,,,,,,,,,,,,,,,,,,,,,,,,,,,,,,,,,,,,,,,,
BattleArmor,Tornado PA(L),Tornado PA(L) G13 [Flamer],,Tornado PA(L),G13 [Flamer],,4,,BattleArmor,,,,,,,,1F,0,,2,SS,0,6,5,4,5,AM CAR4 HT1/-/- MEC STL,CAR4,"MECH, NIMB, SPOT, SWRM",,,,,,,,,,STL,,,,,,,,,,,"CAR4, MECH, NIMB, SPOT, SWRM, STL",,,,Flamer [BA],4,2,1/2/3,,,,,,,,,,,,,,,,,,,,,,,,,4x2,,,,,,,,,,,,,,,,,,
BattleArmor,Tornado PA(L),Tornado PA(L) G13 [Small Laser],,Tornado PA(L),G13 [Small Laser],,4,,BattleArmor,,,,,,,,1F,0,,2,SS,0,6,5,4,5,AM CAR4 MEC STL,CAR4,"MECH, NIMB, SPOT, SWRM",,,,,,,,,,STL,,,,,,,,,,,"CAR4, MECH, NIMB, SPOT, SWRM, STL",,,,Small Laser,4,3,1/2/3,,,,,,,,,,,,,,,,,,,,,,,,,4x3,,,,,,,,,,,,,,,,,,
BattleArmor,Tornado PA(L),Tornado PA(L) P12 'Hurricane',,Tornado PA(L),P12 'Hurricane',,4,,BattleArmor,,,,,,,,1F,0,,2,SS,0,6,5,4,5,AM CAR4 LMAS MEC STL,CAR4,"MECH, NIMB, SPOT, SWRM",,,,,,,,,,STL,,,,,,,,,,,"CAR4, MECH, NIMB, SPOT, SWRM, STL",,,,,,,,,,,,,,,,,,,,,,,,,,,,,,,,,,,,,,,,,,,,,,,,,,
BattleArmor,Tunnel Rat IV Mining Exoskeleton,Tunnel Rat IV Mining Exoskeleton [Armored Glove/GL],,Tunnel Rat IV Mining Exoskeleton,[Armored Glove/GL],,4,,BattleArmor,,,,,,,,2J,0,,2,SS,0,6,5,4,5,CAR4 SRCH,CAR4,"MECH, NIMB, SPOT, SWRM",,,,,,,,,,,,,,,,,,,,,"CAR4, MECH, NIMB, SPOT, SWRM",,,,Grenade Launcher (Heavy),4,1,1/2/3,,,,,,,,,,,,,,,,,,,,,,,,,4x1,,,,,,,,,,,,,,,,,,
BattleArmor,Ailette Rescue PA(L),Ailette Rescue PA(L),,Ailette Rescue PA(L),,,5,,BattleArmor,,,,,,,,2F,0,,2,SS,0,6,5,5,6,CAR4 RCN SOA,CAR4,"MECH, NIMB, SPOT, SWRM",,,,,,,,,,,,,,,,,,,,,"CAR4, MECH, NIMB, SPOT, SWRM",,,,,,,,,,,,,,,,,,,,,,,,,,,,,,,,,,,,,,,,,,,,,,,,,,
BattleArmor,Gladiator Battle Armor,Gladiator Battle Armor S,,Gladiator Battle Armor,S,,5,,BattleArmor,,,,,,,,4F,0,,2,SS,+1,6,5,5,6,AM CAR4 MEC XMEC,CAR4,"MECH, NIMB, SPOT, SWRM",,,,,,,,,,,,,,,,,,,,,"CAR4, MECH, NIMB, SPOT, SWRM",,,,,,,,,,,,,,,,,,,,,,,,,,,,,,,,,,,,,,,,,,,,,,,,,,
BattleArmor,Gladiator Exoskeleton,Gladiator Exoskeleton [AG],,Gladiator Exoskeleton,[AG],,5,,BattleArmor,,,,,,,,1F,0,,2,SS,0,6,5,5,6,CAR4,CAR4,"MECH, NIMB, SPOT, SWRM",,,,,,,,,,,,,,,,,,,,,"CAR4, MECH, NIMB, SPOT, SWRM",,,,,,,,,,,,,,,,,,,,,,,,,,,,,,,,,,,,,,,,,,,,,,,,,,
BattleArmor,Gladiator Exoskeleton,Gladiator Exoskeleton [BC/ID],,Gladiator Exoskeleton,[BC/ID],,5,,BattleArmor,,,,,,,,1F,0,,2,SS,0,6,5,5,6,CAR4,CAR4,"MECH, NIMB, SPOT, SWRM",,,,,,,,,,,,,,,,,,,,,"CAR4, MECH, NIMB, SPOT, SWRM",,,,,,,,,,,,,,,,,,,,,,,,,,,,,,,,,,,,,,,,,,,,,,,,,,
BattleArmor,Gorilla Exoskeleton,Gorilla Exoskeleton PEX-2B,,Gorilla Exoskeleton,PEX-2B,,5,,BattleArmor,,,,,,,,1F,0,,2,SS,0,6,5,5,6,CAR4 MEC SRCH,CAR4,"MECH, NIMB, SPOT, SWRM",,,,,,,,,,,,,,,,,,,,,"CAR4, MECH, NIMB, SPOT, SWRM",,,,,,,,,,,,,,,,,,,,,,,,,,,,,,,,,,,,,,,,,,,,,,,,,,
BattleArmor,Groundhog Exoskeleton,Groundhog Exoskeleton CEX-205 [Armored Glove],,Groundhog Exoskeleton,CEX-205 [Armored Glove],,5,,BattleArmor,,,,,,,,3F,0,,2,SS,+1,6,5,5,6,AM CAR4 MEC SRCH,CAR4,"MECH, NIMB, SPOT, SWRM",,,,,,,,,,,,,,,,,,,,,"CAR4, MECH, NIMB, SPOT, SWRM",,,,,,,,,,,,,,,,,,,,,,,,,,,,,,,,,,,,,,,,,,,,,,,,,,
BattleArmor,HeavyHauler Exoskeleton,HeavyHauler Exoskeleton,,HeavyHauler Exoskeleton,,,5,,BattleArmor,,,,,,,,1F,0,,2,SS,0,6,5,5,6,CAR4 SRCH,CAR4,"MECH, NIMB, SPOT, SWRM",,,,,,,,,,,,,,,,,,,,,"CAR4, MECH, NIMB, SPOT, SWRM",,,,,,,,,,,,,,,,,,,,,,,,,,,,,,,,,,,,,,,,,,,,,,,,,,
BattleArmor,Kopis Assault Battle Armor,Kopis Assault Battle Armor (Mortar),,Kopis Assault Battle Armor,(Mortar),,5,,BattleArmor,,,,,,,,1F,1,A,2,SS,0,6,5,5,6,CAR4 RCA,CAR4,"MECH, NIMB, SPOT, SWRM",,,,,,,,,,,,,,,,,,,,,"CAR4, MECH, NIMB, SPOT, SWRM",,,,Mortar (Heavy),8,3,2/4/6,,,,,,,,,,,,,,,,,,,,,,,,,8x3,,,,,,,,,,,,,,,,,,
BattleArmor,PowerLoader Exoskeleton,PowerLoader Exoskeleton P-5000,,PowerLoader Exoskeleton,P-5000,,5,,BattleArmor,,,,,,,,2F,0,,2,SS,0,6,5,5,6,CAR4,CAR4,"MECH, NIMB, SPOT, SWRM",,,,,,,,,,,,,,,,,,,,,"CAR4, MECH, NIMB, SPOT, SWRM",,,,,,,,,,,,,,,,,,,,,,,,,,,,,,,,,,,,,,,,,,,,,,,,,,
BattleArmor,Smoothdavid PA(L),Smoothdavid PA(L) II,,Smoothdavid PA(L),II,,5,,BattleArmor,,,,,,,,3F,0,,2,SS,+1,6,5,5,6,AM CAR4 MEC SRCH,CAR4,"MECH, NIMB, SPOT, SWRM",,,,,,,,,,,,,,,,,,,,,"CAR4, MECH, NIMB, SPOT, SWRM",,,,,,,,,,,,,,,,,,,,,,,,,,,,,,,,,,,,,,,,,,,,,,,,,,
BattleArmor,Smoothgoliath PA(L),Smoothgoliath PA(L) II,,Smoothgoliath PA(L),II,,5,,BattleArmor,,,,,,,,3F,0,,2,SS,+1,6,5,5,6,AM CAR4 MEC SRCH,CAR4,"MECH, NIMB, SPOT, SWRM",,,,,,,,,,,,,,,,,,,,,"CAR4, MECH, NIMB, SPOT, SWRM",,,,,,,,,,,,,,,,,,,,,,,,,,,,,,,,,,,,,,,,,,,,,,,,,,
BattleArmor,Tornado PA(L),Tornado PA(L) G13 [David Light Gauss],,Tornado PA(L),G13 [David Light Gauss],,5,,BattleArmor,,,,,,,,1F,0,,2,SS,0,6,5,5,6,AM CAR4 MEC STL,CAR4,"MECH, NIMB, SPOT, SWRM",,,,,,,,,,STL,,,,,,,,,,,"CAR4, MECH, NIMB, SPOT, SWRM, STL",,,,Gauss Rifle [David],4,1,3/5/8,,,,,,,,,,,,,,,,,,,,,,,,,4x1,,,,,,,,,,,,,,,,,,
BattleArmor,Tunnel Rat I Mining Exoskeleton,Tunnel Rat I Mining Exoskeleton [Industrial Drill],,Tunnel Rat I Mining Exoskeleton,[Industrial Drill],,5,,BattleArmor,,,,,,,,1F,0,,2,SS,0,6,5,5,6,CAR4 MEC SRCH,CAR4,"MECH, NIMB, SPOT, SWRM",,,,,,,,,,,,,,,,,,,,,"CAR4, MECH, NIMB, SPOT, SWRM",,,,,,,,,,,,,,,,,,,,,,,,,,,,,,,,,,,,,,,,,,,,,,,,,,
BattleArmor,Tunnel Rat II Mining Exoskeleton,Tunnel Rat II Mining Exoskeleton [Industrial Drill],,Tunnel Rat II Mining Exoskeleton,[Industrial Drill],,5,,BattleArmor,,,,,,,,1F,0,,2,SS,0,6,5,5,6,CAR4 MEC SRCH,CAR4,"MECH, NIMB, SPOT, SWRM",,,,,,,,,,,,,,,,,,,,,"CAR4, MECH, NIMB, SPOT, SWRM",,,,,,,,,,,,,,,,,,,,,,,,,,,,,,,,,,,,,,,,,,,,,,,,,,
BattleArmor,Tunnel Rat III Mining Exoskeleton,Tunnel Rat III Mining Exoskeleton [Industrial Drill],,Tunnel Rat III Mining Exoskeleton,[Industrial Drill],,5,,BattleArmor,,,,,,,,1F,0,,2,SS,0,6,5,5,6,CAR4 MEC SRCH,CAR4,"MECH, NIMB, SPOT, SWRM",,,,,,,,,,,,,,,,,,,,,"CAR4, MECH, NIMB, SPOT, SWRM",,,,,,,,,,,,,,,,,,,,,,,,,,,,,,,,,,,,,,,,,,,,,,,,,,
BattleArmor,Groundhog Exoskeleton,Groundhog Exoskeleton CEX-205 [Basic Manipulator],,Groundhog Exoskeleton,CEX-205 [Basic Manipulator],,6,,BattleArmor,,,,,,,,3F,0,,2,SS,+1,6,5,6,7,AM CAR4 MEC SRCH,CAR4,"MECH, NIMB, SPOT, SWRM",,,,,,,,,,,,,,,,,,,,,"CAR4, MECH, NIMB, SPOT, SWRM",,,,,,,,,,,,,,,,,,,,,,,,,,,,,,,,,,,,,,,,,,,,,,,,,,
BattleArmor,Groundhog Exoskeleton,Groundhog Exoskeleton CEX-205 [Cargo Lifter],,Groundhog Exoskeleton,CEX-205 [Cargo Lifter],,6,,BattleArmor,,,,,,,,3F,0,,2,SS,+1,6,5,6,7,CAR4 SRCH,CAR4,"MECH, NIMB, SPOT, SWRM",,,,,,,,,,,,,,,,,,,,,"CAR4, MECH, NIMB, SPOT, SWRM",,,,,,,,,,,,,,,,,,,,,,,,,,,,,,,,,,,,,,,,,,,,,,,,,,
BattleArmor,Groundhog Exoskeleton,Groundhog Exoskeleton CEX-205 [Industrial Drill],,Groundhog Exoskeleton,CEX-205 [Industrial Drill],,6,,BattleArmor,,,,,,,,3F,0,,2,SS,+1,6,5,6,7,CAR4 SRCH,CAR4,"MECH, NIMB, SPOT, SWRM",,,,,,,,,,,,,,,,,,,,,"CAR4, MECH, NIMB, SPOT, SWRM",,,,,,,,,,,,,,,,,,,,,,,,,,,,,,,,,,,,,,,,,,,,,,,,,,
BattleArmor,Groundhog Exoskeleton,Groundhog Exoskeleton CEX-205 [Mine Clearance],,Groundhog Exoskeleton,CEX-205 [Mine Clearance],,6,,BattleArmor,,,,,,,,3F,0,,2,SS,+1,6,5,6,7,AM CAR4 MEC MSW SRCH,CAR4,"MECH, NIMB, SPOT, SWRM",,,,,,,,,,,,,,,,,,,,,"CAR4, MECH, NIMB, SPOT, SWRM",,,,,,,,,,,,,,,,,,,,,,,,,,,,,,,,,,,,,,,,,,,,,,,,,,
BattleArmor,Groundhog Exoskeleton,Groundhog Exoskeleton CEX-205 [Salvage Arm],,Groundhog Exoskeleton,CEX-205 [Salvage Arm],,6,,BattleArmor,,,,,,,,3F,0,,2,SS,+1,6,5,6,7,CAR4 SRCH,CAR4,"MECH, NIMB, SPOT, SWRM",,,,,,,,,,,,,,,,,,,,,"CAR4, MECH, NIMB, SPOT, SWRM",,,,,,,,,,,,,,,,,,,,,,,,,,,,,,,,,,,,,,,,,,,,,,,,,,
BattleArmor,Infiltrator Mk. I Battle Armor,Infiltrator Mk. I Battle Armor (Special Ops),,Infiltrator Mk. I Battle Armor,(Special Ops),,6,,BattleArmor,,,,,,,,2F,1,A,2,SS,0,6,5,6,7,CAR4 MEC RCN RSD1 STL,CAR4,"MECH, NIMB, SPOT, SWRM",,,,,,,,,,STL,,,,,,,,,,,"CAR4, MECH, NIMB, SPOT, SWRM, STL",,,,,,,,,,,,,,,,,,,,,,,,,,,,,,,,,,,,,,,,,,,,,,,,,,
BattleArmor,PAB-28 Sniper Suit,PAB-28 Sniper Suit,,PAB-28 Sniper Suit,,,6,,BattleArmor,,,,,,,,1F,0,,2,SS,0,6,5,6,7,AM CAR4 MEC STL,CAR4,"MECH, NIMB, SPOT, SWRM",,,,,,,,,,STL,,,,,,,,,,,"CAR4, MECH, NIMB, SPOT, SWRM, STL",,,,Gauss Rifle [David],8,1,3/5/8,,,,,,,,,,,,,,,,,,,,,,,,,8x1,,,,,,,,,,,,,,,,,,
BattleArmor,Salrilla Exoskeleton,Salrilla Exoskeleton [Mine Clearance],,Salrilla Exoskeleton,[Mine Clearance],,6,,BattleArmor,,,,,,,,3F,0,,2,SS,+1,6,5,6,7,CAR4,CAR4,"MECH, NIMB, SPOT, SWRM",,,,,,,,,,,,,,,,,,,,,"CAR4, MECH, NIMB, SPOT, SWRM",,,,,,,,,,,,,,,,,,,,,,,,,,,,,,,,,,,,,,,,,,,,,,,,,,
BattleArmor,Salrilla Exoskeleton,Salrilla Exoskeleton [Salvage Arm],,Salrilla Exoskeleton,[Salvage Arm],,6,,BattleArmor,,,,,,,,3F,0,,2,SS,+1,6,5,6,7,CAR4,CAR4,"MECH, NIMB, SPOT, SWRM",,,,,,,,,,,,,,,,,,,,,"CAR4, MECH, NIMB, SPOT, SWRM",,,,,,,,,,,,,,,,,,,,,,,,,,,,,,,,,,,,,,,,,,,,,,,,,,
BattleArmor,Tunnel Rat IV Mining Exoskeleton,Tunnel Rat IV Mining Exoskeleton [Armored Glove/LMG],,Tunnel Rat IV Mining Exoskeleton,[Armored Glove/LMG],,6,,BattleArmor,,,,,,,,2J,0,,2,SS,0,6,5,6,7,CAR4 SRCH,CAR4,"MECH, NIMB, SPOT, SWRM",,,,,,,,,,,,,,,,,,,,,"CAR4, MECH, NIMB, SPOT, SWRM",,,,Machine Gun (Light),4,1,2/4/6,,,,,,,,,,,,,,,,,,,,,,,,,4x1,,,,,,,,,,,,,,,,,,
BattleArmor,Tunnel Rat IV Mining Exoskeleton,Tunnel Rat IV Mining Exoskeleton [Battle Claw/LMG],,Tunnel Rat IV Mining Exoskeleton,[Battle Claw/LMG],,6,,BattleArmor,,,,,,,,2J,0,,2,SS,0,6,5,6,7,AM CAR4 MEC SRCH,CAR4,"MECH, NIMB, SPOT, SWRM",,,,,,,,,,,,,,,,,,,,,"CAR4, MECH, NIMB, SPOT, SWRM",,,,Machine Gun (Light),4,1,2/4/6,,,,,,,,,,,,,,,,,,,,,,,,,4x1,,,,,,,,,,,,,,,,,,
BattleArmor,Nighthawk PA(L),Nighthawk PA(L) Mk. XXX,,Nighthawk PA(L),Mk. XXX,,7,,BattleArmor,,,,,,,,3J,0,,2,SS,+1,6,5,7,8,AM CAR4 MEC STL,CAR4,"MECH, NIMB, SPOT, SWRM",,,,,,,,,,STL,,,,,,,,,,,"CAR4, MECH, NIMB, SPOT, SWRM, STL",,,,,,,,,,,,,,,,,,,,,,,,,,,,,,,,,,,,,,,,,,,,,,,,,,
BattleArmor,Oni Battle Armor,Oni Battle Armor [Narc],,Oni Battle Armor,[Narc],,7,,BattleArmor,,,,,,,,3F,1,A,2,SS,+1,6,5,7,8,AM CAR4 CNARC FR LECM MEC,CAR4,"MECH, NIMB, SPOT, SWRM",,,,ECM2,,,,,,,,,,,,,,,,,"CAR4, MECH, NIMB, SPOT, SWRM, ECM2",,,,,,,,,,,,,,,,,,,,,,,,,,,,,,,,,,,,,,,,,,,,,,,,,,
BattleArmor,Water Elemental Mining Suit,Water Elemental Mining Suit,,Water Elemental Mining Suit,,,7,,BattleArmor,,,,,,,,2F,1,A,2,SS,0,6,5,7,8,"CAR5,MEC,SRCH,UMU",CAR5,"MECH, NIMB, SPOT, SWRM",,,,,,,,,,,,,,,,,,,,,"CAR5, MECH, NIMB, SPOT, SWRM",,,,,,,,,,,,,,,,,,,,,,,,,,,,,,,,,,,,,,,,,,,,,,,,,,
BattleArmor,Aerie PA(L),Aerie PA(L),,Aerie PA(L),,,7,,BattleArmor,,,,,,,,3J,0,,2,SS,+1,5,4,8,10,AM CAR4 MEC SOA STL,CAR4,"MECH, NIMB, SPOT, SWRM",,,,,,,,,,STL,,,,,,,,,,,"CAR4, MECH, NIMB, SPOT, SWRM, STL",,,,,,,,,,,,,,,,,,,,,,,,,,,,,,,,,,,,,,,,,,,,,,,,,,
BattleArmor,Aerie PA(L),Aerie PA(L) (Salvage),,Aerie PA(L),(Salvage),,7,,BattleArmor,,,,,,,,3J,0,,2,SS,+1,5,4,8,10,CAR4 SOA STL,CAR4,"MECH, NIMB, SPOT, SWRM",,,,,,,,,,STL,,,,,,,,,,,"CAR4, MECH, NIMB, SPOT, SWRM, STL",,,,,,,,,,,,,,,,,,,,,,,,,,,,,,,,,,,,,,,,,,,,,,,,,,
BattleArmor,Black Wolf Battle Armor,Black Wolf Battle Armor [Plasma],,Black Wolf Battle Armor,[Plasma],,8,,BattleArmor,,,,,,,,1J,1,A,2,SS,0,6,5,8,10,CAR4 MEC RCA,CAR4,"MECH, NIMB, SPOT, SWRM",,,,,,,,,,,,,,,,,,,,,"CAR4, MECH, NIMB, SPOT, SWRM",,,,Plasma Rifle (Man-Portable),5,2,2/4/6,,,,,,,,,,,,,,,,,,,,,,,,,5x2,,,,,,,,,,,,,,,,,,
BattleArmor,Fenrir Battle Armor,Fenrir Battle Armor [MG],,Fenrir Battle Armor,[MG],,8,,BattleArmor,,,,,,,,4F,1,A,2,SS,+1,6,5,8,10,CAR4,CAR4,"MECH, NIMB, SPOT, SWRM",,,,,,,,,,,,,,,,,,,,,"CAR4, MECH, NIMB, SPOT, SWRM",,,,,,,,,,,,,,,,,,,,,,,,,,,,,,,,,,,,,,,,,,,,,,,,,,
BattleArmor,Fenrir Battle Armor,Fenrir Battle Armor [Mortar],,Fenrir Battle Armor,[Mortar],,8,,BattleArmor,,,,,,,,4F,1,A,2,SS,+1,6,5,8,10,CAR4,CAR4,"MECH, NIMB, SPOT, SWRM",,,,,,,,,,,,,,,,,,,,,"CAR4, MECH, NIMB, SPOT, SWRM",,,,Machine Gun (Medium),4,2,1/2/3,,,,,,,,,,,,,,,,,,,,,,,,,4x2,,,,,,,,,,,,,,,,,,
BattleArmor,Fenrir Battle Armor,Fenrir Battle Armor [SPL],,Fenrir Battle Armor,[SPL],,8,,BattleArmor,,,,,,,,4F,1,A,2,SS,+1,6,5,8,10,CAR4,CAR4,"MECH, NIMB, SPOT, SWRM",,,,,,,,,,,,,,,,,,,,,"CAR4, MECH, NIMB, SPOT, SWRM",,,,Small Pulse Laser,8,3,1/2/3,,,,,,,,,,,,,,,,,,,,,,,,,8x3,,,,,,,,,,,,,,,,,,
BattleArmor,Kishi Ceremonial Armor,Kishi Ceremonial Armor,,Kishi Ceremonial Armor,,,8,,BattleArmor,,,,,,,,4F,1,A,2,SS,+1,6,5,8,10,AM CAR4 MEC RFA,CAR4,"MECH, NIMB, SPOT, SWRM",,,,,,,,,,,,,,,,,,,,,"CAR4, MECH, NIMB, SPOT, SWRM",,,,Machine Gun (Heavy),4,3,1/2/2,,,,,,,,,,,,,,,,,,,,,,,,,4x3,,,,,,,,,,,,,,,,,,
BattleArmor,Nighthawk PA(L),Nighthawk PA(L) Mk. XXI,,Nighthawk PA(L),Mk. XXI,,8,,BattleArmor,,,,,,,,3J,0,,2,SS,+1,6,5,8,10,AM CAR4 LECM MEC STL,CAR4,"MECH, NIMB, SPOT, SWRM",,,,ECM2,,,,,,STL,,,,,,,,,,,"CAR4, MECH, NIMB, SPOT, SWRM, ECM2, STL",,,,,,,,,,,,,,,,,,,,,,,,,,,,,,,,,,,,,,,,,,,,,,,,,,
BattleArmor,Nighthawk PA(L),Nighthawk PA(L) Mk. XXII,,Nighthawk PA(L),Mk. XXII,,8,,BattleArmor,,,,,,,,3J,0,,2,SS,+1,6,5,8,10,AM CAR4 MEC STL,CAR4,"MECH, NIMB, SPOT, SWRM",,,,,,,,,,STL,,,,,,,,,,,"CAR4, MECH, NIMB, SPOT, SWRM, STL",,,,Grenade Launcher (Micro),4,1,1/2/2,,,,,,,,,,,,,,,,,,,,,,,,,4x1,,,,,,,,,,,,,,,,,,
BattleArmor,Oni Battle Armor,Oni Battle Armor [Bearhunter],,Oni Battle Armor,[Bearhunter],,8,,BattleArmor,,,,,,,,3F,1,A,2,SS,+1,6,5,8,10,AM CAR4 FR LECM MEC,CAR4,"MECH, NIMB, SPOT, SWRM",,,,ECM2,,,,,,,,,,,,,,,,,"CAR4, MECH, NIMB, SPOT, SWRM, ECM2",,,,Machine Gun (Bearhunter AC),4,3,1/2/3,,,,,,,,,,,,,,,,,,,,,,,,,4x3,,,,,,,,,,,,,,,,,,
BattleArmor,Resgate PA(L),Resgate PA(L) (Interdictor),,Resgate PA(L),(Interdictor),,7,,BattleArmor,,,,,,,,3J,0,,2,SS,+1,5,4,8,10,CAR4 FR LECM,CAR4,"MECH, NIMB, SPOT, SWRM",,,,ECM2,,,,,,,,,,,,,,,,,"CAR4, MECH, NIMB, SPOT, SWRM, ECM2",,,,,,,,,,,,,,,,,,,,,,,,,,,,,,,,,,,,,,,,,,,,,,,,,,
BattleArmor,Resgate PA(L),Resgate PA(L) (Spotter),,Resgate PA(L),(Spotter),,7,,BattleArmor,,,,,,,,3J,0,,2,SS,+1,5,4,8,10,CAR4 FR LTAG,CAR4,"MECH, NIMB, SPOT, SWRM",,,,,,,,,,,,,,,,,,,,,"CAR4, MECH, NIMB, SPOT, SWRM",,,,,,,,,,,,,,,,,,,,,,,,,,,,,,,,,,,,,,,,,,,,,,,,,,
BattleArmor,Smoothdavid PA(L),Smoothdavid PA(L) III,,Smoothdavid PA(L),III,,8,,BattleArmor,,,,,,,,1F,0,,2,SS,0,6,5,8,10,AM CAR4 MEC SRCH,CAR4,"MECH, NIMB, SPOT, SWRM",,,,,,,,,,,,,,,,,,,,,"CAR4, MECH, NIMB, SPOT, SWRM",,,,BA Recoilless Rifle (Medium),4,3,2/4/6,,,,,,,,,,,,,,,,,,,,,,,,,4x3,,,,,,,,,,,,,,,,,,
BattleArmor,Surat (Gray Death) Solahma Suit,Surat (Gray Death) Solahma Suit,,Surat (Gray Death) Solahma Suit,,,8,,BattleArmor,,,,,,,,3F,1,A,2,SS,+1,6,5,8,10,AM CAR4 MEC,CAR4,"MECH, NIMB, SPOT, SWRM",,,,,,,,,,,,,,,,,,,,,"CAR4, MECH, NIMB, SPOT, SWRM",,,,Heavy Small Laser,4,6,1/2/3,,,,,,,,,,,,,,,,,,,,,,,,,4x6,,,,,,,,,,,,,,,,,,
BattleArmor,Fenrir Battle Armor,Fenrir Battle Armor [SL],,Fenrir Battle Armor,[SL],,9,,BattleArmor,,,,,,,,4F,1,A,2,SS,+1,6,5,9,11,CAR4,CAR4,"MECH, NIMB, SPOT, SWRM",,,,,,,,,,,,,,,,,,,,,"CAR4, MECH, NIMB, SPOT, SWRM",,,,Small Laser,12,3,1/2/3,,,,,,,,,,,,,,,,,,,,,,,,,12x3,,,,,,,,,,,,,,,,,,
BattleArmor,Gray Death Standard Suit,Gray Death Standard Suit [Flamer],,Gray Death Standard Suit,[Flamer],,9,,BattleArmor,,,,,,,,3F,1,A,2,SS,+1,6,5,9,11,AM CAR4 HT1/-/- MEC RCN,CAR4,"MECH, NIMB, SPOT, SWRM",,,,,,,,,,,,,,,,,,,,,"CAR4, MECH, NIMB, SPOT, SWRM",,,,Flamer [BA],4,2,1/2/3,,,,,,,,,,,,,,,,,,,,,,,,,4x2,,,,,,,,,,,,,,,,,,
BattleArmor,Gray Death Standard Suit,Gray Death Standard Suit [Laser],,Gray Death Standard Suit,[Laser],,9,,BattleArmor,,,,,,,,3F,1,A,2,SS,+1,6,5,9,11,AM CAR4 MEC RCN,CAR4,"MECH, NIMB, SPOT, SWRM",,,,,,,,,,,,,,,,,,,,,"CAR4, MECH, NIMB, SPOT, SWRM",,,,Small Laser,4,3,1/2/3,,,,,,,,,,,,,,,,,,,,,,,,,4x3,,,,,,,,,,,,,,,,,,
BattleArmor,Gray Death Standard Suit,Gray Death Standard Suit [MG],,Gray Death Standard Suit,[MG],,9,,BattleArmor,,,,,,,,3F,1,A,2,SS,+1,6,5,9,11,AM CAR4 MEC RCN,CAR4,"MECH, NIMB, SPOT, SWRM",,,,,,,,,,,,,,,,,,,,,"CAR4, MECH, NIMB, SPOT, SWRM",,,,Machine Gun (Medium),4,2,1/2/3,,,,,,,,,,,,,,,,,,,,,,,,,4x2,,,,,,,,,,,,,,,,,,
BattleArmor,Phalanx Battle Armor,Phalanx Battle Armor (C),,Phalanx Battle Armor,(C),,9,,BattleArmor,,,,,,,,2F,1,A,2,SS,0,6,5,9,11,CAR4 MEC STL,CAR4,"MECH, NIMB, SPOT, SWRM",,,,,,,,,,STL,,,,,,,,,,,"CAR4, MECH, NIMB, SPOT, SWRM, STL",,,,Mortar (Heavy),4,3,2/4/6,Gauss Rifle [Magshot],4,2,3/6/9,,,,,,,,,,,,,,,,,,,,,4x3,4x2,,,,,,,,,,,,,,,,,