UnitType,Name,FullName,Common,Class,Model,Role,PV,BV,Type,Size,Tonnage,ASMove,Short,Medium,Long,Overheat,CBTMove,Armor,ArmorIcons,Structure,StructureIcons,TMM,RegSkill,VetSkill,RegPV,VetPV,Specials,TUR,AMS,ECM2,ECM6,PRB,IF,APC,CAR,ART,STL,MHQ,,,,,,SpecialRules,ImageURL,MULId,Weapons,WepName1,Shots1,Dam1,Range1,WepName2,Shots2,Dam2,Range2,WepName3,Shots3,Dam3,Range3,WepName4,Shots4,Dam4,Range4,WepName5,Shots5,Dam5,Range5,WepName6,Shots6,Dam6,Range6,WepName7,Shots7,Dam7,Range7,CombDam1,CombDam2,CombDam3,CombDam4,CombDam5,CombDam6,CombDam7
Vehicle,AC 2 Carrier (LB-X),AC 2 Carrier (LB-X),,,,,,,,,,,,,,,,,,,,,,,,,,,,,,,,,,,,,,,,,,,,,2,LB 2-X AC (Slug),5,2,9/18/27,-- OR --,,,,LB 2-X AC (Pellet),5,1,9/18/27,,,,,,,,,,,,,,,,,5x2,,5x1,,,,
Vehicle,APC (Hover LRM),APC (Hover LRM),,,,,,,,,,,,,,,,,,,,,,,,,,,,,,,,,,,,,,,,,,,,,1,LRM 5,1,5,7/14/21,,,,,,,,,,,,,,,,,,,,,,,,,1x5,,,,,,
Vehicle,APC (Hover MG),APC (Hover MG),,,,,,,,,,,,,,,,,,,,,,,,,,,,,,,,,,,,,,,,,,,,,1,Machine Gun,3,2,1/2/3,,,,,,,,,,,,,,,,,,,,,,,,,3x2,,,,,,
Vehicle,APC (Hover SRM),APC (Hover SRM),,,,,,,,,,,,,,,,,,,,,,,,,,,,,,,,,,,,,,,,,,,,,1,SRM 2,1,2,3/6/9,,,,,,,,,,,,,,,,,,,,,,,,,1x2,,,,,,
Vehicle,APC (Hover),APC (Hover),,,,,,,,,,,,,,,,,,,,,,,,,,,,,,,,,,,,,,,,,,,,,1,Machine Gun,2,2,1/2/3,,,,,,,,,,,,,,,,,,,,,,,,,2x2,,,,,,
Vehicle,APC (Tracked LRM),APC (Tracked LRM),,,,,,,,,,,,,,,,,,,,,,,,,,,,,,,,,,,,,,,,,,,,,1,LRM 5,1,5,7/14/21,,,,,,,,,,,,,,,,,,,,,,,,,1x5,,,,,,
Vehicle,APC (Tracked MG),APC (Tracked MG),,,,,,,,,,,,,,,,,,,,,,,,,,,,,,,,,,,,,,,,,,,,,1,Machine Gun,3,2,1/2/3,,,,,,,,,,,,,,,,,,,,,,,,,3x2,,,,,,
Vehicle,APC (Tracked SRM),APC (Tracked SRM),,,,,,,,,,,,,,,,,,,,,,,,,,,,,,,,,,,,,,,,,,,,,1,SRM 2,1,2,3/6/9,,,,,,,,,,,,,,,,,,,,,,,,,1x2,,,,,,
Vehicle,APC (Tracked),APC (Tracked),,,,,,,,,,,,,,,,,,,,,,,,,,,,,,,,,,,,,,,,,,,,,1,Machine Gun,1,2,1/2/3,,,,,,,,,,,,,,,,,,,,,,,,,1x2,,,,,,
Vehicle,APC (Wheeled LRM),APC (Wheeled LRM),,,,,,,,,,,,,,,,,,,,,,,,,,,,,,,,,,,,,,,,,,,,,1,LRM 5,1,5,7/14/21,,,,,,,,,,,,,,,,,,,,,,,,,1x5,,,,,,
Vehicle,APC (Wheeled MG),APC (Wheeled MG),,,,,,,,,,,,,,,,,,,,,,,,,,,,,,,,,,,,,,,,,,,,,1,Machine Gun,4,2,1/2/3,,,,,,,,,,,,,,,,,,,,,,,,,4x2,,,,,,
Vehicle,APC (Wheeled SRM),APC (Wheeled SRM),,,,,,,,,,,,,,,,,,,,,,,,,,,,,,,,,,,,,,,,,,,,,1,SRM 2,1,2,3/6/9,,,,,,,,,,,,,,,,,,,,,,,,,1x2,,,,,,
Vehicle,APC (Wheeled),APC (Wheeled),,,,,,,,,,,,,,,,,,,,,,,,,,,,,,,,,,,,,,,,,,,,,1,Machine Gun,2,2,1/2/3,,,,,,,,,,,,,,,,,,,,,,,,,2x2,,,,,,
Vehicle,Aeron Strike VTOL,Aeron Strike VTOL,,,,,,,,,,,,,,,,,,,,,,,,,,,,X,,,,,,,,,,,,,,,,,1,ER Large Laser,1,8,7/14/19,,,,,,,,,,,,,,,,,,,,,,,,,1x8,,,,,,
Vehicle,Aeron Strike VTOL (BAP),Aeron Strike VTOL (BAP),,,,,,,,,,,,,,,,,,,,,,,,,,,,X,,X,,,,,,,,,,,,,,,1,ER Large Laser,1,8,7/14/19,,,,,,,,,,,,,,,,,,,,,,,,,1x8,,,,,,
Vehicle,Aesir Medium AA Vehicle,Aesir Medium AA Vehicle,,,,,,,,,,,,,,,,,,,,,,,,,,,,,,,,,,,,,,,,,,,,,2,Clan LB 2-X AC (Slug),4,2,10/20/30,-- OR --,,,,Clan LB 2-X AC (Pellet),4,1,10/20/30,,,,,,,,,,,,,,,,,4x2,,4x1,,,,
Vehicle,Aithon Assault Transport,Aithon Assault Transport,,,,,,,,,,,,,,,,,,,,,,,,,,,,,,,,,,,,,,,,,,,,,1,Clan Medium Pulse Laser,4,7,4/8/12,,,,,,,,,,,,,,,,,,,,,,,,,4x7,,,,,,
Vehicle,Ajax Assault Tank (Sealed),Ajax Assault Tank (Sealed),,,,,,,,,,,,,,,,,,,,,,,,,,,,X,,,,,,,,,,,,,,,,,2,ER Large Laser,1,8,7/14/19,Medium Pulse Laser,2,6,2/4/6,,,,,,,,,,,,,,,,,,,,,1x8,2x6,,,,,
Vehicle,Ajax Assault Tank A,Ajax Assault Tank A,,,,,,,,,,,,,,,,,,,,,,,,,,,,X,,,,,,,,,,,,,,,,,1,ER Small Laser,1,3,2/4/5,,,,,,,,,,,,,,,,,,,,,,,,,1x3,,,,,,
Vehicle,Ajax Assault Tank B,Ajax Assault Tank B,,,,,,,,,,,,,,,,,,,,,,,,,,,,,,,,,,,,,,,,,,,,,2,PPC,1,10,6/12/18,LRM 15,9,5,7/14/21,,,,,,,,,,,,,,,,,,,,,1x10,9x5,,,,,
Vehicle,Ajax Assault Tank C,Ajax Assault Tank C,,,,,,,,,,,,,,,,,,,,,,,,,,,,X,,,,,,,,,,,,,,,,,3,Streak SRM 6,24,2,3/6/9,MRM 40,4,5,3/8/15,PPC,1,10,6/12/18,,,,,,,,,,,,,,,,,24x2,4x5,1x10,,,,
Vehicle,Ajax Assault Tank D,Ajax Assault Tank D,,,,,,,,,,,,,,,,,,,,,,,,,,,,X,,,,,,,,,,,,,,,,,2,Light Machine Gun,4,1,2/4/6,ER Medium Laser,2,5,4/8/12,,,,,,,,,,,,,,,,,,,,,4x1,2x5,,,,,
Vehicle,Ajax Assault Tank Prime,Ajax Assault Tank Prime,,,,,,,,,,,,,,,,,,,,,,,,,,,,,,,,,,,,,,,,,,,,,3,Gauss Rifle,1,15,7/15/22,Medium Pulse Laser,2,6,2/4/6,Streak SRM 4,4,2,3/6/9,,,,,,,,,,,,,,,,,1x15,2x6,4x2,,,,
Vehicle,Alacorn Heavy Tank Mk III,Alacorn Heavy Tank Mk III,,,,,,,,,,,,,,,,,,,,,,,,,,,,,,,,,,,,,,,,,,,,,,,,,,,,,,,,,,,,,,,,,,,,,,,,,,,,,,,,
Vehicle,Alacorn Heavy Tank Mk IV,Alacorn Heavy Tank Mk IV,,,,,,,,,,,,,,,,,,,,,,,,,,,,,,,,,,,,,,,,,,,,,,,,,,,,,,,,,,,,,,,,,,,,,,,,,,,,,,,,
Vehicle,Alacorn Heavy Tank Mk VI,Alacorn Heavy Tank Mk VI,,,,,,,,,,,,,,,,,,,,,,,,,,,,,,,,,,,,,,,,,,,,,1,Gauss Rifle,3,15,7/15/22,,,,,,,,,,,,,,,,,,,,,,,,,3x15,,,,,,
Vehicle,Alacorn Heavy Tank Mk VII,Alacorn Heavy Tank Mk VII,,,,,,,,,,,,,,,,,,,,,,,,,,,,,,,,,,,,,,,,,,,,,,,,,,,,,,,,,,,,,,,,,,,,,,,,,,,,,,,,
Vehicle,Anat APC,Anat APC,,,,,,,,,,,,,,,,,,,,,,,,,,,,,,,,,,,,,,,,,,,,,1,Clan Micro Pulse Laser,2,3,1/2/3,,,,,,,,,,,,,,,,,,,,,,,,,2x3,,,,,,
Vehicle,Anhur P-Stealth,Anhur P-Stealth,,,,,,,,,,,,,,,,,,,,,,,,,,,,X,,,,,,,X,,,,,,,,,,1,Clan LRM 15,2,5,7/14/21,,,,,,,,,,,,,,,,,,,,,,,,,2x5,,,,,,
Vehicle,Anhur Transport,Anhur Transport,,,,,,,,,,,,,,,,,,,,,,,,,,,,,,,,,,,,,,,,,,,,,2,Clan ER Medium Laser,1,7,5/10/15,Clan Medium Pulse Laser,2,7,4/8/12,,,,,,,,,,,,,,,,,,,,,1x7,2x7,,,,,
Vehicle,Anhur Transport (BA),Anhur Transport (BA),,,,,,,,,,,,,,,,,,,,,,,,,,,,X,,,,,,,,,,,,,,,,,1,Clan ER Medium Laser,2,7,5/10/15,,,,,,,,,,,,,,,,,,,,,,,,,2x7,,,,,,
Vehicle,Apostle Self-Propelled Artillery,Apostle Self-Propelled Artillery,,,,,,,,,,,,,,,,,,,,,,,,,,,,,,,,,,,,,,,,,,,,,1,Small Laser,1,3,1/2/3,,,,,,,,,,,,,,,,,,,,,,,,,1x3,,,,,,
Vehicle,Ares Medium Tank,Ares Medium Tank,,,,,,,,,,,,,,,,,,,,,,,,,,,,,,,,,,,,,,,,,,,,,3,Clan LRM 10,2,5,7/14/21,Clan LRM 15,3,5,7/14/21,Clan ER Large Laser,1,10,8/15/25,,,,,,,,,,,,,,,,,2x5,3x5,1x10,,,,
Vehicle,Ares Medium Tank (Plasma),Ares Medium Tank (Plasma),,,,,,,,,,,,,,,,,,,,,,,,,,,,,,,,,,,,,,,,,,,,,1,Clan LRM 15,6,5,7/14/21,,,,,,,,,,,,,,,,,,,,,,,,,6x5,,,,,,
Vehicle,Armored Personnel Carrier (Hover Primitive),Armored Personnel Carrier (Hover Primitive),,,,,,,,,,,,,,,,,,,,,,,,,,,,,,,,,,,,,,,,,,,,,1,Machine Gun,1,2,1/2/3,,,,,,,,,,,,,,,,,,,,,,,,,1x2,,,,,,
Vehicle,Armored Personnel Carrier (Tracked Primitive),Armored Personnel Carrier (Tracked Primitive),,,,,,,,,,,,,,,,,,,,,,,,,,,,,,,,,,,,,,,,,,,,,1,Machine Gun,2,2,1/2/3,,,,,,,,,,,,,,,,,,,,,,,,,2x2,,,,,,
Vehicle,Armored Personnel Carrier (Wheeled Primitive),Armored Personnel Carrier (Wheeled Primitive),,,,,,,,,,,,,,,,,,,,,,,,,,,,,,,,,,,,,,,,,,,,,1,Machine Gun,2,2,1/2/3,,,,,,,,,,,,,,,,,,,,,,,,,2x2,,,,,,
Vehicle,Asher Hover Scout,Asher Hover Scout,,,,,,,,,,,,,,,,,,,,,,,,,,,,,,,,,,,,,,,,,,,,,3,Machine Gun,3,2,1/2/3,Flamer,1,2,1/2/3,LRM 5,2,5,7/14/21,,,,,,,,,,,,,,,,,3x2,1x2,2x5,,,,
Vehicle,Asshur Artillery Spotter,Asshur Artillery Spotter,,,,,,,,,,,,,,,,,,,,,,,,,,,,,,,,,,,,,,,,,,,,,2,Clan ER Medium Laser,2,7,5/10/15,Clan Streak SRM 6,6,2,4/8/12,,,,,,,,,,,,,,,,,,,,,2x7,6x2,,,,,
Vehicle,Asshur Fast Reconnaissance Vehicle,Asshur Fast Reconnaissance Vehicle,,,,,,,,,,,,,,,,,,,,,,,,,,,,,,,,,,,,,,,,,,,,,2,Clan Streak SRM 6,6,2,4/8/12,Clan ER Medium Laser,2,7,5/10/15,,,,,,,,,,,,,,,,,,,,,6x2,2x7,,,,,
Vehicle,Asshur Fast Reconnaissance Vehicle (PAC),Asshur Fast Reconnaissance Vehicle (PAC),,,,,,,,,,,,,,,,,,,,,,,,,,,,,,,,,,,,,,,,,,,,,,,,,,,,,,,,,,,,,,,,,,,,,,,,,,,,,,,,
Vehicle,Assuan Armored Bike,Assuan Armored Bike,,,,,,,,,,,,,,,,,,,,,,,,,,,,,,,,,,,,,,,,,,,,,,,,,,,,,,,,,,,,,,,,,,,,,,,,,,,,,,,,
Vehicle,Athena Combat Vehicle,Athena Combat Vehicle,,,,,,,,,,,,,,,,,,,,,,,,,,,,,,,,,,,,,,,,,,,,,3,Clan Gauss Rifle,2,15,7/15/22,Clan LRM 10,1,5,7/14/21,Clan ER Medium Laser,2,7,5/10/15,,,,,,,,,,,,,,,,,2x15,1x5,2x7,,,,
Vehicle,Athena Combat Vehicle (HAG),Athena Combat Vehicle (HAG),,,,,,,,,,,,,,,,,,,,,,,,,,,,X,,,,,,,,,,,,,,,,,1,Clan ER Medium Laser,2,7,5/10/15,,,,,,,,,,,,,,,,,,,,,,,,,2x7,,,,,,
Vehicle,Auxiliary Defense Tank ADT-1,Auxiliary Defense Tank ADT-1,,,,,,,,,,,,,,,,,,,,,,,,,,,,,,,,,,,,,,,,,,,,,2,Machine Gun,1,2,1/2/3,Medium Rifle,1,6,5/10/15,,,,,,,,,,,,,,,,,,,,,1x2,1x6,,,,,
Vehicle,Auxiliary Defense Tank ADT-2,Auxiliary Defense Tank ADT-2,,,,,,,,,,,,,,,,,,,,,,,,,,,,,,,,,,,,,,,,,,,,,1,Machine Gun,1,2,1/2/3,,,,,,,,,,,,,,,,,,,,,,,,,1x2,,,,,,
Vehicle,Axel Heavy Tank IIC,Axel Heavy Tank IIC,,,,,,,,,,,,,,,,,,,,,,,,,,,,X,,,,,,,,,,,,,,,,,2,Clan Large Pulse Laser,1,10,6/14/20,Clan LRM 15,6,5,7/14/21,,,,,,,,,,,,,,,,,,,,,1x10,6x5,,,,,
Vehicle,Axel Heavy Tank IIC (XL),Axel Heavy Tank IIC (XL),,,,,,,,,,,,,,,,,,,,,,,,,,,X,X,,,,,,,,,,,,,,,,,2,Clan ER Large Laser,1,10,8/15/25,Clan LRM 15,6,5,7/14/21,,,,,,,,,,,,,,,,,,,,,1x10,6x5,,,,,
Vehicle,Axel Heavy Tank Mk 1,Axel Heavy Tank Mk 1,,,,,,,,,,,,,,,,,,,,,,,,,,,,,,,,,,,,,,,,,,,,,2,Machine Gun,2,2,1/2/3,LRM 10,1,5,7/14/21,,,,,,,,,,,,,,,,,,,,,2x2,1x5,,,,,
Vehicle,Axel Heavy Tank Mk 2,Axel Heavy Tank Mk 2,,,,,,,,,,,,,,,,,,,,,,,,,,,,,,,,,,,,,,,,,,,,,3,Machine Gun,2,2,1/2/3,Vehicle Flamer,1,2,1/2/3,LRM 10,1,5,7/14/21,,,,,,,,,,,,,,,,,2x2,1x2,1x5,,,,
Vehicle,Badger (C) Tracked Transport A,Badger (C) Tracked Transport A,,,,,,,,,,,,,,,,,,,,,,,,,,,,,,,,,,,,,,,,,,,,,1,Clan ER Small Laser,3,5,2/4/6,,,,,,,,,,,,,,,,,,,,,,,,,3x5,,,,,,
Vehicle,Badger (C) Tracked Transport B,Badger (C) Tracked Transport B,,,,,,,,,,,,,,,,,,,,,,,,,,,,,,,,,,,,,,,,,,,,,2,Clan Medium Pulse Laser,1,7,4/8/12,Clan Streak SRM 2,2,2,4/8/12,,,,,,,,,,,,,,,,,,,,,1x7,2x2,,,,,
Vehicle,Badger (C) Tracked Transport C,Badger (C) Tracked Transport C,,,,,,,,,,,,,,,,,,,,,,,,,,,,,,,,,,,,,,,,,,,,,2,Clan LRM 10,1,5,7/14/21,Clan ER Small Laser,1,5,2/4/6,,,,,,,,,,,,,,,,,,,,,1x5,1x5,,,,,
Vehicle,Badger (C) Tracked Transport D,Badger (C) Tracked Transport D,,,,,,,,,,,,,,,,,,,,,,,,,,,,,,,,,,,,,,,,,,,,,1,Clan Streak SRM 6,6,2,4/8/12,,,,,,,,,,,,,,,,,,,,,,,,,6x2,,,,,,
Vehicle,Badger (C) Tracked Transport E,Badger (C) Tracked Transport E,,,,,,,,,,,,,,,,,,,,,,,,,,,,,,,,,,,,,,,,,,,,,1,Clan ER Small Laser,1,5,2/4/6,,,,,,,,,,,,,,,,,,,,,,,,,1x5,,,,,,
Vehicle,Badger (C) Tracked Transport F,Badger (C) Tracked Transport F,,,,,,,,,,,,,,,,,,,,,,,,,,,,,,,,,,,,,,,,,,,,,,,,,,,,,,,,,,,,,,,,,,,,,,,,,,,,,,,,
Vehicle,Badger (C) Tracked Transport H,Badger (C) Tracked Transport H,,,,,,,,,,,,,,,,,,,,,,,,,,,,,,,,,,,,,,,,,,,,,1,Clan Streak SRM 2,2,2,4/8/12,,,,,,,,,,,,,,,,,,,,,,,,,2x2,,,,,,
Vehicle,Badger (C) Tracked Transport Prime,Badger (C) Tracked Transport Prime,,,,,,,,,,,,,,,,,,,,,,,,,,,,,,,,,,,,,,,,,,,,,2,Clan ER Medium Laser,1,7,5/10/15,Clan Streak SRM 4,4,2,4/8/12,,,,,,,,,,,,,,,,,,,,,1x7,4x2,,,,,
Vehicle,Badger Tracked Transport A,Badger Tracked Transport A,,,,,,,,,,,,,,,,,,,,,,,,,,,,,,,,,,,,,,,,,,,,,1,SRM 2,4,2,3/6/9,,,,,,,,,,,,,,,,,,,,,,,,,4x2,,,,,,
Vehicle,Badger Tracked Transport B,Badger Tracked Transport B,,,,,,,,,,,,,,,,,,,,,,,,,,,,,,,,,,,,,,,,,,,,,1,SRM 4,4,2,3/6/9,,,,,,,,,,,,,,,,,,,,,,,,,4x2,,,,,,
Vehicle,Badger Tracked Transport C,Badger Tracked Transport C,,,,,,,,,,,,,,,,,,,,,,,,,,,,,,,,,,,,,,,,,,,,,1,LRM 5,2,5,7/14/21,,,,,,,,,,,,,,,,,,,,,,,,,2x5,,,,,,
Vehicle,Badger Tracked Transport D,Badger Tracked Transport D,,,,,,,,,,,,,,,,,,,,,,,,,,,,,,,,,,,,,,,,,,,,,2,Small Laser,2,3,1/2/3,Medium Laser,3,5,3/6/9,,,,,,,,,,,,,,,,,,,,,2x3,3x5,,,,,
Vehicle,Badger Tracked Transport E,Badger Tracked Transport E,,,,,,,,,,,,,,,,,,,,,,,,,,,,,,,,,,,,,,,,,,,,,1,Small Laser,10,3,1/2/3,,,,,,,,,,,,,,,,,,,,,,,,,10x3,,,,,,
Vehicle,Badger Tracked Transport F,Badger Tracked Transport F,,,,,,,,,,,,,,,,,,,,,,,,,,,,,,,,,,,,,,,,,,,,,1,ER Medium Laser,1,5,4/8/12,,,,,,,,,,,,,,,,,,,,,,,,,1x5,,,,,,
Vehicle,Badger Tracked Transport G,Badger Tracked Transport G,,,,,,,,,,,,,,,,,,,,,,,,,,,,,,,,,,,,,,,,,,,,,2,Light PPC,1,5,6/12/18,SRM 2,1,2,3/6/9,,,,,,,,,,,,,,,,,,,,,1x5,1x2,,,,,
Vehicle,Badger Tracked Transport Prime,Badger Tracked Transport Prime,,,,,,,,,,,,,,,,,,,,,,,,,,,,,,,,,,,,,,,,,,,,,2,SRM 2,1,2,3/6/9,Medium Laser,3,5,3/6/9,,,,,,,,,,,,,,,,,,,,,1x2,3x5,,,,,
Vehicle,Bailey Armored Car,Bailey Armored Car,,,,,,,,,,,,,,,,,,,,,,,,,,,X,,,,,,,,,,,,,,,,,,1,Small Pulse Laser,2,3,1/2/3,,,,,,,,,,,,,,,,,,,,,,,,,2x3,,,,,,
Vehicle,Balac Strike VTOL,Balac Strike VTOL,,,,,,,,,,,,,,,,,,,,,,,,,,,,,,,,,,,,,,,,,,,,,1,Clan ER Medium Laser,1,7,5/10/15,,,,,,,,,,,,,,,,,,,,,,,,,1x7,,,,,,
Vehicle,Balac Strike VTOL (LRM),Balac Strike VTOL (LRM),,,,,,,,,,,,,,,,,,,,,,,,,,,,,,,,,,,,,,,,,,,,,2,Clan LRM 15,2,5,7/14/21,Clan ER Medium Laser,1,7,5/10/15,,,,,,,,,,,,,,,,,,,,,2x5,1x7,,,,,
Vehicle,Balac Strike VTOL (Spotter),Balac Strike VTOL (Spotter),,,,,,,,,,,,,,,,,,,,,,,,,,,,X,,X,,,,,,,,,,,,,,,,,,,,,,,,,,,,,,,,,,,,,,,,,,,,,,,,,,
Vehicle,Ballista Artillery Trailer,Ballista Artillery Trailer,,,,,,,,,,,,,,,,,,,,,,,,,,X,X,X,,,,,,,,,,,,,,,,,2,Light Machine Gun,6,1,2/4/6,ER Medium Laser,2,5,4/8/12,,,,,,,,,,,,,,,,,,,,,6x1,2x5,,,,,
Vehicle,Ballista Self Propelled Artillery Tank,Ballista Self Propelled Artillery Tank,,,,,,,,,,,,,,,,,,,,,,,,,,,,,,,,,,,,,,,,,,,,,1,Machine Gun,3,2,1/2/3,,,,,,,,,,,,,,,,,,,,,,,,,3x2,,,,,,
Vehicle,Bandit (C) Hovercraft A,Bandit (C) Hovercraft A,,,,,,,,,,,,,,,,,,,,,,,,,,,,,,,,,,,,,,,,,,,,,2,Clan SRM 2,2,2,3/6/9,Clan ER Large Laser,1,10,8/15/25,,,,,,,,,,,,,,,,,,,,,2x2,1x10,,,,,
Vehicle,Bandit (C) Hovercraft B,Bandit (C) Hovercraft B,,,,,,,,,,,,,,,,,,,,,,,,,,,,,,,,,,,,,,,,,,,,,1,Clan LRM 20,2,5,7/14/21,,,,,,,,,,,,,,,,,,,,,,,,,2x5,,,,,,
Vehicle,Bandit (C) Hovercraft C,Bandit (C) Hovercraft C,,,,,,,,,,,,,,,,,,,,,,,,,,,,,,,,,,,,,,,,,,,,,1,Clan Medium Pulse Laser,3,7,4/8/12,,,,,,,,,,,,,,,,,,,,,,,,,3x7,,,,,,
Vehicle,Bandit (C) Hovercraft D,Bandit (C) Hovercraft D,,,,,,,,,,,,,,,,,,,,,,,,,,,,,,,,,,,,,,,,,,,,,3,Clan ER Medium Laser,2,7,5/10/15,Clan LB 2-X AC (Slug),1,2,10/20/30,-- OR --,,,,Clan LB 2-X AC (Pellet),1,1,10/20/30,,,,,,,,,,,,,2x7,1x2,,1x1,,,
Vehicle,Bandit (C) Hovercraft F,Bandit (C) Hovercraft F,,,,,,,,,,,,,,,,,,,,,,,,,,,,,,,,,,,,,,,,,,,,,1,Clan Streak SRM 2,2,2,4/8/12,,,,,,,,,,,,,,,,,,,,,,,,,2x2,,,,,,
Vehicle,Bandit (C) Hovercraft G,Bandit (C) Hovercraft G,,,,,,,,,,,,,,,,,,,,,,,,,,,,X,,X,,,,,,,,,,,,,,,1,Clan ER Medium Laser,1,7,5/10/15,,,,,,,,,,,,,,,,,,,,,,,,,1x7,,,,,,
Vehicle,Bandit (C) Hovercraft H,Bandit (C) Hovercraft H,,,,,,,,,,,,,,,,,,,,,,,,,,,,,,,,,,,,,,,,,,,,,2,Clan Medium Pulse Laser,1,7,4/8/12,Clan Streak SRM 4,4,2,4/8/12,,,,,,,,,,,,,,,,,,,,,1x7,4x2,,,,,
Vehicle,Bandit (C) Hovercraft Prime,Bandit (C) Hovercraft Prime,,,,,,,,,,,,,,,,,,,,,,,,,,,,,,,,,,,,,,,,,,,,,1,Clan Streak SRM 6,12,2,4/8/12,,,,,,,,,,,,,,,,,,,,,,,,,12x2,,,,,,
Vehicle,Bandit Hovercraft A,Bandit Hovercraft A,,,,,,,,,,,,,,,,,,,,,,,,,,,,,,,,,,,,,,,,,,,,,1,PPC,1,10,6/12/18,,,,,,,,,,,,,,,,,,,,,,,,,1x10,,,,,,
Vehicle,Bandit Hovercraft B,Bandit Hovercraft B,,,,,,,,,,,,,,,,,,,,,,,,,,,,,,,,,,,,,,,,,,,,,2,SRM 2,1,2,3/6/9,SRM 4,4,2,3/6/9,,,,,,,,,,,,,,,,,,,,,1x2,4x2,,,,,
Vehicle,Bandit Hovercraft C,Bandit Hovercraft C,,,,,,,,,,,,,,,,,,,,,,,,,,,,,,,,,,,,,,,,,,,,,1,SRM 6,8,2,3/6/9,,,,,,,,,,,,,,,,,,,,,,,,,8x2,,,,,,
Vehicle,Bandit Hovercraft D,Bandit Hovercraft D,,,,,,,,,,,,,,,,,,,,,,,,,,,,,,,,,,,,,,,,,,,,,1,LRM 5,3,5,7/14/21,,,,,,,,,,,,,,,,,,,,,,,,,3x5,,,,,,
Vehicle,Bandit Hovercraft E,Bandit Hovercraft E,,,,,,,,,,,,,,,,,,,,,,,,,,,,,,,,,,,,,,,,,,,,,2,Medium Laser,1,5,3/6/9,LRM 10,1,5,7/14/21,,,,,,,,,,,,,,,,,,,,,1x5,1x5,,,,,
Vehicle,Bandit Hovercraft F,Bandit Hovercraft F,,,,,,,,,,,,,,,,,,,,,,,,,,,,,,,,,,,,,,,,,,,,,2,Medium Laser,1,5,3/6/9,Large Laser,1,8,5/10/15,,,,,,,,,,,,,,,,,,,,,1x5,1x8,,,,,
Vehicle,Bandit Hovercraft G,Bandit Hovercraft G,,,,,,,,,,,,,,,,,,,,,,,,,,,,,,,,,,,,,,,,,,,,,2,Small Laser,6,3,1/2/3,Medium Laser,2,5,3/6/9,,,,,,,,,,,,,,,,,,,,,6x3,2x5,,,,,
Vehicle,Bandit Hovercraft H,Bandit Hovercraft H,,,,,,,,,,,,,,,,,,,,,,,,,,,,,,,,,,,,,,,,,,,,,2,ER Medium Laser,1,5,4/8/12,SRM 2,1,2,3/6/9,,,,,,,,,,,,,,,,,,,,,1x5,1x2,,,,,
Vehicle,Bandit Hovercraft I,Bandit Hovercraft I,,,,,,,,,,,,,,,,,,,,,,,,,,,,,,,,,,,,,,,,,,,,,2,Light Machine Gun,1,1,2/4/6,Light PPC,2,5,6/12/18,,,,,,,,,,,,,,,,,,,,,1x1,2x5,,,,,
Vehicle,Bandit Hovercraft Prime,Bandit Hovercraft Prime,,,,,,,,,,,,,,,,,,,,,,,,,,,,,,,,,,,,,,,,,,,,,3,SRM 2,2,2,3/6/9,Machine Gun,1,2,1/2/3,Medium Laser,3,5,3/6/9,,,,,,,,,,,,,,,,,2x2,1x2,3x5,,,,
Vehicle,Bandit Mk II,Bandit Mk II,,,,,,,,,,,,,,,,,,,,,,,,,,,,,,,,,,,,,,,,,,,,,2,Medium VSP Laser,1,6,2/5/9,Machine Gun,2,2,1/2/3,,,,,,,,,,,,,,,,,,,,,1x6,2x2,,,,,
Vehicle,Bandit Warthog,Bandit Warthog,,,,,,,,,,,,,,,,,,,,,,,,,,,,,,,,,,,,,,,,,,,,,2,Large VSP Laser,1,9,4/8/15,Machine Gun,1,2,1/2/3,,,,,,,,,,,,,,,,,,,,,1x9,1x2,,,,,
Vehicle,Bardiche Heavy Strike Tank,Bardiche Heavy Strike Tank,,,,,,,,,,,,,,,,,,,,,,,,,,X,,,,,,,,,,,,,,,,,,,1,Light PPC,2,5,6/12/18,,,,,,,,,,,,,,,,,,,,,,,,,2x5,,,,,,
Vehicle,Bardiche Heavy Strike Tank (Minesweeper),Bardiche Heavy Strike Tank (Minesweeper),,,,,,,,,,,,,,,,,,,,,,,,,,X,,,,,,,,,,,,,,,,,,,1,Heavy PPC,1,15,6/12/18,,,,,,,,,,,,,,,,,,,,,,,,,1x15,,,,,,
Vehicle,Bardiche Heavy Strike Tank C,Bardiche Heavy Strike Tank C,,,,,,,,,,,,,,,,,,,,,,,,,,X,,,,,,,,,,,,,,,,,,,1,Clan Streak SRM 6,6,2,4/8/12,,,,,,,,,,,,,,,,,,,,,,,,,6x2,,,,,,
Vehicle,Barouche Hovercraft,Barouche Hovercraft,,,,,,,,,,,,,,,,,,,,,,,,,,,,,,,,,,,,,,,,,,,,,2,LRM 5,1,5,7/14/21,Light Machine Gun,2,1,2/4/6,,,,,,,,,,,,,,,,,,,,,1x5,2x1,,,,,
Vehicle,Beagle,Beagle,,,,,,,,,,,,,,,,,,,,,,,,,,,,,,X,,,,,,,,,,,,,,,2,Small Laser,1,3,1/2/3,Medium Laser,1,5,3/6/9,,,,,,,,,,,,,,,,,,,,,1x3,1x5,,,,,
Vehicle,Beagle Hover Scout (LRRP),Beagle Hover Scout (LRRP),,,,,,,,,,,,,,,,,,,,,,,,,,,,,,X,,,,,,,,,,,,,,,1,Flamer,1,2,1/2/3,,,,,,,,,,,,,,,,,,,,,,,,,1x2,,,,,,
Vehicle,Beagle Hover Scout (TAG),Beagle Hover Scout (TAG),,,,,,,,,,,,,,,,,,,,,,,,,,,,X,,X,,,,,,,,,,,,,,,,,,,,,,,,,,,,,,,,,,,,,,,,,,,,,,,,,,
Vehicle,Beast Riot Car,Beast Riot Car,,,,,,,,,,,,,,,,,,,,,,,,,,,,,,,,,,,,,,,,,,,,,,,,,,,,,,,,,,,,,,,,,,,,,,,,,,,,,,,,
Vehicle,Behemoth Heavy Tank,Behemoth Heavy Tank,,,,,,,,,,,,,,,,,,,,,,,,,,,,,,,,,,,,,,,,,,,,,4,LRM 5,4,5,7/14/21,Machine Gun,4,2,1/2/3,SRM 2,4,2,3/6/9,SRM 6,8,2,3/6/9,,,,,,,,,,,,,4x5,4x2,4x2,8x2,,,
Vehicle,Behemoth Heavy Tank (Armor),Behemoth Heavy Tank (Armor),,,,,,,,,,,,,,,,,,,,,,,,,,,,,,,,,,,,,,,,,,,,,2,LRM 5,4,5,7/14/21,SRM 6,8,2,3/6/9,,,,,,,,,,,,,,,,,,,,,4x5,8x2,,,,,
Vehicle,Behemoth Heavy Tank (Davion),Behemoth Heavy Tank (Davion),,,,,,,,,,,,,,,,,,,,,,,,,,X,,,,,,,,,,,,,,,,,,,4,ER Medium Laser,2,5,4/8/12,SRM 2,4,2,3/6/9,Gauss Rifle,2,15,7/15/22,Streak SRM 6,12,2,3/6/9,,,,,,,,,,,,,2x5,4x2,2x15,12x2,,,
Vehicle,Behemoth Heavy Tank (Flamer),Behemoth Heavy Tank (Flamer),,,,,,,,,,,,,,,,,,,,,,,,,,,,,,,,,,,,,,,,,,,,,4,LRM 5,4,5,7/14/21,Machine Gun,4,2,1/2/3,Flamer,6,2,1/2/3,SRM 6,8,2,3/6/9,,,,,,,,,,,,,4x5,4x2,6x2,8x2,,,
Vehicle,Behemoth Heavy Tank (Kurita Upgrade),Behemoth Heavy Tank (Kurita Upgrade),,,,,,,,,,,,,,,,,,,,,,,,,,,,,,,,,,,,,,,,,,,,,2,ER Medium Laser,2,5,4/8/12,Clan Streak SRM 6,18,2,4/8/12,,,,,,,,,,,,,,,,,,,,,2x5,18x2,,,,,
Vehicle,Behemoth Heavy Tank (Kurita),Behemoth Heavy Tank (Kurita),,,,,,,,,,,,,,,,,,,,,,,,,,,,,,,,,,,,,,,,,,,,,3,LRM 5,2,5,7/14/21,SRM 6,12,2,3/6/9,MRM 10,4,5,3/8/15,,,,,,,,,,,,,,,,,2x5,12x2,4x5,,,,
Vehicle,Behemoth Heavy Tank (Liao),Behemoth Heavy Tank (Liao),,,,,,,,,,,,,,,,,,,,,,,,,,X,,,,,,,,,,,,,,,,,,,2,Machine Gun,2,2,1/2/3,Gauss Rifle,1,15,7/15/22,,,,,,,,,,,,,,,,,,,,,2x2,1x15,,,,,
Vehicle,Behemoth Heavy Tank (Refit),Behemoth Heavy Tank (Refit),,,,,,,,,,,,,,,,,,,,,,,,,,,,,,,,,,,,,,,,,,,,,6,LRM 5,4,5,7/14/21,Machine Gun,4,2,1/2/3,SRM 2,4,2,3/6/9,LB 10-X AC (Slug),2,10,6/12/18,-- OR --,,,,LB 10-X AC (Pellet),12,1,6/12/18,SRM 6,8,2,3/6/9,4x5,4x2,4x2,2x10,,12x1,8x2
Vehicle,Behemoth II Heavy Tank,Behemoth II Heavy Tank,,,,,,,,,,,,,,,,,,,,,,,,,,,,,,,,,,,,,,,,,,,,,1,Gauss Rifle,1,15,7/15/22,,,,,,,,,,,,,,,,,,,,,,,,,1x15,,,,,,
Vehicle,Behemoth II Heavy Tank (Support),Behemoth II Heavy Tank (Support),,,,,,,,,,,,,,,,,,,,,,,,,,,,,,,,,,,,,,,,,,,,,4,LRM 20,4,5,7/14/21,Streak SRM 4,8,2,3/6/9,ER Large Laser,1,8,7/14/19,Gauss Rifle,1,15,7/15/22,,,,,,,,,,,,,4x5,8x2,1x8,1x15,,,
Vehicle,Bellona  Hover Tank (Laser),Bellona  Hover Tank (Laser),,,,,,,,,,,,,,,,,,,,,,,,,,,,,,,,,,,,,,,,,,,,,3,Clan LRM 10,1,5,7/14/21,Clan Flamer,1,2,1/2/3,Clan ER Large Laser,1,10,8/15/25,,,,,,,,,,,,,,,,,1x5,1x2,1x10,,,,
Vehicle,Bellona Hover Tank,Bellona Hover Tank,,,,,,,,,,,,,,,,,,,,,,,,,,,,,,,,,,,,,,,,,,,,,1,Clan Flamer,2,2,1/2/3,,,,,,,,,,,,,,,,,,,,,,,,,2x2,,,,,,
Vehicle,Bellona Hover Tank (XL),Bellona Hover Tank (XL),,,,,,,,,,,,,,,,,,,,,,,,,,,,,,,,,,,,,,,,,,,,,2,Clan ER Large Laser,1,10,8/15/25,Clan Streak LRM 5,2,5,7/14/21,,,,,,,,,,,,,,,,,,,,,1x10,2x5,,,,,
Vehicle,Blizzard Hover Transport,Blizzard Hover Transport,,,,,,,,,,,,,,,,,,,,,,,,,,,,,,,,,,,,,,,,,,,,,1,LRM 5,1,5,7/14/21,,,,,,,,,,,,,,,,,,,,,,,,,1x5,,,,,,
Vehicle,Blizzard Hover Transport (SRM),Blizzard Hover Transport (SRM),,,,,,,,,,,,,,,,,,,,,,,,,,,,,,,,,,,,,,,,,,,,,1,SRM 2,2,2,3/6/9,,,,,,,,,,,,,,,,,,,,,,,,,2x2,,,,,,
Vehicle,Blizzard Hover Transport Black Blizzard,Blizzard Hover Transport Black Blizzard,,,,,,,,,,,,,,,,,,,,,,,,,,,,X,,,,,,,,,,,,,,,,,2,SRM 4,4,2,3/6/9,Machine Gun,2,2,1/2/3,,,,,,,,,,,,,,,,,,,,,4x2,2x2,,,,,
Vehicle,Bolla Stealth Tank A,Bolla Stealth Tank A,,,,,,,,,,,,,,,,,,,,,,,,,,,X,X,,,,,,,X,,,,,,,,,,2,Machine Gun,1,2,1/2/3,Light Gauss Rifle,1,8,8/17/25,,,,,,,,,,,,,,,,,,,,,1x2,1x8,,,,,
Vehicle,Bolla Stealth Tank B,Bolla Stealth Tank B,,,,,,,,,,,,,,,,,,,,,,,,,,,,X,,,,,,,X,,,,,,,,,,1,Machine Gun,1,2,1/2/3,,,,,,,,,,,,,,,,,,,,,,,,,1x2,,,,,,
Vehicle,Bolla Stealth Tank C,Bolla Stealth Tank C,,,,,,,,,,,,,,,,,,,,,,,,,,,,X,,,,,,,X,,,,,,,,,,3,Machine Gun,2,2,1/2/3,Light AC/5,1,5,5/10/15,Streak SRM 6,12,2,3/6/9,,,,,,,,,,,,,,,,,2x2,1x5,12x2,,,,
Vehicle,Bolla Stealth Tank Comminus,Bolla Stealth Tank Comminus,,,,,,,,,,,,,,,,,,,,,,,,,,,X,X,,,,,,,X,,,,,,,,,,2,Machine Gun,1,2,1/2/3,Light Gauss Rifle,1,8,8/17/25,,,,,,,,,,,,,,,,,,,,,1x2,1x8,,,,,
Vehicle,Bolla Stealth Tank D,Bolla Stealth Tank D,,,,,,,,,,,,,,,,,,,,,,,,,,,,X,,,,,,,X,,,,,,,,,,1,Machine Gun,2,2,1/2/3,,,,,,,,,,,,,,,,,,,,,,,,,2x2,,,,,,
Vehicle,Bolla Stealth Tank Dominus,Bolla Stealth Tank Dominus,,,,,,,,,,,,,,,,,,,,,,,,,,,,X,,,,,,,X,,,,,,,,,,3,Machine Gun,1,2,1/2/3,Light AC/5,2,5,5/10/15,Heavy Flamer,1,4,2/3/4,,,,,,,,,,,,,,,,,1x2,2x5,1x4,,,,
Vehicle,Bolla Stealth Tank Infernus,Bolla Stealth Tank Infernus,,,,,,,,,,,,,,,,,,,,,,,,,,,,X,,,,,,,X,,,,,,,,,,2,Machine Gun,1,2,1/2/3,Streak SRM 6,18,2,3/6/9,,,,,,,,,,,,,,,,,,,,,1x2,18x2,,,,,
Vehicle,Bolla Stealth Tank Invictus,Bolla Stealth Tank Invictus,,,,,,,,,,,,,,,,,,,,,,,,,,,,X,,,,,,,X,,,,,,,,,,1,Machine Gun,2,2,1/2/3,,,,,,,,,,,,,,,,,,,,,,,,,2x2,,,,,,
Vehicle,Bolla Stealth Tank Prime,Bolla Stealth Tank Prime,,,,,,,,,,,,,,,,,,,,,,,,,,,,X,,,,,,,X,,,,,,,,,,1,Machine Gun,2,2,1/2/3,,,,,,,,,,,,,,,,,,,,,,,,,2x2,,,,,,
Vehicle,Boreas Cavalry Hovercraft A,Boreas Cavalry Hovercraft A,,,,,,,,,,,,,,,,,,,,,,,,,,,,,,,,,,,,,,,,,,,,,,,,,,,,,,,,,,,,,,,,,,,,,,,,,,,,,,,,
Vehicle,Boreas Cavalry Hovercraft Prime,Boreas Cavalry Hovercraft Prime,,,,,,,,,,,,,,,,,,,,,,,,,,,,,,,,,,,,,,,,,,,,,,,,,,,,,,,,,,,,,,,,,,,,,,,,,,,,,,,,
Vehicle,Brunel Dump Truck AC20,Brunel Dump Truck AC20,,,,,,,,,,,,,,,,,,,,,,,,,,,,,,,,,,,,,,,,,,,,,1,Machine Gun,2,2,1/2/3,,,,,,,,,,,,,,,,,,,,,,,,,2x2,,,,,,
Vehicle,Brunel Dump Truck LRM,Brunel Dump Truck LRM,,,,,,,,,,,,,,,,,,,,,,,,,,,,,,,,,,,,,,,,,,,,,2,Machine Gun,2,2,1/2/3,LRM 20,8,5,7/14/21,,,,,,,,,,,,,,,,,,,,,2x2,8x5,,,,,
Vehicle,Brutus Assault Tank,Brutus Assault Tank,,,,,,,,,,,,,,,,,,,,,,,,,,,,,,,,,,,,,,,,,,,,,4,Large Laser,2,8,5/10/15,LRM 20,2,5,7/14/21,SRM 6,8,2,3/6/9,SRM 2,1,2,3/6/9,,,,,,,,,,,,,2x8,2x5,8x2,1x2,,,
Vehicle,Brutus Assault Tank (HPPC),Brutus Assault Tank (HPPC),,,,,,,,,,,,,,,,,,,,,,,,,,,,,,,,,,,,,,,,,,,,,3,LRM 20,2,5,7/14/21,SRM 6,8,2,3/6/9,SRM 2,1,2,3/6/9,,,,,,,,,,,,,,,,,2x5,8x2,1x2,,,,
Vehicle,Brutus Assault Tank (LRM),Brutus Assault Tank (LRM),,,,,,,,,,,,,,,,,,,,,,,,,,,,,,,,,,,,,,,,,,,,,3,LRM 20,4,5,7/14/21,SRM 6,8,2,3/6/9,SRM 2,1,2,3/6/9,,,,,,,,,,,,,,,,,4x5,8x2,1x2,,,,
Vehicle,Brutus Assault Tank (PPC 2),Brutus Assault Tank (PPC 2),,,,,,,,,,,,,,,,,,,,,,,,,,,,,,,,,,,,,,,,,,,,,3,Large Laser,2,8,5/10/15,PPC,1,10,6/12/18,SRM 2,4,2,3/6/9,,,,,,,,,,,,,,,,,2x8,1x10,4x2,,,,
Vehicle,Brutus Assault Tank (PPC),Brutus Assault Tank (PPC),,,,,,,,,,,,,,,,,,,,,,,,,,,,,,,,,,,,,,,,,,,,,3,PPC,2,10,6/12/18,SRM 6,8,2,3/6/9,SRM 2,1,2,3/6/9,,,,,,,,,,,,,,,,,2x10,8x2,1x2,,,,
Vehicle,Buffel VII Engineering Support Vehicle,Buffel VII Engineering Support Vehicle,,,,,,,,,,,,,,,,,,,,,,,,,,,,,,,,,,,,,,,,,,,,,1,Machine Gun,3,2,1/2/3,,,,,,,,,,,,,,,,,,,,,,,,,3x2,,,,,,
Vehicle,Buffel VII Engineering Support Vehicle (Cargo),Buffel VII Engineering Support Vehicle (Cargo),,,,,,,,,,,,,,,,,,,,,,,,,,,,,,,,,,,,,,,,,,,,,1,Machine Gun,3,2,1/2/3,,,,,,,,,,,,,,,,,,,,,,,,,3x2,,,,,,
Vehicle,Buffel VII Engineering Support Vehicle Reverse,Buffel VII Engineering Support Vehicle Reverse,,,,,,,,,,,,,,,,,,,,,,,,,,,,,,,,,,,,,,,,,,,,,1,Machine Gun,3,2,1/2/3,,,,,,,,,,,,,,,,,,,,,,,,,3x2,,,,,,
Vehicle,Buffel VIII Engineering Support Vehicle,Buffel VIII Engineering Support Vehicle,,,,,,,,,,,,,,,,,,,,,,,,,,,,,,,,,,,,,,,,,,,,,1,Machine Gun,2,2,1/2/3,,,,,,,,,,,,,,,,,,,,,,,,,2x2,,,,,,
Vehicle,Bulldog Medium Tank,Bulldog Medium Tank,,,,,,,,,,,,,,,,,,,,,,,,,,,,,,,,,,,,,,,,,,,,,3,Machine Gun,1,2,1/2/3,SRM 4,4,2,3/6/9,Large Laser,1,8,5/10/15,,,,,,,,,,,,,,,,,1x2,4x2,1x8,,,,
Vehicle,Bulldog Medium Tank (AC2),Bulldog Medium Tank (AC2),,,,,,,,,,,,,,,,,,,,,,,,,,,,,,,,,,,,,,,,,,,,,2,Machine Gun,2,2,1/2/3,SRM 4,4,2,3/6/9,,,,,,,,,,,,,,,,,,,,,2x2,4x2,,,,,
Vehicle,Bulldog Medium Tank (Cell),Bulldog Medium Tank (Cell),,,,,,,,,,,,,,,,,,,,,,,,,,,,,,,,,,,,,,,,,,,,,2,Machine Gun,1,2,1/2/3,Snub-Nose PPC,1,10,9/13/15,,,,,,,,,,,,,,,,,,,,,1x2,1x10,,,,,
Vehicle,Bulldog Medium Tank (Chemical),Bulldog Medium Tank (Chemical),,,,,,,,,,,,,,,,,,,,,,,,,,,,,,,,,,,,,,,,,,,,,2,Machine Gun,1,2,1/2/3,SRM 4,4,2,3/6/9,,,,,,,,,,,,,,,,,,,,,1x2,4x2,,,,,
Vehicle,Bulldog Medium Tank (ERLL),Bulldog Medium Tank (ERLL),,,,,,,,,,,,,,,,,,,,,,,,,,,,,,,,,,,,,,,,,,,,,3,Heavy Machine Gun,1,3,1/2/2,ER Large Laser,1,8,7/14/19,SRM 4,8,2,3/6/9,,,,,,,,,,,,,,,,,1x3,1x8,8x2,,,,
Vehicle,Bulldog Medium Tank (LB-X),Bulldog Medium Tank (LB-X),,,,,,,,,,,,,,,,,,,,,,,,,,,,,,,,,,,,,,,,,,,,,4,Machine Gun,2,2,1/2/3,LB 5-X AC (Slug),2,5,7/14/21,-- OR --,,,,LB 5-X AC (Pellet),6,1,7/14/21,SRM 4,4,2,3/6/9,,,,,,,,,2x2,2x5,,6x1,4x2,,
Vehicle,Bulldog Medium Tank (LRM),Bulldog Medium Tank (LRM),,,,,,,,,,,,,,,,,,,,,,,,,,,,,,,,,,,,,,,,,,,,,3,Machine Gun,1,2,1/2/3,SRM 4,4,2,3/6/9,LRM 20,2,5,7/14/21,,,,,,,,,,,,,,,,,1x2,4x2,2x5,,,,
Vehicle,Bulldog Medium Tank (Plasma),Bulldog Medium Tank (Plasma),,,,,,,,,,,,,,,,,,,,,,,,,,,,,,,,,,,,,,,,,,,,,3,Heavy Machine Gun,1,3,1/2/2,Plasma Rifle,1,10,6/14/22,Streak SRM 4,8,2,3/6/9,,,,,,,,,,,,,,,,,1x3,1x10,8x2,,,,
Vehicle,Bulwark Assault Vehicle (Original),Bulwark Assault Vehicle (Original),,,,,,,,,,,,,,,,,,,,,,,,,,,,,,,,,,,,,,,,,,,,,1,Gauss Rifle,1,15,7/15/22,,,,,,,,,,,,,,,,,,,,,,,,,1x15,,,,,,
Vehicle,Bulwark Assault Vehicle (Standardl),Bulwark Assault Vehicle (Standardl),,,,,,,,,,,,,,,,,,,,,,,,,,,,,,,,,,,,,,,,,,,,,2,Improved Heavy Gauss Rifle,1,22,6/12/19,Heavy PPC,1,15,6/12/18,,,,,,,,,,,,,,,,,,,,,1x22,1x15,,,,,
Vehicle,Burke Defense Tank,Burke Defense Tank,,,,,,,,,,,,,,,,,,,,,,,,,,,,,,,,,,,,,,,,,,,,,2,LRM 10,1,5,7/14/21,PPC,3,10,6/12/18,,,,,,,,,,,,,,,,,,,,,1x5,3x10,,,,,
Vehicle,Burke Defense Tank (HPPC),Burke Defense Tank (HPPC),,,,,,,,,,,,,,,,,,,,,,,,,,,,,,,,,,,,,,,,,,,,,2,Streak SRM 4,4,2,3/6/9,Heavy PPC,2,15,6/12/18,,,,,,,,,,,,,,,,,,,,,4x2,2x15,,,,,
Vehicle,Burke Defense Tank (Royal),Burke Defense Tank (Royal),,,,,,,,,,,,,,,,,,,,,,,,,,,,,,,,,,,,,,,,,,,,,2,Streak SRM 2,4,2,3/6/9,PPC,3,10,6/12/18,,,,,,,,,,,,,,,,,,,,,4x2,3x10,,,,,
Vehicle,Burke II Superheavy Tank,Burke II Superheavy Tank,,,,,,,,,,,,,,,,,,,,,,,,,,,,,,,,,,,,,,,,,,,,,1,LRM 5,2,5,7/14/21,,,,,,,,,,,,,,,,,,,,,,,,,2x5,,,,,,
Vehicle,Buzzard Hover Tank,Buzzard Hover Tank,,,,,,,,,,,,,,,,,,,,,,,,,,,,,,,,,,,,,,,,,,,,,1,Light PPC,1,5,6/12/18,,,,,,,,,,,,,,,,,,,,,,,,,1x5,,,,,,
Vehicle,Cardinal Transport,Cardinal Transport,,,,,,,,,,,,,,,,,,,,,,,,,,,,,,,,,,,,,,,,,,,,,3,Clan LB 2-X AC (Slug),1,2,10/20/30,-- OR --,,,,Clan LB 2-X AC (Pellet),1,1,10/20/30,Clan LRM 5,1,5,7/14/21,,,,,,,,,,,,,1x2,,1x1,1x5,,,
Vehicle,Cardinal Transport (RAF),Cardinal Transport (RAF),,,,,,,,,,,,,,,,,,,,,,,,,,,,,,,,,,,,,,,,,,,,,1,Clan Small Pulse Laser,3,3,2/4/6,,,,,,,,,,,,,,,,,,,,,,,,,3x3,,,,,,
Vehicle,Carnivore Assault Tank,Carnivore Assault Tank,,,,,,,,,,,,,,,,,,,,,,,,,,,,X,,,,,,,,,,,,,,,,,2,Clan ER Medium Laser,2,7,5/10/15,Clan Gauss Rifle,2,15,7/15/22,,,,,,,,,,,,,,,,,,,,,2x7,2x15,,,,,
Vehicle,Carnivore Assault Tank (HAG),Carnivore Assault Tank (HAG),,,,,,,,,,,,,,,,,,,,,,,,,,,,X,,,,,,,,,,,,,,,,,1,Clan Medium Pulse Laser,2,7,4/8/12,,,,,,,,,,,,,,,,,,,,,,,,,2x7,,,,,,
Vehicle,Carnivore Assault Tank (Second Line),Carnivore Assault Tank (Second Line),,,,,,,,,,,,,,,,,,,,,,,,,,,,,,,,,,,,,,,,,,,,,3,Clan Medium Pulse Laser,2,7,4/8/12,Clan LB 10-X AC (Slug),1,10,6/12/18,-- OR --,,,,Clan LB 10-X AC (Pellet),6,1,6/12/18,,,,,,,,,,,,,2x7,1x10,,6x1,,,
Vehicle,Cavalry Attack Helicopter,Cavalry Attack Helicopter,,,,,,,,,,,,,,,,,,,,,,,,,,,,,,,,,,,,,,,,,,,,,2,SRM 6,4,2,3/6/9,SRM 2,3,2,3/6/9,,,,,,,,,,,,,,,,,,,,,4x2,3x2,,,,,
Vehicle,Cavalry Attack Helicopter (Infantry),Cavalry Attack Helicopter (Infantry),,,,,,,,,,,,,,,,,,,,,,,,,,,,,,,,,,,,,,,,,,,,,2,Medium Laser,3,5,3/6/9,Machine Gun,3,2,1/2/3,,,,,,,,,,,,,,,,,,,,,3x5,3x2,,,,,
Vehicle,Cavalry Attack Helicopter (LRM),Cavalry Attack Helicopter (LRM),,,,,,,,,,,,,,,,,,,,,,,,,,,,,,,,,,,,,,,,,,,,,2,LRM 10,1,5,7/14/21,SRM 2,1,2,3/6/9,,,,,,,,,,,,,,,,,,,,,1x5,1x2,,,,,
Vehicle,Cavalry Attack Helicopter (SRM),Cavalry Attack Helicopter (SRM),,,,,,,,,,,,,,,,,,,,,,,,,,,,,,,,,,,,,,,,,,,,,2,SRM 6,4,2,3/6/9,SRM 2,4,2,3/6/9,,,,,,,,,,,,,,,,,,,,,4x2,4x2,,,,,
Vehicle,Cavalry Attack Helicopter (TAG),Cavalry Attack Helicopter (TAG),,,,,,,,,,,,,,,,,,,,,,,,,,,,,,,,,,,,,,,,,,,,,1,LRM 10,1,5,7/14/21,,,,,,,,,,,,,,,,,,,,,,,,,1x5,,,,,,
Vehicle,Cellco Ranger UPU-3000,Cellco Ranger UPU-3000,,,,,,,,,,,,,,,,,,,,,,,,,,,,,,,,,,,,,,,,,,,,,1,Machine Gun,1,2,1/2/3,,,,,,,,,,,,,,,,,,,,,,,,,1x2,,,,,,
Vehicle,Centipede Scout Car,Centipede Scout Car,,,,,,,,,,,,,,,,,,,,,,,,,,,,,,X,,,,,,,,,,,,,,,2,Medium Laser,1,5,3/6/9,Vehicle Flamer,1,2,1/2/3,,,,,,,,,,,,,,,,,,,,,1x5,1x2,,,,,
Vehicle,Centipede Scout Car (SRM),Centipede Scout Car (SRM),,,,,,,,,,,,,,,,,,,,,,,,,,,,,,,,,,,,,,,,,,,,,1,SRM 2,6,2,3/6/9,,,,,,,,,,,,,,,,,,,,,,,,,6x2,,,,,,
Vehicle,Centipede Scout Car (TAG),Centipede Scout Car (TAG),,,,,,,,,,,,,,,,,,,,,,,,,,,,X,,X,,,,,,,,,,,,,,,1,Vehicle Flamer,1,2,1/2/3,,,,,,,,,,,,,,,,,,,,,,,,,1x2,,,,,,
Vehicle,Chalchiuhtotolin Support Tank,Chalchiuhtotolin Support Tank,,,,,,,,,,,,,,,,,,,,,,,,,,,,,,,,,,,,,,,,,,,,,4,Clan Micro Pulse Laser,2,3,1/2/3,Clan Large Pulse Laser,1,10,6/14/20,Clan Vehicle Flamer,1,2,1/2/3,Clan Streak SRM 4,8,2,4/8/12,,,,,,,,,,,,,2x3,1x10,1x2,8x2,,,
Vehicle,Chalchiuhtotolin Support Tank (Bombast Laser),Chalchiuhtotolin Support Tank (Bombast Laser),,,,,,,,,,,,,,,,,,,,,,,,,,,,,,,,,,,,,,,,,,,,,2,Bombast Laser,1,12,5/10/15,Clan Streak SRM 4,8,2,4/8/12,,,,,,,,,,,,,,,,,,,,,1x12,8x2,,,,,
Vehicle,Chalchiuhtotolin Support Tank (Chemical Laser),Chalchiuhtotolin Support Tank (Chemical Laser),,,,,,,,,,,,,,,,,,,,,,,,,,,,,,,,,,,,,,,,,,,,,2,Clan ER Medium Laser,2,7,5/10/15,Clan Streak SRM 4,8,2,4/8/12,,,,,,,,,,,,,,,,,,,,,2x7,8x2,,,,,
Vehicle,Chalchiuhtotolin Support Tank (XL),Chalchiuhtotolin Support Tank (XL),,,,,,,,,,,,,,,,,,,,,,,,,,,,,,,,,,,,,,,,,,,,,2,Clan Medium Pulse Laser,4,7,4/8/12,Clan Streak LRM 15,3,5,7/14/21,,,,,,,,,,,,,,,,,,,,,4x7,3x5,,,,,
Vehicle,Challenger MBT XV,Challenger MBT XV,,,,,,,,,,,,,,,,,,,,,,,,,,X,,,,,,,,,,,,,,,,,,,1,Gauss Rifle,1,15,7/15/22,,,,,,,,,,,,,,,,,,,,,,,,,1x15,,,,,,
Vehicle,Challenger MBT XVc,Challenger MBT XVc,,,,,,,,,,,,,,,,,,,,,,,,,,X,,,,,,,,,,,,,,,,,,,1,Gauss Rifle,1,15,7/15/22,,,,,,,,,,,,,,,,,,,,,,,,,1x15,,,,,,
Vehicle,Challenger X MBT,Challenger X MBT,,,,,,,,,,,,,,,,,,,,,,,,,,,X,,,,,,,,,,,,,,,,,,7,Gauss Rifle,1,15,7/15/22,LB 10-X AC (Slug),1,10,6/12/18,-- OR --,,,,LB 10-X AC (Pellet),6,1,6/12/18,LRM 10,2,5,7/14/21,Medium Pulse Laser,2,6,2/4/6,Streak SRM 2,4,2,3/6/9,1x15,1x10,,6x1,2x5,2x6,4x2
Vehicle,Challenger XI MBT,Challenger XI MBT,,,,,,,,,,,,,,,,,,,,,,,,,,,,,,,,,,,,,,,,,,,,,2,Gauss Rifle,2,15,7/15/22,ER Medium Laser,1,5,4/8/12,,,,,,,,,,,,,,,,,,,,,2x15,1x5,,,,,
Vehicle,Challenger XII MBT,Challenger XII MBT,,,,,,,,,,,,,,,,,,,,,,,,,,,,X,,,,,,,,,,,,,,,,,4,Gauss Rifle,1,15,7/15/22,LRM 15,3,5,7/14/21,Streak SRM 4,4,2,3/6/9,ER Medium Laser,2,5,4/8/12,,,,,,,,,,,,,1x15,3x5,4x2,2x5,,,
Vehicle,Challenger XIVs MBT,Challenger XIVs MBT,,,,,,,,,,,,,,,,,,,,,,,,,,,X,,,,,,,,,,,,,,,,,,6,ER Large Laser,1,8,7/14/19,LB 10-X AC (Slug),1,10,6/12/18,-- OR --,,,,LB 10-X AC (Pellet),6,1,6/12/18,SRM 4,2,2,3/6/9,Streak SRM 2,4,2,3/6/9,Small Pulse Laser,1,3,1/2/3,1x8,1x10,,6x1,2x2,4x2,1x3
Vehicle,Chaparral,Chaparral,,,,,,,,,,,,,,,,,,,,,,,,,,,,,,,,,,,,,,,,,,,,,2,Medium Laser,2,5,3/6/9,SRM 6,4,2,3/6/9,,,,,,,,,,,,,,,,,,,,,2x5,4x2,,,,,
Vehicle,Chaparral (CASE),Chaparral (CASE),,,,,,,,,,,,,,,,,,,,,,,,,,,,,,,,,,,,,,,,,,,,,2,Medium Laser,2,5,3/6/9,SRM 6,4,2,3/6/9,,,,,,,,,,,,,,,,,,,,,2x5,4x2,,,,,
Vehicle,Chaparral (ERML),Chaparral (ERML),,,,,,,,,,,,,,,,,,,,,,,,,,,,,,,,,,,,,,,,,,,,,2,ER Medium Laser,2,5,4/8/12,SRM 6,4,2,3/6/9,,,,,,,,,,,,,,,,,,,,,2x5,4x2,,,,,
Vehicle,Chaparral (MG),Chaparral (MG),,,,,,,,,,,,,,,,,,,,,,,,,,,,,,,,,,,,,,,,,,,,,3,Medium Laser,2,5,3/6/9,SRM 4,2,2,3/6/9,Machine Gun,1,2,1/2/3,,,,,,,,,,,,,,,,,2x5,2x2,1x2,,,,
Vehicle,Chaparral (SRM),Chaparral (SRM),,,,,,,,,,,,,,,,,,,,,,,,,,,,,,,,,,,,,,,,,,,,,2,Medium Laser,2,5,3/6/9,SRM 4,2,2,3/6/9,,,,,,,,,,,,,,,,,,,,,2x5,2x2,,,,,
Vehicle,Chevalier Light Tank,Chevalier Light Tank,,,,,,,,,,,,,,,,,,,,,,,,,,,,,,,,,,,,,,,,,,,,,2,ER Large Laser,1,8,7/14/19,Streak SRM 2,4,2,3/6/9,,,,,,,,,,,,,,,,,,,,,1x8,4x2,,,,,
Vehicle,Chevalier Light Tank (BAP),Chevalier Light Tank (BAP),,,,,,,,,,,,,,,,,,,,,,,,,,,,,,X,,,,,,,,,,,,,,,3,ER Large Laser,1,8,7/14/19,Streak SRM 2,4,2,3/6/9,Machine Gun,1,2,1/2/3,,,,,,,,,,,,,,,,,1x8,4x2,1x2,,,,
Vehicle,Chevalier Light Tank (MML),Chevalier Light Tank (MML),,,,,,,,,,,,,,,,,,,,,,,,,,,,,,,,,,,,,,,,,,,,,1,ER Large Laser,1,8,7/14/19,,,,,,,,,,,,,,,,,,,,,,,,,1x8,,,,,,
Vehicle,Chevalier Light Tank (Speed),Chevalier Light Tank (Speed),,,,,,,,,,,,,,,,,,,,,,,,,,,,,,,,,,,,,,,,,,,,,2,Streak SRM 2,2,2,3/6/9,ER Large Laser,1,8,7/14/19,,,,,,,,,,,,,,,,,,,,,2x2,1x8,,,,,
Vehicle,Chi-Ha Infantry Combat Vehicle,Chi-Ha Infantry Combat Vehicle,,,,,,,,,,,,,,,,,,,,,,,,,,,,,,,,,,,,,,,,,,,,,1,Machine Gun,3,2,1/2/3,,,,,,,,,,,,,,,,,,,,,,,,,3x2,,,,,,
Vehicle,Chi-Ha Infantry Combat Vehicle (Original),Chi-Ha Infantry Combat Vehicle (Original),,,,,,,,,,,,,,,,,,,,,,,,,,,,,,,,,,,,,,,,,,,,,1,Machine Gun,3,2,1/2/3,,,,,,,,,,,,,,,,,,,,,,,,,3x2,,,,,,
Vehicle,Cizin,Cizin,,,,,,,,,,,,,,,,,,,,,,,,,,,,,,,,,,,,,,,,,,,,,2,Clan SRM 2,2,2,3/6/9,Clan ER Medium Laser,4,7,5/10/15,,,,,,,,,,,,,,,,,,,,,2x2,4x7,,,,,
Vehicle,Cizin (Support),Cizin (Support),,,,,,,,,,,,,,,,,,,,,,,,,,,,X,,,,,,,,,,,,,,,,,2,Clan Streak LRM 15,3,5,7/14/21,Clan ER Large Laser,1,10,8/15/25,,,,,,,,,,,,,,,,,,,,,3x5,1x10,,,,,
Vehicle,Cobra Transport VTOL,Cobra Transport VTOL,,,,,,,,,,,,,,,,,,,,,,,,,,,X,,,,,,,,,,,,,,,,,,1,Medium Laser,1,5,3/6/9,,,,,,,,,,,,,,,,,,,,,,,,,1x5,,,,,,
Vehicle,Cobra Transport VTOL (Command),Cobra Transport VTOL (Command),,,,,,,,,,,,,,,,,,,,,,,,,,,X,,,,,,,,,,,,,,,,,,1,Medium Laser,1,5,3/6/9,,,,,,,,,,,,,,,,,,,,,,,,,1x5,,,,,,
Vehicle,Cobra Transport VTOL (MASH.),Cobra Transport VTOL (MASH.),,,,,,,,,,,,,,,,,,,,,,,,,,,X,,,,,,,,,,,,,,,,,,1,Medium Laser,1,5,3/6/9,,,,,,,,,,,,,,,,,,,,,,,,,1x5,,,,,,
Vehicle,Cobra Transport VTOL (Original),Cobra Transport VTOL (Original),,,,,,,,,,,,,,,,,,,,,,,,,,,,,,,,,,,,,,,,,,,,,1,Medium Laser,1,5,3/6/9,,,,,,,,,,,,,,,,,,,,,,,,,1x5,,,,,,
Vehicle,Cobra VTOL Transport,Cobra VTOL Transport,,,,,,,,,,,,,,,,,,,,,,,,,,,,,,,,,,,,,,,,,,,,,1,Machine Gun,5,2,1/2/3,,,,,,,,,,,,,,,,,,,,,,,,,5x2,,,,,,
Vehicle,Cobra VTOL Transport (Fusion),Cobra VTOL Transport (Fusion),,,,,,,,,,,,,,,,,,,,,,,,,,,,,,,,,,,,,,,,,,,,,1,Machine Gun,5,2,1/2/3,,,,,,,,,,,,,,,,,,,,,,,,,5x2,,,,,,
Vehicle,Command Van,Command Van,,,,,,,,,,,,,,,,,,,,,,,,,,,,,,,,,,,,,,,,,,,,,1,Machine Gun,1,2,1/2/3,,,,,,,,,,,,,,,,,,,,,,,,,1x2,,,,,,
Vehicle,Command Van (ICE),Command Van (ICE),,,,,,,,,,,,,,,,,,,,,,,,,,,,,,,,,,,,,,,,,,,,,1,Machine Gun,1,2,1/2/3,,,,,,,,,,,,,,,,,,,,,,,,,1x2,,,,,,
Vehicle,Command Van (Q-Vehicle),Command Van (Q-Vehicle),,,,,,,,,,,,,,,,,,,,,,,,,,,,,,,,,,,,,,,,,,,,,2,Machine Gun,1,2,1/2/3,LRM 5,1,5,7/14/21,,,,,,,,,,,,,,,,,,,,,1x2,1x5,,,,,
Vehicle,Condor Heavy Hover Tank,Condor Heavy Hover Tank,,,,,,,,,,,,,,,,,,,,,,,,,,,,,,,,,,,,,,,,,,,,,2,Machine Gun,1,2,1/2/3,Medium Laser,2,5,3/6/9,,,,,,,,,,,,,,,,,,,,,1x2,2x5,,,,,
Vehicle,Condor Heavy Hover Tank (Davion),Condor Heavy Hover Tank (Davion),,,,,,,,,,,,,,,,,,,,,,,,,,,,,,,,,,,,,,,,,,,,,1,Machine Gun,2,2,1/2/3,,,,,,,,,,,,,,,,,,,,,,,,,2x2,,,,,,
Vehicle,Condor Heavy Hover Tank (Fission),Condor Heavy Hover Tank (Fission),,,,,,,,,,,,,,,,,,,,,,,,,,X,,,,,,,,,,,,,,,,,,,3,Flamer,2,2,1/2/3,Machine Gun,2,2,1/2/3,Medium Laser,3,5,3/6/9,,,,,,,,,,,,,,,,,2x2,2x2,3x5,,,,
Vehicle,Condor Heavy Hover Tank (Flamer),Condor Heavy Hover Tank (Flamer),,,,,,,,,,,,,,,,,,,,,,,,,,,,,,,,,,,,,,,,,,,,,3,Vehicle Flamer,2,2,1/2/3,Medium Laser,3,5,3/6/9,Machine Gun,2,2,1/2/3,,,,,,,,,,,,,,,,,2x2,3x5,2x2,,,,
Vehicle,Condor Heavy Hover Tank (Fusion),Condor Heavy Hover Tank (Fusion),,,,,,,,,,,,,,,,,,,,,,,,,,,,,,,,,,,,,,,,,,,,,2,Machine Gun,1,2,1/2/3,Medium Laser,3,5,3/6/9,,,,,,,,,,,,,,,,,,,,,1x2,3x5,,,,,
Vehicle,Condor Heavy Hover Tank (LAC),Condor Heavy Hover Tank (LAC),,,,,,,,,,,,,,,,,,,,,,,,,,,X,,,,,,,,,,,,,,,,,,2,Light AC/5,1,5,5/10/15,Medium Re-engineered Laser,2,6,3/6/9,,,,,,,,,,,,,,,,,,,,,1x5,2x6,,,,,
Vehicle,Condor Heavy Hover Tank (Laser Upgrade),Condor Heavy Hover Tank (Laser Upgrade),,,,,,,,,,,,,,,,,,,,,,,,,,,,,,,,,,,,,,,,,,,,,1,Medium Re-engineered Laser,3,6,3/6/9,,,,,,,,,,,,,,,,,,,,,,,,,3x6,,,,,,
Vehicle,Condor Heavy Hover Tank (Laser),Condor Heavy Hover Tank (Laser),,,,,,,,,,,,,,,,,,,,,,,,,,,,,,,,,,,,,,,,,,,,,2,ER Medium Laser,4,5,4/8/12,SRM 2,3,2,3/6/9,,,,,,,,,,,,,,,,,,,,,4x5,3x2,,,,,
Vehicle,Condor Heavy Hover Tank (Liao),Condor Heavy Hover Tank (Liao),,,,,,,,,,,,,,,,,,,,,,,,,,,,,,,,,,,,,,,,,,,,,1,Medium Laser,4,5,3/6/9,,,,,,,,,,,,,,,,,,,,,,,,,4x5,,,,,,
Vehicle,Condor Heavy Hover Tank (Ultra),Condor Heavy Hover Tank (Ultra),,,,,,,,,,,,,,,,,,,,,,,,,,,X,,,,,,,,,,,,,,,,,,,,,,,,,,,,,,,,,,,,,,,,,,,,,,,,,,,,,
Vehicle,Condor Heavy Hover Tank (Upgrade Laser),Condor Heavy Hover Tank (Upgrade Laser),,,,,,,,,,,,,,,,,,,,,,,,,,,X,X,,,,,,,,,,,,,,,,,3,Machine Gun,2,2,1/2/3,ER Large Laser,1,8,7/14/19,LRM 15,1,5,7/14/21,,,,,,,,,,,,,,,,,2x2,1x8,1x5,,,,
Vehicle,Condor Heavy Hover Tank (Upgrade),Condor Heavy Hover Tank (Upgrade),,,,,,,,,,,,,,,,,,,,,,,,,,,,,,,,,,,,,,,,,,,,,4,Machine Gun,2,2,1/2/3,LB 5-X AC (Slug),1,5,7/14/21,-- OR --,,,,LB 5-X AC (Pellet),3,1,7/14/21,LRM 15,1,5,7/14/21,,,,,,,,,2x2,1x5,,3x1,1x5,,
Vehicle,Condor Heavy Hover Tank C,Condor Heavy Hover Tank C,,,,,,,,,,,,,,,,,,,,,,,,,,,,,,,,,,,,,,,,,,,,,,,,,,,,,,,,,,,,,,,,,,,,,,,,,,,,,,,,
Vehicle,Condor Multi-Purpose Tank,Condor Multi-Purpose Tank,,,,,,,,,,,,,,,,,,,,,,,,,,,,,,,,,,,,,,,,,,,,,4,LB 5-X AC (Slug),1,5,7/14/21,-- OR --,,,,LB 5-X AC (Pellet),3,1,7/14/21,Machine Gun,2,2,1/2/3,LRM 15,1,5,7/14/21,,,,,,,,,1x5,,3x1,2x2,1x5,,
Vehicle,Condor Multi-Purpose Tank (Reactive),Condor Multi-Purpose Tank (Reactive),,,,,,,,,,,,,,,,,,,,,,,,,,,,,,,,,,,,,,,,,,,,,4,LB 5-X AC (Slug),1,5,7/14/21,-- OR --,,,,LB 5-X AC (Pellet),3,1,7/14/21,Machine Gun,2,2,1/2/3,LRM 15,1,5,7/14/21,,,,,,,,,1x5,,3x1,2x2,1x5,,
Vehicle,Coolant Truck (Hover),Coolant Truck (Hover),,,,,,,,,,,,,,,,,,,,,,,,,,,,,,,,,,,,,,,,,,,,,1,Flamer,2,2,1/2/3,,,,,,,,,,,,,,,,,,,,,,,,,2x2,,,,,,
Vehicle,Coolant Truck (Tracked),Coolant Truck (Tracked),,,,,,,,,,,,,,,,,,,,,,,,,,,,,,,,,,,,,,,,,,,,,1,Flamer,2,2,1/2/3,,,,,,,,,,,,,,,,,,,,,,,,,2x2,,,,,,
Vehicle,Coolant Truck 135-K,Coolant Truck 135-K,,,,,,,,,,,,,,,,,,,,,,,,,,,,,,,,,,,,,,,,,,,,,1,Vehicle Flamer,2,2,1/2/3,,,,,,,,,,,,,,,,,,,,,,,,,2x2,,,,,,
Vehicle,Cormorant Medium Cargo Craft,Cormorant Medium Cargo Craft,,,,,,,,,,,,,,,,,,,,,,,,,,,,,,,,,,,,,,,,,,,,,1,Machine Gun,2,2,1/2/3,,,,,,,,,,,,,,,,,,,,,,,,,2x2,,,,,,
Vehicle,Corx Mobile Tunnel Miner,Corx Mobile Tunnel Miner,,,,,,,,,,,,,,,,,,,,,,,,,,,,,,,,,,,,,,,,,,,,,1,Small Laser,2,3,1/2/3,,,,,,,,,,,,,,,,,,,,,,,,,2x3,,,,,,
Vehicle,Crane Heavy Transport,Crane Heavy Transport,,,,,,,,,,,,,,,,,,,,,,,,,,X,,,,,,,,,,,,,,,,,,,1,Machine Gun,4,2,1/2/3,,,,,,,,,,,,,,,,,,,,,,,,,4x2,,,,,,
Vehicle,Crow Scout Helicopter,Crow Scout Helicopter,,,,,,,,,,,,,,,,,,,,,,,,,,,,X,,X,,,,,,,,,,,,,,,1,ER Small Laser,2,3,2/4/5,,,,,,,,,,,,,,,,,,,,,,,,,2x3,,,,,,
Vehicle,Crow Scout Helicopter 'Dragonfly',Crow Scout Helicopter 'Dragonfly',,,,,,,,,,,,,,,,,,,,,,,,,,,,X,,X,,,,,,,,,,,,,,,,,,,,,,,,,,,,,,,,,,,,,,,,,,,,,,,,,,
Vehicle,Crow Scout Helicopter (C3),Crow Scout Helicopter (C3),,,,,,,,,,,,,,,,,,,,,,,,,,,,X,,X,,,,,,,,,,,,,,,1,ER Small Laser,2,3,2/4/5,,,,,,,,,,,,,,,,,,,,,,,,,2x3,,,,,,
Vehicle,Crow Scout Helicopter (Export),Crow Scout Helicopter (Export),,,,,,,,,,,,,,,,,,,,,,,,,,,,,,,,,,,,,,,,,,,,,2,ER Small Laser,2,3,2/4/5,Machine Gun,2,2,1/2/3,,,,,,,,,,,,,,,,,,,,,2x3,2x2,,,,,
Vehicle,Croyle Systems Cortez Series N,Croyle Systems Cortez Series N,,,,,,,,,,,,,,,,,,,,,,,,,,,,,,X,,,X,,,,,,,,,,,,1,Medium Laser,1,5,3/6/9,,,,,,,,,,,,,,,,,,,,,,,,,1x5,,,,,,
Vehicle,Cyrano Gunship,Cyrano Gunship,,,,,,,,,,,,,,,,,,,,,,,,,,,,,,X,,,,,,,,,,,,,,,1,Large Laser,1,8,5/10/15,,,,,,,,,,,,,,,,,,,,,,,,,1x8,,,,,,
Vehicle,Cyrano Gunship (Fury),Cyrano Gunship (Fury),,,,,,,,,,,,,,,,,,,,,,,,,,,X,X,,,,,,,,,,,,,,,,,2,Machine Gun,1,2,1/2/3,Medium Laser,3,5,3/6/9,,,,,,,,,,,,,,,,,,,,,1x2,3x5,,,,,
Vehicle,Cyrano Gunship (ML),Cyrano Gunship (ML),,,,,,,,,,,,,,,,,,,,,,,,,,,,,,X,,,,,,,,,,,,,,,1,Medium Laser,2,5,3/6/9,,,,,,,,,,,,,,,,,,,,,,,,,2x5,,,,,,
Vehicle,Cyrano Gunship (Plasma),Cyrano Gunship (Plasma),,,,,,,,,,,,,,,,,,,,,,,,,,,,,,,,,,,,,,,,,,,,,1,Plasma Rifle,1,10,6/14/22,,,,,,,,,,,,,,,,,,,,,,,,,1x10,,,,,,
Vehicle,Cyrano Gunship (Royal),Cyrano Gunship (Royal),,,,,,,,,,,,,,,,,,,,,,,,,,,X,,,X,,,,,,,,,,,,,,,1,ER Large Laser,1,8,7/14/19,,,,,,,,,,,,,,,,,,,,,,,,,1x8,,,,,,
Vehicle,DI Morgan Assault Tank,DI Morgan Assault Tank,,,,,,,,,,,,,,,,,,,,,,,,,,,,,,,,,,,,,,,,,,,,,2,Machine Gun,2,2,1/2/3,ER PPC,3,10,7/14/23,,,,,,,,,,,,,,,,,,,,,2x2,3x10,,,,,
Vehicle,DI Morgan Assault Tank (Gauss),DI Morgan Assault Tank (Gauss),,,,,,,,,,,,,,,,,,,,,,,,,,,,,,,,,,,,,,,,,,,,,2,Machine Gun,2,2,1/2/3,Gauss Rifle,3,15,7/15/22,,,,,,,,,,,,,,,,,,,,,2x2,3x15,,,,,
Vehicle,DI Morgan Assault Tank (LRM),DI Morgan Assault Tank (LRM),,,,,,,,,,,,,,,,,,,,,,,,,,,,,,,,,,,,,,,,,,,,,2,ER Medium Laser,2,5,4/8/12,LRM 20,16,5,7/14/21,,,,,,,,,,,,,,,,,,,,,2x5,16x5,,,,,
Vehicle,DI Multipurpose VTOL,DI Multipurpose VTOL,,,,,,,,,,,,,,,,,,,,,,,,,,,,,,X,,,,,,,,,,,,,,,1,Light PPC,1,5,6/12/18,,,,,,,,,,,,,,,,,,,,,,,,,1x5,,,,,,
Vehicle,DI Multipurpose VTOL (Gunship),DI Multipurpose VTOL (Gunship),,,,,,,,,,,,,,,,,,,,,,,,,,,,,,,,,,,,,,,,,,,,,1,Light PPC,1,5,6/12/18,,,,,,,,,,,,,,,,,,,,,,,,,1x5,,,,,,
Vehicle,DI Schmitt Tank,DI Schmitt Tank,,,,,,,,,,,,,,,,,,,,,,,,,,,,,,,,,,,,,,,,,,,,,4,Flamer,2,2,1/2/3,LRM 15,1,5,7/14/21,Medium Laser,4,5,3/6/9,Machine Gun,2,2,1/2/3,,,,,,,,,,,,,2x2,1x5,4x5,2x2,,,
Vehicle,DI Schmitt Tank (Targeting Computer),DI Schmitt Tank (Targeting Computer),,,,,,,,,,,,,,,,,,,,,,,,,,,,,,,,,,,,,,,,,,,,,4,Vehicle Flamer,2,2,1/2/3,LRM 15,1,5,7/14/21,Medium Laser,4,5,3/6/9,Machine Gun,2,2,1/2/3,,,,,,,,,,,,,2x2,1x5,4x5,2x2,,,
Vehicle,Daimyo HQ 67-K,Daimyo HQ 67-K,,,,,,,,,,,,,,,,,,,,,,,,,,,,,,,,,,,,,,,,,,,,,2,Large Laser,1,8,5/10/15,Machine Gun,4,2,1/2/3,,,,,,,,,,,,,,,,,,,,,1x8,4x2,,,,,
Vehicle,Daimyo HQ 67-K2,Daimyo HQ 67-K2,,,,,,,,,,,,,,,,,,,,,,,,,,,,,,,,,,,,,,,,,,,,,1,Machine Gun,2,2,1/2/3,,,,,,,,,,,,,,,,,,,,,,,,,2x2,,,,,,
Vehicle,Daimyo HQ 67-NC,Daimyo HQ 67-NC,,,,,,,,,,,,,,,,,,,,,,,,,,,,,,,,,,,,,,,,,,,,,2,Large Laser,1,8,5/10/15,Machine Gun,4,2,1/2/3,,,,,,,,,,,,,,,,,,,,,1x8,4x2,,,,,
Vehicle,Daimyo HQ 67-R,Daimyo HQ 67-R,,,,,,,,,,,,,,,,,,,,,,,,,,,,,,,,,,,,,,,,,,,,,1,Plasma Rifle,1,10,6/14/22,,,,,,,,,,,,,,,,,,,,,,,,,1x10,,,,,,
Vehicle,Danai Support Vehicle,Danai Support Vehicle,,,,,,,,,,,,,,,,,,,,,,,,,,,,,,,,,,,,,,,,,,,,,1,ER Medium Laser,2,5,4/8/12,,,,,,,,,,,,,,,,,,,,,,,,,2x5,,,,,,
Vehicle,Darter Scout Car,Darter Scout Car,,,,,,,,,,,,,,,,,,,,,,,,,,,,,,,,,,,,,,,,,,,,,1,Machine Gun,1,2,1/2/3,,,,,,,,,,,,,,,,,,,,,,,,,1x2,,,,,,
Vehicle,Darter Scout Car (BAP),Darter Scout Car (BAP),,,,,,,,,,,,,,,,,,,,,,,,,,,,,,X,,,,,,,,,,,,,,,1,Machine Gun,1,2,1/2/3,,,,,,,,,,,,,,,,,,,,,,,,,1x2,,,,,,
Vehicle,Darter Scout Car (C3),Darter Scout Car (C3),,,,,,,,,,,,,,,,,,,,,,,,,,,,,,,,,,,,,,,,,,,,,1,Machine Gun,1,2,1/2/3,,,,,,,,,,,,,,,,,,,,,,,,,1x2,,,,,,
Vehicle,Darter Scout Car (ECM),Darter Scout Car (ECM),,,,,,,,,,,,,,,,,,,,,,,,,,,,X,,,,,,,,,,,,,,,,,1,Machine Gun,1,2,1/2/3,,,,,,,,,,,,,,,,,,,,,,,,,1x2,,,,,,
Vehicle,Darter Scout Car (SRM),Darter Scout Car (SRM),,,,,,,,,,,,,,,,,,,,,,,,,,,,,,,,,,,,,,,,,,,,,1,SRM 4,2,2,3/6/9,,,,,,,,,,,,,,,,,,,,,,,,,2x2,,,,,,
Vehicle,Darter Scout Car (SRM-2),Darter Scout Car (SRM-2),,,,,,,,,,,,,,,,,,,,,,,,,,,,,,,,,,,,,,,,,,,,,2,SRM 2,1,2,3/6/9,Machine Gun,1,2,1/2/3,,,,,,,,,,,,,,,,,,,,,1x2,1x2,,,,,
Vehicle,Death Trike,Death Trike,,,,,,,,,,,,,,,,,,,,,,,,,,,,,,,,,,,,,,,,,,,,,,,,,,,,,,,,,,,,,,,,,,,,,,,,,,,,,,,,
Vehicle,Debbie 'The Warcrime Wagon',Debbie 'The Warcrime Wagon',,,,,,,,,,,,,,,,,,,,,,,,,,,,,,,,,,,,,,,,,,,,,3,Flamer,9,2,1/2/3,Machine Gun,9,2,1/2/3,SRM 2,1,2,3/6/9,,,,,,,,,,,,,,,,,9x2,9x2,1x2,,,,
Vehicle,Demolisher Heavy Tank (Arrow IV),Demolisher Heavy Tank (Arrow IV),,,,,,,,,,,,,,,,,,,,,,,,,,,,,,,,,,,,,,,,,,,,,1,Medium Laser,2,5,3/6/9,,,,,,,,,,,,,,,,,,,,,,,,,2x5,,,,,,
Vehicle,Demolisher Heavy Tank (Cell),Demolisher Heavy Tank (Cell),,,,,,,,,,,,,,,,,,,,,,,,,,,,,,,,,,,,,,,,,,,,,,,,,,,,,,,,,,,,,,,,,,,,,,,,,,,,,,,,
Vehicle,Demolisher Heavy Tank (Clan),Demolisher Heavy Tank (Clan),,,,,,,,,,,,,,,,,,,,,,,,,,,,,,,,,,,,,,,,,,,,,3,Clan LB 20-X AC (Slug),2,20,4/8/12,-- OR --,,,,Clan LB 20-X AC (Pellet),24,1,4/8/12,Clan Medium Pulse Laser,2,7,4/8/12,,,,,,,,,,,,,2x20,,24x1,2x7,,,
Vehicle,Demolisher Heavy Tank (Defensive),Demolisher Heavy Tank (Defensive),,,,,,,,,,,,,,,,,,,,,,,,,,,,,,,,,,,,,,,,,,,,,1,Machine Gun,4,2,1/2/3,,,,,,,,,,,,,,,,,,,,,,,,,4x2,,,,,,
Vehicle,Demolisher Heavy Tank (Gauss),Demolisher Heavy Tank (Gauss),,,,,,,,,,,,,,,,,,,,,,,,,,,,,,,,,,,,,,,,,,,,,2,Gauss Rifle,2,15,7/15/22,Medium Laser,2,5,3/6/9,,,,,,,,,,,,,,,,,,,,,2x15,2x5,,,,,
Vehicle,Demolisher Heavy Tank (MRM),Demolisher Heavy Tank (MRM),,,,,,,,,,,,,,,,,,,,,,,,,,,,,,,,,,,,,,,,,,,,,1,MRM 30,9,5,3/8/15,,,,,,,,,,,,,,,,,,,,,,,,,9x5,,,,,,
Vehicle,Demolisher Heavy Tank (Reinforced),Demolisher Heavy Tank (Reinforced),,,,,,,,,,,,,,,,,,,,,,,,,,,,,,,,,,,,,,,,,,,,,,,,,,,,,,,,,,,,,,,,,,,,,,,,,,,,,,,,
Vehicle,Demolisher II Heavy Tank,Demolisher II Heavy Tank,,,,,,,,,,,,,,,,,,,,,,,,,,,,,,,,,,,,,,,,,,,,,3,LB 20-X AC (Slug),1,20,4/8/12,-- OR --,,,,LB 20-X AC (Pellet),12,1,4/8/12,Machine Gun,2,2,1/2/3,,,,,,,,,,,,,1x20,,12x1,2x2,,,
Vehicle,Demolisher II Heavy Tank (MML),Demolisher II Heavy Tank (MML),,,,,,,,,,,,,,,,,,,,,,,,,,,,X,,,,,,,,,,,,,,,,,1,Machine Gun,2,2,1/2/3,,,,,,,,,,,,,,,,,,,,,,,,,2x2,,,,,,
Vehicle,Demolisher II Heavy Tank (Thunderbolt),Demolisher II Heavy Tank (Thunderbolt),,,,,,,,,,,,,,,,,,,,,,,,,,,,,,,,,,,,,,,,,,,,,2,Streak SRM 6,6,2,3/6/9,ER Medium Laser,2,5,4/8/12,,,,,,,,,,,,,,,,,,,,,6x2,2x5,,,,,
Vehicle,Demolisher II Heavy Tank II -X,Demolisher II Heavy Tank II -X,,,,,,,,,,,,,,,,,,,,,,,,,,,,,,,,,,,,,,,,,,,,,1,Improved Heavy Gauss Rifle,1,22,6/12/19,,,,,,,,,,,,,,,,,,,,,,,,,1x22,,,,,,
Vehicle,Demon Medium Tank,Demon Medium Tank,,,,,,,,,,,,,,,,,,,,,,,,,,,,,,,,,,,,,,,,,,,,,3,Light Machine Gun,2,1,2/4/6,Flamer,2,2,1/2/3,Medium Pulse Laser,2,6,2/4/6,,,,,,,,,,,,,,,,,2x1,2x2,2x6,,,,
Vehicle,Demon Medium Tank (Armor),Demon Medium Tank (Armor),,,,,,,,,,,,,,,,,,,,,,,,,,,,,,,,,,,,,,,,,,,,,2,Machine Gun,4,2,1/2/3,ER Medium Laser,2,5,4/8/12,,,,,,,,,,,,,,,,,,,,,4x2,2x5,,,,,
Vehicle,Demon Medium Tank (Rifle),Demon Medium Tank (Rifle),,,,,,,,,,,,,,,,,,,,,,,,,,,,,,,,,,,,,,,,,,,,,1,Medium Rifle,1,6,5/10/15,,,,,,,,,,,,,,,,,,,,,,,,,1x6,,,,,,
Vehicle,Demon Tank,Demon Tank,,,,,,,,,,,,,,,,,,,,,,,,,,,,,,,,,,,,,,,,,,,,,3,SRM 6,4,2,3/6/9,Medium Laser,2,5,3/6/9,Gauss Rifle,1,15,7/15/22,,,,,,,,,,,,,,,,,4x2,2x5,1x15,,,,
Vehicle,Demon Tank (HGR),Demon Tank (HGR),,,,,,,,,,,,,,,,,,,,,,,,,,,,,,,,,,,,,,,,,,,,,2,Streak SRM 6,6,2,3/6/9,ER Medium Laser,2,5,4/8/12,,,,,,,,,,,,,,,,,,,,,6x2,2x5,,,,,
Vehicle,Demon Tank (Horned Demon),Demon Tank (Horned Demon),,,,,,,,,,,,,,,,,,,,,,,,,,,,,,,,,,,,,,,,,,,,,2,Medium Laser,4,5,3/6/9,Gauss Rifle,1,15,7/15/22,,,,,,,,,,,,,,,,,,,,,4x5,1x15,,,,,
Vehicle,Demon Tank (PPC),Demon Tank (PPC),,,,,,,,,,,,,,,,,,,,,,,,,,,,,,,,,,,,,,,,,,,,,1,PPC,2,10,6/12/18,,,,,,,,,,,,,,,,,,,,,,,,,2x10,,,,,,
Vehicle,Demon Tank (Royal),Demon Tank (Royal),,,,,,,,,,,,,,,,,,,,,,,,,,,,,,,,,,,,,,,,,,,,,3,Streak SRM 2,6,2,3/6/9,Medium Pulse Laser,2,6,2/4/6,Gauss Rifle,1,15,7/15/22,,,,,,,,,,,,,,,,,6x2,2x6,1x15,,,,
Vehicle,Demon Tank CX-2,Demon Tank CX-2,,,,,,,,,,,,,,,,,,,,,,,,,,,,,,,,,,,,,,,,,,,,,2,Improved Heavy Gauss Rifle,1,22,6/12/19,Medium Laser,2,5,3/6/9,,,,,,,,,,,,,,,,,,,,,1x22,2x5,,,,,
Vehicle,Desert Scorpion Light Tank,Desert Scorpion Light Tank,,,,,,,,,,,,,,,,,,,,,,,,,,,,,,,,,,,,,,,,,,,,,2,Machine Gun,2,2,1/2/3,Large Laser,1,8,5/10/15,,,,,,,,,,,,,,,,,,,,,2x2,1x8,,,,,
Vehicle,Destrier Siege Vehicle,Destrier Siege Vehicle,,,,,,,,,,,,,,,,,,,,,,,,,,X,X,X,,,,,,,,,,,,,,,,,2,Light Machine Gun,2,1,2/4/6,ER Medium Laser,2,5,4/8/12,,,,,,,,,,,,,,,,,,,,,2x1,2x5,,,,,
Vehicle,Devastator Heavy Tank,Devastator Heavy Tank,,,,,,,,,,,,,,,,,,,,,,,,,,,,,,,,,,,,,,,,,,,,,3,Flamer,1,2,1/2/3,SRM 6,4,2,3/6/9,Small Laser,3,3,1/2/3,,,,,,,,,,,,,,,,,1x2,4x2,3x3,,,,
Vehicle,Devastator II Superheavy Tank ,Devastator II Superheavy Tank ,,,,,,,,,,,,,,,,,,,,,,,,,,X,X,,,,,,,,,,,,,,,,,,4,Improved Heavy Gauss Rifle,2,22,6/12/19,Vehicle Flamer,1,2,1/2/3,Small Laser,1,3,1/2/3,SRM 4,2,2,3/6/9,,,,,,,,,,,,,2x22,1x2,1x3,2x2,,,
Vehicle,Diggs Drone Control Tank,Diggs Drone Control Tank,,,,,,,,,,,,,,,,,,,,,,,,,,,,X,X,,,,,,,,,,,,,,,,2,ER Medium Laser,1,5,4/8/12,Light Machine Gun,2,1,2/4/6,,,,,,,,,,,,,,,,,,,,,1x5,2x1,,,,,
Vehicle,Dillinger Police Vehicle,Dillinger Police Vehicle,,,,,,,,,,,,,,,,,,,,,,,,,,,,,,,,,,,,,,,,,,,,,1,Machine Gun,4,2,1/2/3,,,,,,,,,,,,,,,,,,,,,,,,,4x2,,,,,,
Vehicle,Donar Assault Helicopter,Donar Assault Helicopter,,,,,,,,,,,,,,,,,,,,,,,,,,,,,,,,,,,,,,,,,,,,,2,Clan ER Large Laser,1,10,8/15/25,Clan Streak SRM 2,4,2,4/8/12,,,,,,,,,,,,,,,,,,,,,1x10,4x2,,,,,
Vehicle,Donar Assault Helicopter (Close Support),Donar Assault Helicopter (Close Support),,,,,,,,,,,,,,,,,,,,,,,,,,,,,,,,,,,,,,,,,,,,,1,Clan Streak SRM 2 (IOS),4,2,4/8/12,,,,,,,,,,,,,,,,,,,,,,,,,4x2,,,,,,
Vehicle,Donar Assault Helicopter (Recon),Donar Assault Helicopter (Recon),,,,,,,,,,,,,,,,,,,,,,,,,,,,X,,X,,,,,,,,,,,,,,,1,Clan ER Large Laser,1,10,8/15/25,,,,,,,,,,,,,,,,,,,,,,,,,1x10,,,,,,
Vehicle,Dreadnought Mk II Land Trailer Configuration #1,Dreadnought Mk II Land Trailer Configuration #1,,,,,,,,,,,,,,,,,,,,,,,,,,,,,,,,,,,,,,,,,,,,,,,,,,,,,,,,,,,,,,,,,,,,,,,,,,,,,,,,
Vehicle,Dreadnought Mk II Land Trailer Configuration #2,Dreadnought Mk II Land Trailer Configuration #2,,,,,,,,,,,,,,,,,,,,,,,,,,,,,,,,,,,,,,,,,,,,,2,Extended LRM 10,1,5,12/22/38,SRM 6,4,2,3/6/9,,,,,,,,,,,,,,,,,,,,,1x5,4x2,,,,,
Vehicle,Dreadnought Mk II Land Trailer Configuration #3,Dreadnought Mk II Land Trailer Configuration #3,,,,,,,,,,,,,,,,,,,,,,,,,,,,,,,,,,,,,,,,,,,,,3,Extended LRM 5,1,5,12/22/38,Streak SRM 6,6,2,3/6/9,Machine Gun,1,2,1/2/3,,,,,,,,,,,,,,,,,1x5,6x2,1x2,,,,
Vehicle,Dreadnought Mk II Land Trailer Configuration #4,Dreadnought Mk II Land Trailer Configuration #4,,,,,,,,,,,,,,,,,,,,,,,,,,,,,,,,,,,,,,,,,,,,,,,,,,,,,,,,,,,,,,,,,,,,,,,,,,,,,,,,
Vehicle,Dreadnought Mk II Land Train,Dreadnought Mk II Land Train,,,,,,,,,,,,,,,,,,,,,,,,,,,,,,,,,,,,,,,,,,,,,1,Extended LRM 5,2,5,12/22/38,,,,,,,,,,,,,,,,,,,,,,,,,2x5,,,,,,
Vehicle,Drillson Heavy Hover Tank,Drillson Heavy Hover Tank,,,,,,,,,,,,,,,,,,,,,,,,,,,,,,,,,,,,,,,,,,,,,4,LRM 10,1,5,7/14/21,Machine Gun,2,2,1/2/3,SRM 2,2,2,3/6/9,Large Laser,1,8,5/10/15,,,,,,,,,,,,,1x5,2x2,2x2,1x8,,,
Vehicle,Drillson Heavy Hover Tank  C,Drillson Heavy Hover Tank  C,,,,,,,,,,,,,,,,,,,,,,,,,,,,,,,,,,,,,,,,,,,,,2,Clan LRM 10,2,5,7/14/21,Clan ER Small Laser,4,5,2/4/6,,,,,,,,,,,,,,,,,,,,,2x5,4x5,,,,,
Vehicle,Drillson Heavy Hover Tank  C 2,Drillson Heavy Hover Tank  C 2,,,,,,,,,,,,,,,,,,,,,,,,,,,,,,,,,,,,,,,,,,,,,1,Clan Large Pulse Laser,1,10,6/14/20,,,,,,,,,,,,,,,,,,,,,,,,,1x10,,,,,,
Vehicle,Drillson Heavy Hover Tank (ERLL),Drillson Heavy Hover Tank (ERLL),,,,,,,,,,,,,,,,,,,,,,,,,,,,,,,,,,,,,,,,,,,,,4,LRM 10,1,5,7/14/21,Machine Gun,1,2,1/2/3,ER Large Laser,1,8,7/14/19,SRM 2,1,2,3/6/9,,,,,,,,,,,,,1x5,1x2,1x8,1x2,,,
Vehicle,Drillson Heavy Hover Tank (MML),Drillson Heavy Hover Tank (MML),,,,,,,,,,,,,,,,,,,,,,,,,,,,,,,,,,,,,,,,,,,,,3,Machine Gun,2,2,1/2/3,Large Pulse Laser,1,9,3/7/10,Streak SRM 2,4,2,3/6/9,,,,,,,,,,,,,,,,,2x2,1x9,4x2,,,,
Vehicle,Drillson Heavy Hover Tank (SRM),Drillson Heavy Hover Tank (SRM),,,,,,,,,,,,,,,,,,,,,,,,,,,,,,,,,,,,,,,,,,,,,3,SRM 2,6,2,3/6/9,Machine Gun,2,2,1/2/3,Large Laser,1,8,5/10/15,,,,,,,,,,,,,,,,,6x2,2x2,1x8,,,,
Vehicle,Drillson Heavy Hover Tank (Sealed),Drillson Heavy Hover Tank (Sealed),,,,,,,,,,,,,,,,,,,,,,,,,,,,,,,,,,,,,,,,,,,,,1,Light PPC,2,5,6/12/18,,,,,,,,,,,,,,,,,,,,,,,,,2x5,,,,,,
Vehicle,Drillson Heavy Hover Tank (Streak),Drillson Heavy Hover Tank (Streak),,,,,,,,,,,,,,,,,,,,,,,,,,,,,,,,,,,,,,,,,,,,,2,Streak SRM 2,8,2,3/6/9,Large Pulse Laser,1,9,3/7/10,,,,,,,,,,,,,,,,,,,,,8x2,1x9,,,,,
Vehicle,Dromedary Water Transport,Dromedary Water Transport,,,,,,,,,,,,,,,,,,,,,,,,,,,,,,,,,,,,,,,,,,,,,1,Machine Gun,1,2,1/2/3,,,,,,,,,,,,,,,,,,,,,,,,,1x2,,,,,,
Vehicle,Dune Buggy,Dune Buggy,,,,,,,,,,,,,,,,,,,,,,,,,,,,,,,,,,,,,,,,,,,,,1,Machine Gun (Support),1,1,2/4/6,,,,,,,,,,,,,,,,,,,,,,,,,1x1,,,,,,
Vehicle,Eldingar Hover Sled,Eldingar Hover Sled,,,,,,,,,,,,,,,,,,,,,,,,,,,,X,,,,,,,,,,,,,,,,,1,Clan Streak SRM 2,6,2,4/8/12,,,,,,,,,,,,,,,,,,,,,,,,,6x2,,,,,,
Vehicle,Eldingar Hover Sled (HumHov),Eldingar Hover Sled (HumHov),,,,,,,,,,,,,,,,,,,,,,,,,,,,X,X,,,,,,,,,,,,,,,,3,Clan Medium Pulse Laser,2,7,4/8/12,Clan LB 2-X AC (Slug),1,2,10/20/30,-- OR --,,,,Clan LB 2-X AC (Pellet),1,1,10/20/30,,,,,,,,,,,,,2x7,1x2,,1x1,,,
Vehicle,Eldingar Hover Sled (Streak),Eldingar Hover Sled (Streak),,,,,,,,,,,,,,,,,,,,,,,,,,,,X,X,,,,,,,,,,,,,,,,1,Clan Streak LRM 15,6,5,7/14/21,,,,,,,,,,,,,,,,,,,,,,,,,6x5,,,,,,
Vehicle,Engineering Vehicle (Flamer),Engineering Vehicle (Flamer),,,,,,,,,,,,,,,,,,,,,,,,,,,,,,,,,,,,,,,,,,,,,1,Vehicle Flamer,3,2,1/2/3,,,,,,,,,,,,,,,,,,,,,,,,,3x2,,,,,,
Vehicle,Enyo Strike Tank,Enyo Strike Tank,,,,,,,,,,,,,,,,,,,,,,,,,,,,,,,,,,,,,,,,,,,,,2,Clan Streak SRM 6,18,2,4/8/12,Clan Large Pulse Laser,1,10,6/14/20,,,,,,,,,,,,,,,,,,,,,18x2,1x10,,,,,
Vehicle,Enyo Strike Tank ER Pulse,Enyo Strike Tank ER Pulse,,,,,,,,,,,,,,,,,,,,,,,,,,,,,,,,,,,,,,,,,,,,,2,Clan SRM 6,8,2,3/6/9,Clan ER Medium Pulse Laser,2,7,5/9/14,,,,,,,,,,,,,,,,,,,,,8x2,2x7,,,,,
Vehicle,Enyo Strike Tank Sholef,Enyo Strike Tank Sholef,,,,,,,,,,,,,,,,,,,,,,,,,,,,X,,,,,,,,,,,,,,,,,3,Clan SRM 6,12,2,3/6/9,Clan LB 10-X AC (Slug),1,10,6/12/18,-- OR --,,,,Clan LB 10-X AC (Pellet),6,1,6/12/18,,,,,,,,,,,,,12x2,1x10,,6x1,,,
Vehicle,Enyo Strike Tank XR,Enyo Strike Tank XR,,,,,,,,,,,,,,,,,,,,,,,,,,,,,,,,,,,,,,,,,,,,,1,Clan ER Large Pulse Laser,1,10,7/15/23,,,,,,,,,,,,,,,,,,,,,,,,,1x10,,,,,,
Vehicle,Epona Pursuit Tank A,Epona Pursuit Tank A,,,,,,,,,,,,,,,,,,,,,,,,,,,,,,,,,,,,,,,,,,,,,2,Clan ER Medium Laser,2,7,5/10/15,Clan LRM 20,4,5,7/14/21,,,,,,,,,,,,,,,,,,,,,2x7,4x5,,,,,
Vehicle,Epona Pursuit Tank B,Epona Pursuit Tank B,,,,,,,,,,,,,,,,,,,,,,,,,,,,,,,,,,,,,,,,,,,,,1,Clan Streak SRM 4,8,2,4/8/12,,,,,,,,,,,,,,,,,,,,,,,,,8x2,,,,,,
Vehicle,Epona Pursuit Tank C,Epona Pursuit Tank C,,,,,,,,,,,,,,,,,,,,,,,,,,,,X,,,,,,,,,,,,,,,,,2,Clan ER PPC,1,15,7/14/23,Clan Streak SRM 6,6,2,4/8/12,,,,,,,,,,,,,,,,,,,,,1x15,6x2,,,,,
Vehicle,Epona Pursuit Tank D,Epona Pursuit Tank D,,,,,,,,,,,,,,,,,,,,,,,,,,,,,,,,,,,,,,,,,,,,,1,Clan ER Medium Laser,2,7,5/10/15,,,,,,,,,,,,,,,,,,,,,,,,,2x7,,,,,,
Vehicle,Epona Pursuit Tank E,Epona Pursuit Tank E,,,,,,,,,,,,,,,,,,,,,,,,,,,,,,,,,,,,,,,,,,,,,,,,,,,,,,,,,,,,,,,,,,,,,,,,,,,,,,,,
Vehicle,Epona Pursuit Tank Prime,Epona Pursuit Tank Prime,,,,,,,,,,,,,,,,,,,,,,,,,,,,,,,,,,,,,,,,,,,,,2,Clan Medium Pulse Laser,4,7,4/8/12,Clan Streak SRM 4,4,2,4/8/12,,,,,,,,,,,,,,,,,,,,,4x7,4x2,,,,,
Vehicle,Estevez AA,Estevez AA,,,,,,,,,,,,,,,,,,,,,,,,,,,,,,,,,,,,,,,,,,,,,1,Machine Gun,1,2,1/2/3,,,,,,,,,,,,,,,,,,,,,,,,,1x2,,,,,,
Vehicle,Estevez MBT,Estevez MBT,,,,,,,,,,,,,,,,,,,,,,,,,,,,,,,,,,,,,,,,,,,,,2,Heavy Rifle,1,9,6/12/18,Machine Gun,2,2,1/2/3,,,,,,,,,,,,,,,,,,,,,1x9,2x2,,,,,
Vehicle,Eurus MBT A,Eurus MBT A,,,,,,,,,,,,,,,,,,,,,,,,,,,,,,,,,,,,,,,,,,,,,1,Clan ER Small Laser,5,5,2/4/6,,,,,,,,,,,,,,,,,,,,,,,,,5x5,,,,,,
Vehicle,Eurus MBT B,Eurus MBT B,,,,,,,,,,,,,,,,,,,,,,,,,,,,,,,,,,,,,,,,,,,,,1,Clan ER Medium Laser,2,7,5/10/15,,,,,,,,,,,,,,,,,,,,,,,,,2x7,,,,,,
Vehicle,Eurus MBT C,Eurus MBT C,,,,,,,,,,,,,,,,,,,,,,,,,,,,,,,,,,,,,,,,,,,,,,,,,,,,,,,,,,,,,,,,,,,,,,,,,,,,,,,,
Vehicle,Eurus MBT D,Eurus MBT D,,,,,,,,,,,,,,,,,,,,,,,,,,,,,,,,,,,,,,,,,,,,,2,Clan ER PPC,1,15,7/14/23,Clan Streak SRM 6,18,2,4/8/12,,,,,,,,,,,,,,,,,,,,,1x15,18x2,,,,,
Vehicle,Eurus MBT Prime,Eurus MBT Prime,,,,,,,,,,,,,,,,,,,,,,,,,,,X,,,,,,,,,,,,,,,,,,2,Clan Large Pulse Laser,1,10,6/14/20,Clan Gauss Rifle,1,15,7/15/22,,,,,,,,,,,,,,,,,,,,,1x10,1x15,,,,,
Vehicle,Falcon Hover Tank,Falcon Hover Tank,,,,,,,,,,,,,,,,,,,,,,,,,,,,,,,,,,,,,,,,,,,,,2,SRM 6,8,2,3/6/9,Medium Laser,1,5,3/6/9,,,,,,,,,,,,,,,,,,,,,8x2,1x5,,,,,
Vehicle,Fensalir Combat WiGE,Fensalir Combat WiGE,,,,,,,,,,,,,,,,,,,,,,,,,,,,,,,,,,,,,,,,,,,,,1,ER Medium Laser,2,5,4/8/12,,,,,,,,,,,,,,,,,,,,,,,,,2x5,,,,,,
Vehicle,Fensalir Combat WiGE (3132 Upgrade),Fensalir Combat WiGE (3132 Upgrade),,,,,,,,,,,,,,,,,,,,,,,,,,,,X,,,,,,,,,,,,,,,,,1,ER Medium Laser,2,5,4/8/12,,,,,,,,,,,,,,,,,,,,,,,,,2x5,,,,,,
Vehicle,Fensalir Combat WiGE (3137 Upgrade),Fensalir Combat WiGE (3137 Upgrade),,,,,,,,,,,,,,,,,,,,,,,,,,,,X,,,,,,,,,,,,,,,,,3,LB 10-X AC (Slug),1,10,6/12/18,-- OR --,,,,LB 10-X AC (Pellet),6,1,6/12/18,Light PPC,2,5,6/12/18,,,,,,,,,,,,,1x10,,6x1,2x5,,,
Vehicle,Fensalir Combat WiGE (HAG),Fensalir Combat WiGE (HAG),,,,,,,,,,,,,,,,,,,,,,,,,,,,,,,,,,,,,,,,,,,,,1,Clan ER Medium Laser,2,7,5/10/15,,,,,,,,,,,,,,,,,,,,,,,,,2x7,,,,,,
Vehicle,Fensalir Combat WiGE (Infantry),Fensalir Combat WiGE (Infantry),,,,,,,,,,,,,,,,,,,,,,,,,,,,,,,,,,,,,,,,,,,,,3,Gauss Rifle,1,15,7/15/22,ER Medium Laser,2,5,4/8/12,Machine Gun,3,2,1/2/3,,,,,,,,,,,,,,,,,1x15,2x5,3x2,,,,
Vehicle,Fensalir Combat WiGE (Stealth),Fensalir Combat WiGE (Stealth),,,,,,,,,,,,,,,,,,,,,,,,,,,X,X,,,,,,,X,,,,,,,,,,2,Improved Heavy Gauss Rifle,1,22,6/12/19,LRM 10,2,5,7/14/21,,,,,,,,,,,,,,,,,,,,,1x22,2x5,,,,,
Vehicle,Fensalir Combat WiGE (XXL),Fensalir Combat WiGE (XXL),,,,,,,,,,,,,,,,,,,,,,,,,,X,,,,,,,,,,,,,,,,,,,4,Improved Heavy Gauss Rifle,1,22,6/12/19,SRM 6,4,2,3/6/9,Machine Gun,4,2,1/2/3,Small Pulse Laser,1,3,1/2/3,,,,,,,,,,,,,1x22,4x2,4x2,1x3,,,
Vehicle,Ferret Light Scout VTOL,Ferret Light Scout VTOL,,,,,,,,,,,,,,,,,,,,,,,,,,,,,,,,,,,,,,,,,,,,,1,Machine Gun,1,2,1/2/3,,,,,,,,,,,,,,,,,,,,,,,,,1x2,,,,,,
Vehicle,Ferret Light Scout VTOL (Armor) Wild Weasel,Ferret Light Scout VTOL (Armor) Wild Weasel,,,,,,,,,,,,,,,,,,,,,,,,,,,,,,,,,,,,,,,,,,,,,1,Machine Gun,1,2,1/2/3,,,,,,,,,,,,,,,,,,,,,,,,,1x2,,,,,,
Vehicle,Flatbed Truck (SRM),Flatbed Truck (SRM),,,,,,,,,,,,,,,,,,,,,,,,,,,,,,,,,,,,,,,,,,,,,1,SRM 2,1,2,3/6/9,,,,,,,,,,,,,,,,,,,,,,,,,1x2,,,,,,
Vehicle,Fortune Wheeled Assault Vehicle,Fortune Wheeled Assault Vehicle,,,,,,,,,,,,,,,,,,,,,,,,,,,,,,,,,,,,,,,,,,,,,2,LB 20-X AC (Slug),2,20,4/8/12,-- OR --,,,,LB 20-X AC (Pellet),24,1,4/8/12,,,,,,,,,,,,,,,,,2x20,,24x1,,,,
Vehicle,Fortune Wheeled Assault Vehicle (C3M),Fortune Wheeled Assault Vehicle (C3M),,,,,,,,,,,,,,,,,,,,,,,,,,,,,,,,,,,,,,,,,,,,,4,LB 20-X AC (Slug),1,20,4/8/12,-- OR --,,,,LB 20-X AC (Pellet),12,1,4/8/12,LB 10-X AC (Slug),1,10,6/12/18,-- OR --,,,,LB 10-X AC (Pellet),6,1,6/12/18,,,,,1x20,,12x1,1x10,,6x1,
Vehicle,Fortune Wheeled Assault Vehicle [Thunderbolt],Fortune Wheeled Assault Vehicle [Thunderbolt],,,,,,,,,,,,,,,,,,,,,,,,,,,,,,,,,,,,,,,,,,,,,2,Flamer,1,2,1/2/3,Streak SRM 6,6,2,3/6/9,,,,,,,,,,,,,,,,,,,,,1x2,6x2,,,,,
Vehicle,Fox Armored Car,Fox Armored Car,,,,,,,,,,,,,,,,,,,,,,,,,,,,,,,,,,,,,,,,,,,,,2,ER Medium Laser,1,5,4/8/12,Small Pulse Laser,2,3,1/2/3,,,,,,,,,,,,,,,,,,,,,1x5,2x3,,,,,
Vehicle,Fox Armored Car (Flamer),Fox Armored Car (Flamer),,,,,,,,,,,,,,,,,,,,,,,,,,,,,,,,,,,,,,,,,,,,,3,ER Medium Laser,1,5,4/8/12,Small Pulse Laser,1,3,1/2/3,Flamer,1,2,1/2/3,,,,,,,,,,,,,,,,,1x5,1x3,1x2,,,,
Vehicle,Fox Armored Car (Interdictor),Fox Armored Car (Interdictor),,,,,,,,,,,,,,,,,,,,,,,,,,,,X,,,,,,,,,,,,,,,,,2,ER Medium Laser,1,5,4/8/12,Machine Gun,2,2,1/2/3,,,,,,,,,,,,,,,,,,,,,1x5,2x2,,,,,
Vehicle,Fox Armored Car (VSP),Fox Armored Car (VSP),,,,,,,,,,,,,,,,,,,,,,,,,,,,,,,,,,,,,,,,,,,,,1,ER Medium Laser,1,5,4/8/12,,,,,,,,,,,,,,,,,,,,,,,,,1x5,,,,,,
Vehicle,Fulcrum Heavy Hover Tank Hybrid,Fulcrum Heavy Hover Tank Hybrid,,,,,,,,,,,,,,,,,,,,,,,,,,,,X,X,,,,,,,,,,,,,,,,1,Clan Medium Pulse Laser,2,7,4/8/12,,,,,,,,,,,,,,,,,,,,,,,,,2x7,,,,,,
Vehicle,Fulcrum Heavy Hovertank,Fulcrum Heavy Hovertank,,,,,,,,,,,,,,,,,,,,,,,,,,,,X,,,,,,,,,,,,,,,,,3,Large Laser,1,8,5/10/15,Medium Laser,1,5,3/6/9,LRM 10,1,5,7/14/21,,,,,,,,,,,,,,,,,1x8,1x5,1x5,,,,
Vehicle,Fulcrum Heavy Hovertank II,Fulcrum Heavy Hovertank II,,,,,,,,,,,,,,,,,,,,,,,,,,,,X,,,,,,,,,,,,,,,,,3,LRM 10,1,5,7/14/21,Medium Laser,3,5,3/6/9,SRM 6,4,2,3/6/9,,,,,,,,,,,,,,,,,1x5,3x5,4x2,,,,
Vehicle,Fulcrum Heavy Hovertank X,Fulcrum Heavy Hovertank X,,,,,,,,,,,,,,,,,,,,,,,,,,,,X,X,,,,,,,,,,,,,,,,1,Clan Medium Pulse Laser,2,7,4/8/12,,,,,,,,,,,,,,,,,,,,,,,,,2x7,,,,,,
Vehicle,Fulcrum III Heavy Hovertank,Fulcrum III Heavy Hovertank,,,,,,,,,,,,,,,,,,,,,,,,,,,,X,,,,,,,,,,,,,,,,,,,,,,,,,,,,,,,,,,,,,,,,,,,,,,,,,,,,
Vehicle,Fulmar Patrol Craft,Fulmar Patrol Craft,,,,,,,,,,,,,,,,,,,,,,,,,,,,,,,,,,,,,,,,,,,,,1,Light Machine Gun,2,1,2/4/6,,,,,,,,,,,,,,,,,,,,,,,,,2x1,,,,,,
Vehicle,Fulmar Patrol Craft (Original),Fulmar Patrol Craft (Original),,,,,,,,,,,,,,,,,,,,,,,,,,,,,,,,,,,,,,,,,,,,,1,Machine Gun,2,2,1/2/3,,,,,,,,,,,,,,,,,,,,,,,,,2x2,,,,,,
Vehicle,Fury CX-17,Fury CX-17,,,,,,,,,,,,,,,,,,,,,,,,,,,,X,X,,,,,,,,,,,,,,,,2,LB 5-X AC (Slug),2,5,7/14/21,-- OR --,,,,LB 5-X AC (Pellet),6,1,7/14/21,,,,,,,,,,,,,,,,,2x5,,6x1,,,,
Vehicle,Fury Command Tank,Fury Command Tank,,,,,,,,,,,,,,,,,,,,,,,,,,,,,,,,,,,,,,,,,,,,,1,Gauss Rifle,1,15,7/15/22,,,,,,,,,,,,,,,,,,,,,,,,,1x15,,,,,,
Vehicle,Fury Command Tank (C3M),Fury Command Tank (C3M),,,,,,,,,,,,,,,,,,,,,,,,,,,,,,,,,,,,,,,,,,,,,1,Plasma Rifle,1,10,6/14/22,,,,,,,,,,,,,,,,,,,,,,,,,1x10,,,,,,
Vehicle,Fury Command Tank (C3S),Fury Command Tank (C3S),,,,,,,,,,,,,,,,,,,,,,,,,,,,,,,,,,,,,,,,,,,,,2,Light AC/5,1,5,5/10/15,Gauss Rifle,1,15,7/15/22,,,,,,,,,,,,,,,,,,,,,1x5,1x15,,,,,
Vehicle,Fury Command Tank (Fury II),Fury Command Tank (Fury II),,,,,,,,,,,,,,,,,,,,,,,,,,,,,,,,,,,,,,,,,,,,,2,Medium Laser,1,5,3/6/9,Gauss Rifle,1,15,7/15/22,,,,,,,,,,,,,,,,,,,,,1x5,1x15,,,,,
Vehicle,Fury Command Tank (Fury III),Fury Command Tank (Fury III),,,,,,,,,,,,,,,,,,,,,,,,,,,,,,X,,,,,,,,,,,,,,,2,ER Medium Laser,2,5,4/8/12,Gauss Rifle,1,15,7/15/22,,,,,,,,,,,,,,,,,,,,,2x5,1x15,,,,,
Vehicle,Fury Command Tank (Fury IIIm),Fury Command Tank (Fury IIIm),,,,,,,,,,,,,,,,,,,,,,,,,,,,,,,,,,,,,,,,,,,,,2,ER Medium Laser,1,5,4/8/12,Gauss Rifle,1,15,7/15/22,,,,,,,,,,,,,,,,,,,,,1x5,1x15,,,,,
Vehicle,Fury Command Tank (Original),Fury Command Tank (Original),,,,,,,,,,,,,,,,,,,,,,,,,,,,,,,,,,,,,,,,,,,,,1,Gauss Rifle,1,15,7/15/22,,,,,,,,,,,,,,,,,,,,,,,,,1x15,,,,,,
Vehicle,Fury Command Tank (Royal),Fury Command Tank (Royal),,,,,,,,,,,,,,,,,,,,,,,,,,,X,,,,,,,,,,,,,,,,,,1,Gauss Rifle,1,15,7/15/22,,,,,,,,,,,,,,,,,,,,,,,,,1x15,,,,,,
Vehicle,Gabriel Reconnaissance Hovercraft,Gabriel Reconnaissance Hovercraft,,,,,,,,,,,,,,,,,,,,,,,,,,,,,,,,,,,,,,,,,,,,,1,Medium Laser,1,5,3/6/9,,,,,,,,,,,,,,,,,,,,,,,,,1x5,,,,,,
Vehicle,Gabriel Reconnaissance Hovercraft (ERSL),Gabriel Reconnaissance Hovercraft (ERSL),,,,,,,,,,,,,,,,,,,,,,,,,,,,,,,,,,,,,,,,,,,,,1,ER Small Laser,2,3,2/4/5,,,,,,,,,,,,,,,,,,,,,,,,,2x3,,,,,,
Vehicle,Gallant Urban Assault Tank,Gallant Urban Assault Tank,,,,,,,,,,,,,,,,,,,,,,,,,,,,,,,,,,,,,,,,,,,,,3,LRM 10,1,5,7/14/21,Machine Gun,4,2,1/2/3,SRM 2,1,2,3/6/9,,,,,,,,,,,,,,,,,1x5,4x2,1x2,,,,
Vehicle,Galleon Light Tank C,Galleon Light Tank C,,,,,,,,,,,,,,,,,,,,,,,,,,X,,,,,,,,,,,,,,,,,,,,,,,,,,,,,,,,,,,,,,,,,,,,,,,,,,,,,,
Vehicle,Galleon Light Tank GAL-100,Galleon Light Tank GAL-100,,,,,,,,,,,,,,,,,,,,,,,,,,,,,,,,,,,,,,,,,,,,,2,Small Laser,2,3,1/2/3,Medium Laser,1,5,3/6/9,,,,,,,,,,,,,,,,,,,,,2x3,1x5,,,,,
Vehicle,Galleon Light Tank GAL-102,Galleon Light Tank GAL-102,,,,,,,,,,,,,,,,,,,,,,,,,,,,,,X,,,,,,,,,,,,,,,2,Medium Pulse Laser,1,6,2/4/6,Medium Laser,2,5,3/6/9,,,,,,,,,,,,,,,,,,,,,1x6,2x5,,,,,
Vehicle,Galleon Light Tank GAL-103,Galleon Light Tank GAL-103,,,,,,,,,,,,,,,,,,,,,,,,,,,,X,,X,,,,,,,,,,,,,,,2,ER Medium Laser,1,5,4/8/12,Medium Laser,2,5,3/6/9,,,,,,,,,,,,,,,,,,,,,1x5,2x5,,,,,
Vehicle,Galleon Light Tank GAL-104,Galleon Light Tank GAL-104,,,,,,,,,,,,,,,,,,,,,,,,,,,,,,,,,,,,,,,,,,,,,1,ER Large Laser,1,8,7/14/19,,,,,,,,,,,,,,,,,,,,,,,,,1x8,,,,,,
Vehicle,Galleon Light Tank GAL-105,Galleon Light Tank GAL-105,,,,,,,,,,,,,,,,,,,,,,,,,,,,,,,,,,,,,,,,,,,,,1,ER Medium Laser,2,5,4/8/12,,,,,,,,,,,,,,,,,,,,,,,,,2x5,,,,,,
Vehicle,Galleon Light Tank GAL-106,Galleon Light Tank GAL-106,,,,,,,,,,,,,,,,,,,,,,,,,,X,,,,X,,,,,,,,,,,,,,,2,Medium Laser,2,5,3/6/9,Light PPC,1,5,6/12/18,,,,,,,,,,,,,,,,,,,,,2x5,1x5,,,,,
Vehicle,Galleon Light Tank GAL-106M,Galleon Light Tank GAL-106M,,,,,,,,,,,,,,,,,,,,,,,,,,X,X,,,,,,,,,,,,,,,,,,2,Machine Gun,2,2,1/2/3,ER Medium Laser,1,5,4/8/12,,,,,,,,,,,,,,,,,,,,,2x2,1x5,,,,,
Vehicle,Galleon Light Tank GAL-200,Galleon Light Tank GAL-200,,,,,,,,,,,,,,,,,,,,,,,,,,,,,,,,,,,,,,,,,,,,,2,Medium Laser,1,5,3/6/9,Machine Gun,2,2,1/2/3,,,,,,,,,,,,,,,,,,,,,1x5,2x2,,,,,
Vehicle,Galleon Light Tank GAL-200 (RL),Galleon Light Tank GAL-200 (RL),,,,,,,,,,,,,,,,,,,,,,,,,,,,,,,,,,,,,,,,,,,,,1,Machine Gun,2,2,1/2/3,,,,,,,,,,,,,,,,,,,,,,,,,2x2,,,,,,
Vehicle,Galleon Light Tank GAL-200R,Galleon Light Tank GAL-200R,,,,,,,,,,,,,,,,,,,,,,,,,,,,,,,,,,,,,,,,,,,,,1,Machine Gun,2,2,1/2/3,,,,,,,,,,,,,,,,,,,,,,,,,2x2,,,,,,
Vehicle,Galleon Light Tank GAL-201,Galleon Light Tank GAL-201,,,,,,,,,,,,,,,,,,,,,,,,,,X,,X,,,,,,,X,,,,,,,,,,1,Light AC/5,1,5,5/10/15,,,,,,,,,,,,,,,,,,,,,,,,,1x5,,,,,,
Vehicle,Galleon Light Tank GAL-300,Galleon Light Tank GAL-300,,,,,,,,,,,,,,,,,,,,,,,,,,X,,,,,,,,,,,,,,,,,,,2,ER Small Laser,2,3,2/4/5,ER Medium Laser,1,5,4/8/12,,,,,,,,,,,,,,,,,,,,,2x3,1x5,,,,,
Vehicle,Galleon Light Tank Maxwell,Galleon Light Tank Maxwell,,,,,,,,,,,,,,,,,,,,,,,,,,X,,,,,,,,,,,,,,,,,,,3,Small Pulse Laser,2,3,1/2/3,Machine Gun,2,2,1/2/3,ER Medium Laser,1,5,4/8/12,,,,,,,,,,,,,,,,,2x3,2x2,1x5,,,,
Vehicle,Garrot Superheavy Transport,Garrot Superheavy Transport,,,,,,,,,,,,,,,,,,,,,,,,,,,,,,,,,,,,,,,,,,,,,1,Light Machine Gun,2,1,2/4/6,,,,,,,,,,,,,,,,,,,,,,,,,2x1,,,,,,
Vehicle,Garuda Heavy VTOL,Garuda Heavy VTOL,,,,,,,,,,,,,,,,,,,,,,,,,,,,X,,,,,,,,,,,,,,,,,2,Clan Streak LRM 15,3,5,7/14/21,Clan ER Large Laser,1,10,8/15/25,,,,,,,,,,,,,,,,,,,,,3x5,1x10,,,,,
Vehicle,Giggins APC (Fire Support),Giggins APC (Fire Support),,,,,,,,,,,,,,,,,,,,,,,,,,,,,,,,,,,,,,,,,,,,,1,ER Medium Laser,2,5,4/8/12,,,,,,,,,,,,,,,,,,,,,,,,,2x5,,,,,,
Vehicle,Gladius Medium Hover Tank,Gladius Medium Hover Tank,,,,,,,,,,,,,,,,,,,,,,,,,,,,,,,,,,,,,,,,,,,,,,,,,,,,,,,,,,,,,,,,,,,,,,,,,,,,,,,,
Vehicle,Gladius Medium Hover Tank Mk II,Gladius Medium Hover Tank Mk II,,,,,,,,,,,,,,,,,,,,,,,,,,,,,,,,,,,,,,,,,,,,,1,Light AC/5,1,5,5/10/15,,,,,,,,,,,,,,,,,,,,,,,,,1x5,,,,,,
Vehicle,Glaive Medium Tank,Glaive Medium Tank,,,,,,,,,,,,,,,,,,,,,,,,,,,,,,,,,,,,,,,,,,,,,3,LRM 15,3,5,7/14/21,ER Large Laser,1,8,7/14/19,Machine Gun,2,2,1/2/3,,,,,,,,,,,,,,,,,3x5,1x8,2x2,,,,
Vehicle,Glory Heavy Fire Support Vehicle,Glory Heavy Fire Support Vehicle,,,,,,,,,,,,,,,,,,,,,,,,,,,,X,,,,,,,,,,,,,,,,,2,LRM 15,6,5,7/14/21,ER Medium Laser,2,5,4/8/12,,,,,,,,,,,,,,,,,,,,,6x5,2x5,,,,,
Vehicle,Glory Heavy Fire Support Vehicle (3090 Upgrade),Glory Heavy Fire Support Vehicle (3090 Upgrade),,,,,,,,,,,,,,,,,,,,,,,,,,,,X,,X,,,,,,,,,,,,,,,2,ER Medium Laser,2,5,4/8/12,LRM 15,6,5,7/14/21,,,,,,,,,,,,,,,,,,,,,2x5,6x5,,,,,
Vehicle,Glory Heavy Fire Support Vehicle (Light Gauss),Glory Heavy Fire Support Vehicle (Light Gauss),,,,,,,,,,,,,,,,,,,,,,,,,,,,X,,,,,,,,,,,,,,,,,2,Light Gauss Rifle,1,8,8/17/25,LRM 15,6,5,7/14/21,,,,,,,,,,,,,,,,,,,,,1x8,6x5,,,,,
Vehicle,Glory Heavy Fire Support Vehicle [Arrow IV],Glory Heavy Fire Support Vehicle [Arrow IV],,,,,,,,,,,,,,,,,,,,,,,,,,,,X,,,,,,,,,,,,,,,,,2,ER Medium Laser,3,5,4/8/12,Plasma Rifle,1,10,6/14/22,,,,,,,,,,,,,,,,,,,,,3x5,1x10,,,,,
Vehicle,Goblin II Infantry Support Vehicle,Goblin II Infantry Support Vehicle,,,,,,,,,,,,,,,,,,,,,,,,,,,X,,,,,,,,,,,,,,,,,,4,Machine Gun,2,2,1/2/3,ER Medium Laser,1,5,4/8/12,LRM 10,1,5,7/14/21,SRM 6,4,2,3/6/9,,,,,,,,,,,,,2x2,1x5,1x5,4x2,,,
Vehicle,Goblin III Infantry Support Vehicle,Goblin III Infantry Support Vehicle,,,,,,,,,,,,,,,,,,,,,,,,,,,,,,,,,,,,,,,,,,,,,2,Machine Gun,1,2,1/2/3,Large Re-engineered Laser,1,9,5/10/15,,,,,,,,,,,,,,,,,,,,,1x2,1x9,,,,,
Vehicle,Goblin Infantry Support Vehicle,Goblin Infantry Support Vehicle,,,,,,,,,,,,,,,,,,,,,,,,,,,X,,,,,,,,,,,,,,,,,,3,Machine Gun,2,2,1/2/3,Large Pulse Laser,1,9,3/7/10,SRM 6,4,2,3/6/9,,,,,,,,,,,,,,,,,2x2,1x9,4x2,,,,
Vehicle,Goblin Infantry Support Vehicle (Sealed),Goblin Infantry Support Vehicle (Sealed),,,,,,,,,,,,,,,,,,,,,,,,,,,X,,,,,,,,,,,,,,,,,,3,Snub-Nose PPC,1,10,9/13/15,SRM 6,4,2,3/6/9,Machine Gun,1,2,1/2/3,,,,,,,,,,,,,,,,,1x10,4x2,1x2,,,,
Vehicle,Goblin Medium Tank,Goblin Medium Tank,,,,,,,,,,,,,,,,,,,,,,,,,,,,,,,,,,,,,,,,,,,,,2,Machine Gun,1,2,1/2/3,Large Laser,1,8,5/10/15,,,,,,,,,,,,,,,,,,,,,1x2,1x8,,,,,
Vehicle,Goblin Medium Tank (LRM),Goblin Medium Tank (LRM),,,,,,,,,,,,,,,,,,,,,,,,,,,,,,,,,,,,,,,,,,,,,2,Machine Gun,1,2,1/2/3,LRM 10,2,5,7/14/21,,,,,,,,,,,,,,,,,,,,,1x2,2x5,,,,,
Vehicle,Goblin Medium Tank (MG),Goblin Medium Tank (MG),,,,,,,,,,,,,,,,,,,,,,,,,,,,,,,,,,,,,,,,,,,,,2,Machine Gun,6,2,1/2/3,SRM 6,4,2,3/6/9,,,,,,,,,,,,,,,,,,,,,6x2,4x2,,,,,
Vehicle,Goblin Medium Tank (SRM),Goblin Medium Tank (SRM),,,,,,,,,,,,,,,,,,,,,,,,,,,,,,,,,,,,,,,,,,,,,2,Machine Gun,1,2,1/2/3,SRM 6,12,2,3/6/9,,,,,,,,,,,,,,,,,,,,,1x2,12x2,,,,,
Vehicle,Gossamer (XL) VTOL,Gossamer (XL) VTOL,,,,,,,,,,,,,,,,,,,,,,,,,,,,,,,,,,,,,,,,,,,,,2,Clan LB 10-X AC (Slug),1,10,6/12/18,-- OR --,,,,Clan LB 10-X AC (Pellet),6,1,6/12/18,,,,,,,,,,,,,,,,,1x10,,6x1,,,,
Vehicle,Gossamer VTOL,Gossamer VTOL,,,,,,,,,,,,,,,,,,,,,,,,,,,,,,,,,,,,,,,,,,,,,1,Clan Medium Pulse Laser,3,7,4/8/12,,,,,,,,,,,,,,,,,,,,,,,,,3x7,,,,,,
Vehicle,Gun Trailer (LRM),Gun Trailer (LRM),,,,,,,,,,,,,,,,,,,,,,,,,,,,,,,,,,,,,,,,,,,,,1,LRM 10,3,5,7/14/21,,,,,,,,,,,,,,,,,,,,,,,,,3x5,,,,,,
Vehicle,Gun Trailer (Mjolnir),Gun Trailer (Mjolnir),,,,,,,,,,,,,,,,,,,,,,,,,,,,X,,,,,,,X,,,,,,,,,,1,Improved Heavy Gauss Rifle,1,22,6/12/19,,,,,,,,,,,,,,,,,,,,,,,,,1x22,,,,,,
Vehicle,Gun Trailer (Sniper Cannon),Gun Trailer (Sniper Cannon),,,,,,,,,,,,,,,,,,,,,,,,,,,,,,,,,,,,,,,,,,,,,,,,,,,,,,,,,,,,,,,,,,,,,,,,,,,,,,,,
Vehicle,Gun Trailer (Stronghold),Gun Trailer (Stronghold),,,,,,,,,,,,,,,,,,,,,,,,,,,,,,,,,,,,,,,,,,,,,2,Machine Gun,1,2,1/2/3,Light AC/5,1,5,5/10/15,,,,,,,,,,,,,,,,,,,,,1x2,1x5,,,,,
Vehicle,Gun Trailer (Thumper),Gun Trailer (Thumper),,,,,,,,,,,,,,,,,,,,,,,,,,,,,,,,,,,,,,,,,,,,,,,,,,,,,,,,,,,,,,,,,,,,,,,,,,,,,,,,
Vehicle,Gun Trailer (Ultra),Gun Trailer (Ultra),,,,,,,,,,,,,,,,,,,,,,,,,,,,,,,,,,,,,,,,,,,,,,,,,,,,,,,,,,,,,,,,,,,,,,,,,,,,,,,,
Vehicle,Gurteltier MBT,Gurteltier MBT,,,,,,,,,,,,,,,,,,,,,,,,,,,,X,,,,,,,,,,,,,,,,,3,Machine Gun,3,2,1/2/3,ER PPC,1,10,7/14/23,Gauss Rifle,1,15,7/15/22,,,,,,,,,,,,,,,,,3x2,1x10,1x15,,,,
Vehicle,Gurteltier MBT (C3M),Gurteltier MBT (C3M),,,,,,,,,,,,,,,,,,,,,,,,,,,,X,,,,,,,,,,,,,,,,,4,Machine Gun,4,2,1/2/3,ER PPC,1,10,7/14/23,LB 10-X AC (Slug),1,10,6/12/18,-- OR --,,,,LB 10-X AC (Pellet),6,1,6/12/18,,,,,,,,,4x2,1x10,1x10,,6x1,,
Vehicle,Gurzil Support Tank,Gurzil Support Tank,,,,,,,,,,,,,,,,,,,,,,,,,,,,,,,,,,,,,,,,,,,,,2,Clan Streak LRM 15,6,5,7/14/21,Clan Medium Pulse Laser,2,7,4/8/12,,,,,,,,,,,,,,,,,,,,,6x5,2x7,,,,,
Vehicle,HW1 Hwacha,HW1 Hwacha,,,,,,,,,,,,,,,,,,,,,,,,,,,,,,,,,,,,,,,,,,,,,1,MRM 20,6,5,3/8/15,,,,,,,,,,,,,,,,,,,,,,,,,6x5,,,,,,
Vehicle,Hachiman Fire Support Tank,Hachiman Fire Support Tank,,,,,,,,,,,,,,,,,,,,,,,,,,,,,,,,,,,,,,,,,,,,,3,Clan Streak SRM 4,4,2,4/8/12,Clan ER Medium Laser,2,7,5/10/15,Clan LRM 20,8,5,7/14/21,,,,,,,,,,,,,,,,,4x2,2x7,8x5,,,,
Vehicle,Hachiman Fire Support Tank (AAA),Hachiman Fire Support Tank (AAA),,,,,,,,,,,,,,,,,,,,,,,,,,,,,,,,,,,,,,,,,,,,,1,Clan ER Medium Laser,2,7,5/10/15,,,,,,,,,,,,,,,,,,,,,,,,,2x7,,,,,,
Vehicle,Hadur Fast Support Vehicle,Hadur Fast Support Vehicle,,,,,,,,,,,,,,,,,,,,,,,,,,,,,,,,,,,,,,,,,,,,,1,Clan ER Medium Laser,2,7,5/10/15,,,,,,,,,,,,,,,,,,,,,,,,,2x7,,,,,,
Vehicle,Hadur Fast Support Vehicle (LRM),Hadur Fast Support Vehicle (LRM),,,,,,,,,,,,,,,,,,,,,,,,,,,,,,,,,,,,,,,,,,,,,2,Clan ER Medium Laser,2,7,5/10/15,Clan LRM 15,6,5,7/14/21,,,,,,,,,,,,,,,,,,,,,2x7,6x5,,,,,
Vehicle,Hadur Fast Support Vehicle (Reactive),Hadur Fast Support Vehicle (Reactive),,,,,,,,,,,,,,,,,,,,,,,,,,,,,,,,,,,,,,,,,,,,,1,Clan ER Medium Laser,2,7,5/10/15,,,,,,,,,,,,,,,,,,,,,,,,,2x7,,,,,,
Vehicle,Hanse MBT,Hanse MBT,,,,,,,,,,,,,,,,,,,,,,,,,,X,,,,,,,,,,,,,,,,,,,3,Plasma Rifle,2,10,6/14/22,Light AC/5,1,5,5/10/15,Light Machine Gun,4,1,2/4/6,,,,,,,,,,,,,,,,,2x10,1x5,4x1,,,,
Vehicle,Harasser Laser Platform,Harasser Laser Platform,,,,,,,,,,,,,,,,,,,,,,,,,,,,,,,,,,,,,,,,,,,,,1,Medium Laser,2,5,3/6/9,,,,,,,,,,,,,,,,,,,,,,,,,2x5,,,,,,
Vehicle,Harasser Missile Platform,Harasser Missile Platform,,,,,,,,,,,,,,,,,,,,,,,,,,,,,,,,,,,,,,,,,,,,,1,SRM 6,8,2,3/6/9,,,,,,,,,,,,,,,,,,,,,,,,,8x2,,,,,,
Vehicle,Harasser Missile Platform (Flamer),Harasser Missile Platform (Flamer),,,,,,,,,,,,,,,,,,,,,,,,,,,,,,,,,,,,,,,,,,,,,2,Vehicle Flamer,1,2,1/2/3,SRM 4,4,2,3/6/9,,,,,,,,,,,,,,,,,,,,,1x2,4x2,,,,,
Vehicle,Harasser Missile Platform (Heavy Ferro),Harasser Missile Platform (Heavy Ferro),,,,,,,,,,,,,,,,,,,,,,,,,,,,,,,,,,,,,,,,,,,,,1,SRM 6,8,2,3/6/9,,,,,,,,,,,,,,,,,,,,,,,,,8x2,,,,,,
Vehicle,Harasser Missile Platform (LFE),Harasser Missile Platform (LFE),,,,,,,,,,,,,,,,,,,,,,,,,,,,,,,,,,,,,,,,,,,,,1,Medium Laser,3,5,3/6/9,,,,,,,,,,,,,,,,,,,,,,,,,3x5,,,,,,
Vehicle,Harasser Missile Platform (LRM),Harasser Missile Platform (LRM),,,,,,,,,,,,,,,,,,,,,,,,,,,,,,,,,,,,,,,,,,,,,1,LRM 10,1,5,7/14/21,,,,,,,,,,,,,,,,,,,,,,,,,1x5,,,,,,
Vehicle,Harasser Missile Platform (Marian},Harasser Missile Platform (Marian},,,,,,,,,,,,,,,,,,,,,,,,,,,,,,,,,,,,,,,,,,,,,1,MRM 20,2,5,3/8/15,,,,,,,,,,,,,,,,,,,,,,,,,2x5,,,,,,
Vehicle,Harasser Missile Platform (Mini-Peggy),Harasser Missile Platform (Mini-Peggy),,,,,,,,,,,,,,,,,,,,,,,,,,,,,,,,,,,,,,,,,,,,,1,SRM 4,4,2,3/6/9,,,,,,,,,,,,,,,,,,,,,,,,,4x2,,,,,,
Vehicle,Harasser Missile Platform (Speed),Harasser Missile Platform (Speed),,,,,,,,,,,,,,,,,,,,,,,,,,,,,,,,,,,,,,,,,,,,,1,SRM 6,8,2,3/6/9,,,,,,,,,,,,,,,,,,,,,,,,,8x2,,,,,,
Vehicle,Harasser Missile Platform (iNarc},Harasser Missile Platform (iNarc},,,,,,,,,,,,,,,,,,,,,,,,,,,,,,,,,,,,,,,,,,,,,,,,,,,,,,,,,,,,,,,,,,,,,,,,,,,,,,,,
Vehicle,Harasser Missile Platform Leaping Lisa,Harasser Missile Platform Leaping Lisa,,,,,,,,,,,,,,,,,,,,,,,,,,,,,,,,,,,,,,,,,,,,,1,SRM 4,4,2,3/6/9,,,,,,,,,,,,,,,,,,,,,,,,,4x2,,,,,,
Vehicle,Harpoon ParaSub,Harpoon ParaSub,,,,,,,,,,,,,,,,,,,,,,,,,,,,,,,,,,,,,,,,,,,,,,,,,,,,,,,,,,,,,,,,,,,,,,,,,,,,,,,,
Vehicle,Harrier Heavy Hover Tank,Harrier Heavy Hover Tank,,,,,,,,,,,,,,,,,,,,,,,,,,,,,,,,,,,,,,,,,,,,,3,Large Laser,1,8,5/10/15,SRM 6,4,2,3/6/9,Medium Laser,1,5,3/6/9,,,,,,,,,,,,,,,,,1x8,4x2,1x5,,,,
Vehicle,Harrier Heavy Hover Tank (PPC),Harrier Heavy Hover Tank (PPC),,,,,,,,,,,,,,,,,,,,,,,,,,,,,,,,,,,,,,,,,,,,,2,PPC,1,10,6/12/18,SRM 6,4,2,3/6/9,,,,,,,,,,,,,,,,,,,,,1x10,4x2,,,,,
Vehicle,Harrier Heavy Hover Tank (Re-Laser),Harrier Heavy Hover Tank (Re-Laser),,,,,,,,,,,,,,,,,,,,,,,,,,,,,,,,,,,,,,,,,,,,,3,Large Re-engineered Laser,1,9,5/10/15,Streak SRM 6,6,2,3/6/9,Medium Laser,1,5,3/6/9,,,,,,,,,,,,,,,,,1x9,6x2,1x5,,,,
Vehicle,Hasek Mechanized Combat Vehicle,Hasek Mechanized Combat Vehicle,,,,,,,,,,,,,,,,,,,,,,,,,,,,,,,,,,,,,,,,,,,,,2,PPC,1,10,6/12/18,Small Pulse Laser,1,3,1/2/3,,,,,,,,,,,,,,,,,,,,,1x10,1x3,,,,,
Vehicle,Hawk Hover Tank (LTV-4),Hawk Hover Tank (LTV-4),,,,,,,,,,,,,,,,,,,,,,,,,,,,,,,,,,,,,,,,,,,,,2,PPC,1,10,6/12/18,SRM 4,2,2,3/6/9,,,,,,,,,,,,,,,,,,,,,1x10,2x2,,,,,
Vehicle,Hawk Moth Gunship,Hawk Moth Gunship,,,,,,,,,,,,,,,,,,,,,,,,,,,,,,,,,,,,,,,,,,,,,1,Light Gauss Rifle,1,8,8/17/25,,,,,,,,,,,,,,,,,,,,,,,,,1x8,,,,,,
Vehicle,Hawk Moth Gunship (Armor),Hawk Moth Gunship (Armor),,,,,,,,,,,,,,,,,,,,,,,,,,,,,,,,,,,,,,,,,,,,,1,Light Gauss Rifle,1,8,8/17/25,,,,,,,,,,,,,,,,,,,,,,,,,1x8,,,,,,
Vehicle,Hawk Moth II Gunship,Hawk Moth II Gunship,,,,,,,,,,,,,,,,,,,,,,,,,,,,,,,,,,,,,,,,,,,,,2,SRM 6,8,2,3/6/9,ER Medium Laser,2,5,4/8/12,,,,,,,,,,,,,,,,,,,,,8x2,2x5,,,,,
Vehicle,Hawk Moth II Gunship (MML),Hawk Moth II Gunship (MML),,,,,,,,,,,,,,,,,,,,,,,,,,,,,,,,,,,,,,,,,,,,,1,ER Medium Laser,2,5,4/8/12,,,,,,,,,,,,,,,,,,,,,,,,,2x5,,,,,,
Vehicle,Hawk Moth II Gunship (Sniper),Hawk Moth II Gunship (Sniper),,,,,,,,,,,,,,,,,,,,,,,,,,,,,,,,,,,,,,,,,,,,,,,,,,,,,,,,,,,,,,,,,,,,,,,,,,,,,,,,
Vehicle,Hawk Moth Verwandlung,Hawk Moth Verwandlung,,,,,,,,,,,,,,,,,,,,,,,,,,,,,,,,,,,,,,,,,,,,,1,Machine Gun,1,2,1/2/3,,,,,,,,,,,,,,,,,,,,,,,,,1x2,,,,,,
Vehicle,Heavy Hover APC,Heavy Hover APC,,,,,,,,,,,,,,,,,,,,,,,,,,,,,,,,,,,,,,,,,,,,,1,Machine Gun,2,2,1/2/3,,,,,,,,,,,,,,,,,,,,,,,,,2x2,,,,,,
Vehicle,Heavy Hover APC (LRM),Heavy Hover APC (LRM),,,,,,,,,,,,,,,,,,,,,,,,,,,,,,,,,,,,,,,,,,,,,2,LRM 5,1,5,7/14/21,Machine Gun,2,2,1/2/3,,,,,,,,,,,,,,,,,,,,,1x5,2x2,,,,,
Vehicle,Heavy Hover APC (MG),Heavy Hover APC (MG),,,,,,,,,,,,,,,,,,,,,,,,,,,,,,,,,,,,,,,,,,,,,1,Machine Gun,6,2,1/2/3,,,,,,,,,,,,,,,,,,,,,,,,,6x2,,,,,,
Vehicle,Heavy Hover APC (SRM),Heavy Hover APC (SRM),,,,,,,,,,,,,,,,,,,,,,,,,,,,,,,,,,,,,,,,,,,,,2,SRM 4,2,2,3/6/9,Machine Gun,2,2,1/2/3,,,,,,,,,,,,,,,,,,,,,2x2,2x2,,,,,
Vehicle,Heavy Hover APC (Scout Tank),Heavy Hover APC (Scout Tank),,,,,,,,,,,,,,,,,,,,,,,,,,,,,,,,,,,,,,,,,,,,,1,Light AC/5,1,5,5/10/15,,,,,,,,,,,,,,,,,,,,,,,,,1x5,,,,,,
Vehicle,Heavy LRM Carrier,Heavy LRM Carrier,,,,,,,,,,,,,,,,,,,,,,,,,,,,,,,,,,,,,,,,,,,,,1,LRM 20,8,5,7/14/21,,,,,,,,,,,,,,,,,,,,,,,,,8x5,,,,,,
Vehicle,Heavy LRM Carrier (EN Variant),Heavy LRM Carrier (EN Variant),,,,,,,,,,,,,,,,,,,,,,,,,,,,,,,,,,,,,,,,,,,,,2,Enhanced LRM 15,2,5,7/14/21,Extended LRM 15,2,5,12/22/38,,,,,,,,,,,,,,,,,,,,,2x5,2x5,,,,,
Vehicle,Heavy NLRM Carrier,Heavy NLRM Carrier,,,,,,,,,,,,,,,,,,,,,,,,,,,,,,,,,,,,,,,,,,,,,1,Enhanced LRM 15,4,5,7/14/21,,,,,,,,,,,,,,,,,,,,,,,,,4x5,,,,,,
Vehicle,Heavy Tracked APC,Heavy Tracked APC,,,,,,,,,,,,,,,,,,,,,,,,,,,,,,,,,,,,,,,,,,,,,1,Machine Gun,2,2,1/2/3,,,,,,,,,,,,,,,,,,,,,,,,,2x2,,,,,,
Vehicle,Heavy Tracked APC (LRM),Heavy Tracked APC (LRM),,,,,,,,,,,,,,,,,,,,,,,,,,,,,,,,,,,,,,,,,,,,,2,LRM 5,1,5,7/14/21,Machine Gun,2,2,1/2/3,,,,,,,,,,,,,,,,,,,,,1x5,2x2,,,,,
Vehicle,Heavy Tracked APC (MG),Heavy Tracked APC (MG),,,,,,,,,,,,,,,,,,,,,,,,,,,,,,,,,,,,,,,,,,,,,1,Machine Gun,6,2,1/2/3,,,,,,,,,,,,,,,,,,,,,,,,,6x2,,,,,,
Vehicle,Heavy Tracked APC (SRM),Heavy Tracked APC (SRM),,,,,,,,,,,,,,,,,,,,,,,,,,,,,,,,,,,,,,,,,,,,,2,SRM 4,2,2,3/6/9,Machine Gun,2,2,1/2/3,,,,,,,,,,,,,,,,,,,,,2x2,2x2,,,,,
Vehicle,Heavy Transport B1,Heavy Transport B1,,,,,,,,,,,,,,,,,,,,,,,,,,,,,,,,,,,,,,,,,,,,,1,SRM 2,1,2,3/6/9,,,,,,,,,,,,,,,,,,,,,,,,,1x2,,,,,,
Vehicle,Heavy Weapons Carrier (PPC),Heavy Weapons Carrier (PPC),,,,,,,,,,,,,,,,,,,,,,,,,,,,,,,,,,,,,,,,,,,,,1,PPC,1,10,6/12/18,,,,,,,,,,,,,,,,,,,,,,,,,1x10,,,,,,
Vehicle,Heavy Wheeled APC,Heavy Wheeled APC,,,,,,,,,,,,,,,,,,,,,,,,,,,,,,,,,,,,,,,,,,,,,1,Machine Gun,2,2,1/2/3,,,,,,,,,,,,,,,,,,,,,,,,,2x2,,,,,,
Vehicle,Heavy Wheeled APC (LRM),Heavy Wheeled APC (LRM),,,,,,,,,,,,,,,,,,,,,,,,,,,,,,,,,,,,,,,,,,,,,2,LRM 5,1,5,7/14/21,Machine Gun,2,2,1/2/3,,,,,,,,,,,,,,,,,,,,,1x5,2x2,,,,,
Vehicle,Heavy Wheeled APC (MG),Heavy Wheeled APC (MG),,,,,,,,,,,,,,,,,,,,,,,,,,,,,,,,,,,,,,,,,,,,,1,Machine Gun,6,2,1/2/3,,,,,,,,,,,,,,,,,,,,,,,,,6x2,,,,,,
Vehicle,Heavy Wheeled APC (SRM),Heavy Wheeled APC (SRM),,,,,,,,,,,,,,,,,,,,,,,,,,,,,,,,,,,,,,,,,,,,,2,SRM 4,2,2,3/6/9,Machine Gun,2,2,1/2/3,,,,,,,,,,,,,,,,,,,,,2x2,2x2,,,,,
Vehicle,Heavy Wheeled APC (WoB),Heavy Wheeled APC (WoB),,,,,,,,,,,,,,,,,,,,,,,,,,,,,,,,,,,,,,,,,,,,,1,Small VSP Laser,2,3,2/4/6,,,,,,,,,,,,,,,,,,,,,,,,,2x3,,,,,,
Vehicle,Heimdall Ground Monitor Tank A,Heimdall Ground Monitor Tank A,,,,,,,,,,,,,,,,,,,,,,,,,,,,,,,,,,,,,,,,,,,,,2,Clan LB 10-X AC (Slug),2,10,6/12/18,-- OR --,,,,Clan LB 10-X AC (Pellet),12,1,6/12/18,,,,,,,,,,,,,,,,,2x10,,12x1,,,,
Vehicle,Heimdall Ground Monitor Tank B,Heimdall Ground Monitor Tank B,,,,,,,,,,,,,,,,,,,,,,,,,,,,,,,,,,,,,,,,,,,,,3,Clan LB 10-X AC (Slug),2,10,6/12/18,-- OR --,,,,Clan LB 10-X AC (Pellet),12,1,6/12/18,Clan LRM 20,6,5,7/14/21,,,,,,,,,,,,,2x10,,12x1,6x5,,,
Vehicle,Heimdall Ground Monitor Tank C,Heimdall Ground Monitor Tank C,,,,,,,,,,,,,,,,,,,,,,,,,,,,,,,,,,,,,,,,,,,,,3,Clan LB 10-X AC (Slug),2,10,6/12/18,-- OR --,,,,Clan LB 10-X AC (Pellet),12,1,6/12/18,Clan Medium Pulse Laser,3,7,4/8/12,,,,,,,,,,,,,2x10,,12x1,3x7,,,
Vehicle,Heimdall Ground Monitor Tank D,Heimdall Ground Monitor Tank D,,,,,,,,,,,,,,,,,,,,,,,,,,,,,,,,,,,,,,,,,,,,,3,Clan LB 10-X AC (Slug),2,10,6/12/18,-- OR --,,,,Clan LB 10-X AC (Pellet),12,1,6/12/18,Clan ER Medium Laser,3,7,5/10/15,,,,,,,,,,,,,2x10,,12x1,3x7,,,
Vehicle,Heimdall Ground Monitor Tank Prime,Heimdall Ground Monitor Tank Prime,,,,,,,,,,,,,,,,,,,,,,,,,,,,,,,,,,,,,,,,,,,,,3,Clan LB 10-X AC (Slug),2,10,6/12/18,-- OR --,,,,Clan LB 10-X AC (Pellet),12,1,6/12/18,Clan Streak SRM 4,12,2,4/8/12,,,,,,,,,,,,,2x10,,12x1,12x2,,,
Vehicle,Hephaestus (AP) Jump Tank,Hephaestus (AP) Jump Tank,,,,,,,,,,,,,,,,,,,,,,,,,,,,,,,,,,,,,,,,,,,,,1,Clan ER Medium Laser,2,7,5/10/15,,,,,,,,,,,,,,,,,,,,,,,,,2x7,,,,,,
Vehicle,Hephaestus Jump Tank,Hephaestus Jump Tank,,,,,,,,,,,,,,,,,,,,,,,,,,,,X,,X,,,,,,,,,,,,,,,1,Clan ER Medium Laser,2,7,5/10/15,,,,,,,,,,,,,,,,,,,,,,,,,2x7,,,,,,
Vehicle,Hephaestus Scout Tank A,Hephaestus Scout Tank A,,,,,,,,,,,,,,,,,,,,,,,,,,,,,,X,,,,,,,,,,,,,,,2,Clan LRM 15,3,5,7/14/21,Clan ER Small Laser,1,5,2/4/6,,,,,,,,,,,,,,,,,,,,,3x5,1x5,,,,,
Vehicle,Hephaestus Scout Tank B,Hephaestus Scout Tank B,,,,,,,,,,,,,,,,,,,,,,,,,,,,,,X,,,,,,,,,,,,,,,2,Clan ER Medium Laser,2,7,5/10/15,Clan Streak SRM 6,6,2,4/8/12,,,,,,,,,,,,,,,,,,,,,2x7,6x2,,,,,
Vehicle,Hephaestus Scout Tank D,Hephaestus Scout Tank D,,,,,,,,,,,,,,,,,,,,,,,,,,,,X,,X,,,,,,,,,,,,,,,1,Clan ER Medium Laser,2,7,5/10/15,,,,,,,,,,,,,,,,,,,,,,,,,2x7,,,,,,
Vehicle,Hephaestus Scout Tank Prime,Hephaestus Scout Tank Prime,,,,,,,,,,,,,,,,,,,,,,,,,,,,X,,X,,,,,,,,,,,,,,,1,Clan Medium Pulse Laser,2,7,4/8/12,,,,,,,,,,,,,,,,,,,,,,,,,2x7,,,,,,
Vehicle,Hetzer Wheeled Assault Gun (Cell),Hetzer Wheeled Assault Gun (Cell),,,,,,,,,,,,,,,,,,,,,,,,,,,,,,,,,,,,,,,,,,,,,,,,,,,,,,,,,,,,,,,,,,,,,,,,,,,,,,,,
Vehicle,Hetzer Wheeled Assault Gun (Jadgpanzer II),Hetzer Wheeled Assault Gun (Jadgpanzer II),,,,,,,,,,,,,,,,,,,,,,,,,,X,,X,,,,,,,,,,,,,,,,,1,Machine Gun,2,2,1/2/3,,,,,,,,,,,,,,,,,,,,,,,,,2x2,,,,,,
Vehicle,Hetzer Wheeled Assault Gun (LB-X),Hetzer Wheeled Assault Gun (LB-X),,,,,,,,,,,,,,,,,,,,,,,,,,,,,,,,,,,,,,,,,,,,,2,LB 20-X AC (Slug),1,20,4/8/12,-- OR --,,,,LB 20-X AC (Pellet),12,1,4/8/12,,,,,,,,,,,,,,,,,1x20,,12x1,,,,
Vehicle,Hetzer Wheeled Assault Gun (LRM),Hetzer Wheeled Assault Gun (LRM),,,,,,,,,,,,,,,,,,,,,,,,,,,,,,,,,,,,,,,,,,,,,1,LRM 15,2,5,7/14/21,,,,,,,,,,,,,,,,,,,,,,,,,2x5,,,,,,
Vehicle,Hetzer Wheeled Assault Gun (Laser),Hetzer Wheeled Assault Gun (Laser),,,,,,,,,,,,,,,,,,,,,,,,,,,,,,,,,,,,,,,,,,,,,1,Medium Laser,4,5,3/6/9,,,,,,,,,,,,,,,,,,,,,,,,,4x5,,,,,,
Vehicle,Hetzer Wheeled Assault Gun (SRM),Hetzer Wheeled Assault Gun (SRM),,,,,,,,,,,,,,,,,,,,,,,,,,,,,,,,,,,,,,,,,,,,,1,SRM 6,20,2,3/6/9,,,,,,,,,,,,,,,,,,,,,,,,,20x2,,,,,,
Vehicle,Hetzer Wheeled Assault Gun (Sealed),Hetzer Wheeled Assault Gun (Sealed),,,,,,,,,,,,,,,,,,,,,,,,,,,,,,,,,,,,,,,,,,,,,,,,,,,,,,,,,,,,,,,,,,,,,,,,,,,,,,,,
Vehicle,Hexareme HQ Hovercraft,Hexareme HQ Hovercraft,,,,,,,,,,,,,,,,,,,,,,,,,,,,X,,,,,,,,,,,,,,,,,3,Snub-Nose PPC,1,10,9/13/15,LB 2-X AC (Slug),1,2,9/18/27,-- OR --,,,,LB 2-X AC (Pellet),1,1,9/18/27,,,,,,,,,,,,,1x10,1x2,,1x1,,,
Vehicle,Hi-Scout Drone Carrier,Hi-Scout Drone Carrier,,,,,,,,,,,,,,,,,,,,,,,,,,,,,,,,,,,,,,,,,,,,,1,SRM 2,1,2,3/6/9,,,,,,,,,,,,,,,,,,,,,,,,,1x2,,,,,,
Vehicle,Hipparch Cavalry Tank,Hipparch Cavalry Tank,,,,,,,,,,,,,,,,,,,,,,,,,,,,,,,,,,,,,,,,,,,,,3,Medium Laser,1,5,3/6/9,Small Laser,1,3,1/2/3,SRM 2,1,2,3/6/9,,,,,,,,,,,,,,,,,1x5,1x3,1x2,,,,
Vehicle,Hiryo Armored Infantry Transport,Hiryo Armored Infantry Transport,,,,,,,,,,,,,,,,,,,,,,,,,,,,,,,,,,,,,,,,,,,,,1,Snub-Nose PPC,1,10,9/13/15,,,,,,,,,,,,,,,,,,,,,,,,,1x10,,,,,,
Vehicle,Hiryo Armored Infantry Transport (LPPC),Hiryo Armored Infantry Transport (LPPC),,,,,,,,,,,,,,,,,,,,,,,,,,,,,,,,,,,,,,,,,,,,,,,,,,,,,,,,,,,,,,,,,,,,,,,,,,,,,,,,
Vehicle,Hiryo Armored Infantry Transport (MRM),Hiryo Armored Infantry Transport (MRM),,,,,,,,,,,,,,,,,,,,,,,,,,,,,,,,,,,,,,,,,,,,,1,MRM 20,2,5,3/8/15,,,,,,,,,,,,,,,,,,,,,,,,,2x5,,,,,,
Vehicle,Hiryo Armored Infantry Transport BloodHound,Hiryo Armored Infantry Transport BloodHound,,,,,,,,,,,,,,,,,,,,,,,,,,,,,,X,,,,,,,,,,,,,,,,,,,,,,,,,,,,,,,,,,,,,,,,,,,,,,,,,,
Vehicle,Hiryo Armored Infantry Transport Hound,Hiryo Armored Infantry Transport Hound,,,,,,,,,,,,,,,,,,,,,,,,,,,,,,X,,,,,,,,,,,,,,,,,,,,,,,,,,,,,,,,,,,,,,,,,,,,,,,,,,
Vehicle,Hover Scout,Hover Scout,,,,,,,,,,,,,,,,,,,,,,,,,,,,,,,,,,,,,,,,,,,,,1,Medium Laser,1,5,3/6/9,,,,,,,,,,,,,,,,,,,,,,,,,1x5,,,,,,
Vehicle,Hover Tank,Hover Tank,,,,,,,,,,,,,,,,,,,,,,,,,,,,,,,,,,,,,,,,,,,,,2,PPC,1,10,6/12/18,SRM 6,4,2,3/6/9,,,,,,,,,,,,,,,,,,,,,1x10,4x2,,,,,
Vehicle,Hoverbike,Hoverbike,,,,,,,,,,,,,,,,,,,,,,,,,,,,,,,,,,,,,,,,,,,,,2,Support Laser,1,1,3/6/9,Machine Gun (Support),1,1,2/4/6,,,,,,,,,,,,,,,,,,,,,1x1,1x1,,,,,
Vehicle,Hoverbike (Laser),Hoverbike (Laser),,,,,,,,,,,,,,,,,,,,,,,,,,,,,,,,,,,,,,,,,,,,,1,Support Laser,2,1,3/6/9,,,,,,,,,,,,,,,,,,,,,,,,,2x1,,,,,,
Vehicle,Hoverbike (MG),Hoverbike (MG),,,,,,,,,,,,,,,,,,,,,,,,,,,,,,,,,,,,,,,,,,,,,1,Machine Gun (Support),2,1,2/4/6,,,,,,,,,,,,,,,,,,,,,,,,,2x1,,,,,,
Vehicle,Huitzilopochtli Assault Tank 'Huey',Huitzilopochtli Assault Tank 'Huey',,,,,,,,,,,,,,,,,,,,,,,,,,,,X,,,,,,,,,,,,,,,,,2,Clan Medium Pulse Laser,2,7,4/8/12,Clan ER Small Laser,1,5,2/4/6,,,,,,,,,,,,,,,,,,,,,2x7,1x5,,,,,
Vehicle,Huitzilopochtli Assault Tank (LRM),Huitzilopochtli Assault Tank (LRM),,,,,,,,,,,,,,,,,,,,,,,,,,,,X,,,,,,,,,,,,,,,,,3,Clan LRM 20,8,5,7/14/21,Clan Medium Pulse Laser,2,7,4/8/12,Clan ER Small Laser,1,5,2/4/6,,,,,,,,,,,,,,,,,8x5,2x7,1x5,,,,
Vehicle,Huitzilopochtli Assault Tank (Streak),Huitzilopochtli Assault Tank (Streak),,,,,,,,,,,,,,,,,,,,,,,,,,,,X,,,,,,,,,,,,,,,,,3,Clan Streak LRM 15,6,5,7/14/21,Clan Medium Pulse Laser,2,7,4/8/12,Clan ER Small Laser,1,5,2/4/6,,,,,,,,,,,,,,,,,6x5,2x7,1x5,,,,
Vehicle,Hunter Light Support Tank,Hunter Light Support Tank,,,,,,,,,,,,,,,,,,,,,,,,,,,,,,,,,,,,,,,,,,,,,2,LRM 20,2,5,7/14/21,Flamer,1,2,1/2/3,,,,,,,,,,,,,,,,,,,,,2x5,1x2,,,,,
Vehicle,Hunter Light Support Tank (3054 Upgrade),Hunter Light Support Tank (3054 Upgrade),,,,,,,,,,,,,,,,,,,,,,,,,,,,,,,,,,,,,,,,,,,,,1,LRM 15,6,5,7/14/21,,,,,,,,,,,,,,,,,,,,,,,,,6x5,,,,,,
Vehicle,Hunter Light Support Tank (Ammo),Hunter Light Support Tank (Ammo),,,,,,,,,,,,,,,,,,,,,,,,,,,,,,,,,,,,,,,,,,,,,1,LRM 20,2,5,7/14/21,,,,,,,,,,,,,,,,,,,,,,,,,2x5,,,,,,
Vehicle,Hunter Light Support Tank (Amphibious),Hunter Light Support Tank (Amphibious),,,,,,,,,,,,,,,,,,,,,,,,,,,,,,,,,,,,,,,,,,,,,1,Enhanced LRM 10,1,5,7/14/21,,,,,,,,,,,,,,,,,,,,,,,,,1x5,,,,,,
Vehicle,Hunter Light Support Tank (Cell),Hunter Light Support Tank (Cell),,,,,,,,,,,,,,,,,,,,,,,,,,,,,,,,,,,,,,,,,,,,,2,Clan LRM 20,4,5,7/14/21,Flamer,1,2,1/2/3,,,,,,,,,,,,,,,,,,,,,4x5,1x2,,,,,
Vehicle,Hunter Light Support Tank (ERLL),Hunter Light Support Tank (ERLL),,,,,,,,,,,,,,,,,,,,,,,,,,,,,,,,,,,,,,,,,,,,,2,ER Large Laser,1,8,7/14/19,LRM 15,3,5,7/14/21,,,,,,,,,,,,,,,,,,,,,1x8,3x5,,,,,
Vehicle,Hunter Light Support Tank (LPL),Hunter Light Support Tank (LPL),,,,,,,,,,,,,,,,,,,,,,,,,,,,,,,,,,,,,,,,,,,,,2,Large Pulse Laser,1,9,3/7/10,LRM 15,3,5,7/14/21,,,,,,,,,,,,,,,,,,,,,1x9,3x5,,,,,
Vehicle,Hunter Light Support Tank (LRM10),Hunter Light Support Tank (LRM10),,,,,,,,,,,,,,,,,,,,,,,,,,,,,,,,,,,,,,,,,,,,,4,Medium Laser,2,5,3/6/9,LRM 10,1,5,7/14/21,Machine Gun,4,2,1/2/3,Flamer,1,2,1/2/3,,,,,,,,,,,,,2x5,1x5,4x2,1x2,,,
Vehicle,Hunter Light Support Tank (LRM15),Hunter Light Support Tank (LRM15),,,,,,,,,,,,,,,,,,,,,,,,,,,,,,,,,,,,,,,,,,,,,3,LRM 15,1,5,7/14/21,Machine Gun,4,2,1/2/3,Flamer,1,2,1/2/3,,,,,,,,,,,,,,,,,1x5,4x2,1x2,,,,
Vehicle,Hunter Light Support Tank Assault Hunter,Hunter Light Support Tank Assault Hunter,,,,,,,,,,,,,,,,,,,,,,,,,,,,,,,,,,,,,,,,,,,,,,,,,,,,,,,,,,,,,,,,,,,,,,,,,,,,,,,,
Vehicle,Ibex RV (Militarized LDGR),Ibex RV (Militarized LDGR),,,,,,,,,,,,,,,,,,,,,,,,,,X,,,,,,,,,,,,,,,,,,,,,,,,,,,,,,,,,,,,,,,,,,,,,,,,,,,,,,
Vehicle,Ibex RV (Militarized MG),Ibex RV (Militarized MG),,,,,,,,,,,,,,,,,,,,,,,,,,X,,,,,,,,,,,,,,,,,,,,,,,,,,,,,,,,,,,,,,,,,,,,,,,,,,,,,,
Vehicle,Ignis Infantry Support Tank,Ignis Infantry Support Tank,,,,,,,,,,,,,,,,,,,,,,,,,,,,,,,,,,,,,,,,,,,,,2,Vehicle Flamer,4,2,1/2/3,Machine Gun,1,2,1/2/3,,,,,,,,,,,,,,,,,,,,,4x2,1x2,,,,,
Vehicle,Ignis Infantry Support Tank (SRM),Ignis Infantry Support Tank (SRM),,,,,,,,,,,,,,,,,,,,,,,,,,,,,,,,,,,,,,,,,,,,,3,Vehicle Flamer,2,2,1/2/3,Machine Gun,1,2,1/2/3,SRM 2,2,2,3/6/9,,,,,,,,,,,,,,,,,2x2,1x2,2x2,,,,
Vehicle,Indra Infantry Transport,Indra Infantry Transport,,,,,,,,,,,,,,,,,,,,,,,,,,,,,,,,,,,,,,,,,,,,,1,Clan ER PPC,1,15,7/14/23,,,,,,,,,,,,,,,,,,,,,,,,,1x15,,,,,,
Vehicle,Indra Infantry Transport (BA),Indra Infantry Transport (BA),,,,,,,,,,,,,,,,,,,,,,,,,,,,,,X,,,,,,,,,,,,,,,,,,,,,,,,,,,,,,,,,,,,,,,,,,,,,,,,,,
Vehicle,Ishtar Heavy Fire Support Tank,Ishtar Heavy Fire Support Tank,,,,,,,,,,,,,,,,,,,,,,,,,,,X,,,,,,,,,,,,,,,,,,4,Clan ER Medium Laser,2,7,5/10/15,Clan LRM 15,3,5,7/14/21,Clan LB 10-X AC (Slug),1,10,6/12/18,-- OR --,,,,Clan LB 10-X AC (Pellet),6,1,6/12/18,,,,,,,,,2x7,3x5,1x10,,6x1,,
Vehicle,Ishtar Heavy Fire Support Tank (Gauss),Ishtar Heavy Fire Support Tank (Gauss),,,,,,,,,,,,,,,,,,,,,,,,,,,,,,,,,,,,,,,,,,,,,3,Clan ER Medium Laser,2,7,5/10/15,Clan LRM 15,3,5,7/14/21,Clan Gauss Rifle,1,15,7/15/22,,,,,,,,,,,,,,,,,2x7,3x5,1x15,,,,
Vehicle,Ishtar Heavy Fire Support Tank (Original),Ishtar Heavy Fire Support Tank (Original),,,,,,,,,,,,,,,,,,,,,,,,,,,,,,,,,,,,,,,,,,,,,3,Clan LRM 10,2,5,7/14/21,Clan LB 10-X AC (Slug),1,10,6/12/18,-- OR --,,,,Clan LB 10-X AC (Pellet),6,1,6/12/18,,,,,,,,,,,,,2x5,1x10,,6x1,,,
Vehicle,J-27 Ordnance Transport,J-27 Ordnance Transport,,,,,,,,,,,,,,,,,,,,,,,,,,,,,,,,,,,,,,,,,,,,,1,Machine Gun,1,2,1/2/3,,,,,,,,,,,,,,,,,,,,,,,,,1x2,,,,,,
Vehicle,J-27 Ordnance Transport (Armor),J-27 Ordnance Transport (Armor),,,,,,,,,,,,,,,,,,,,,,,,,,,,,,,,,,,,,,,,,,,,,1,Machine Gun,1,2,1/2/3,,,,,,,,,,,,,,,,,,,,,,,,,1x2,,,,,,
Vehicle,J-27 Ordnance Transport (Fusion),J-27 Ordnance Transport (Fusion),,,,,,,,,,,,,,,,,,,,,,,,,,,,,,,,,,,,,,,,,,,,,1,Machine Gun,1,2,1/2/3,,,,,,,,,,,,,,,,,,,,,,,,,1x2,,,,,,
Vehicle,J-37 Ordnance Transport,J-37 Ordnance Transport,,,,,,,,,,,,,,,,,,,,,,,,,,,,,,,,,,,,,,,,,,,,,1,ER Small Laser,1,3,2/4/5,,,,,,,,,,,,,,,,,,,,,,,,,1x3,,,,,,
Vehicle,J-37 Ordnance Transport (Original),J-37 Ordnance Transport (Original),,,,,,,,,,,,,,,,,,,,,,,,,,,,,,,,,,,,,,,,,,,,,1,Small Laser,1,3,1/2/3,,,,,,,,,,,,,,,,,,,,,,,,,1x3,,,,,,
Vehicle,J. Edgar Light Hover Tank,J. Edgar Light Hover Tank,,,,,,,,,,,,,,,,,,,,,,,,,,,,,,,,,,,,,,,,,,,,,2,Medium Laser,1,5,3/6/9,SRM 2,2,2,3/6/9,,,,,,,,,,,,,,,,,,,,,1x5,2x2,,,,,
Vehicle,J. Edgar Light Hover Tank (Cell),J. Edgar Light Hover Tank (Cell),,,,,,,,,,,,,,,,,,,,,,,,,,,,,,,,,,,,,,,,,,,,,2,Light Rifle,1,3,4/8/12,Machine Gun,2,2,1/2/3,,,,,,,,,,,,,,,,,,,,,1x3,2x2,,,,,
Vehicle,J. Edgar Light Hover Tank (Chemical),J. Edgar Light Hover Tank (Chemical),,,,,,,,,,,,,,,,,,,,,,,,,,,,,,,,,,,,,,,,,,,,,2,SRM 4,2,2,3/6/9,Machine Gun,2,2,1/2/3,,,,,,,,,,,,,,,,,,,,,2x2,2x2,,,,,
Vehicle,J. Edgar Light Hover Tank (Flamer),J. Edgar Light Hover Tank (Flamer),,,,,,,,,,,,,,,,,,,,,,,,,,,,,,,,,,,,,,,,,,,,,2,Medium Laser,1,5,3/6/9,Vehicle Flamer,2,2,1/2/3,,,,,,,,,,,,,,,,,,,,,1x5,2x2,,,,,
Vehicle,J. Edgar Light Hover Tank (ICE),J. Edgar Light Hover Tank (ICE),,,,,,,,,,,,,,,,,,,,,,,,,,,,,,,,,,,,,,,,,,,,,2,Medium Laser,1,5,3/6/9,SRM 2,2,2,3/6/9,,,,,,,,,,,,,,,,,,,,,1x5,2x2,,,,,
Vehicle,J. Edgar Light Hover Tank (Kurita),J. Edgar Light Hover Tank (Kurita),,,,,,,,,,,,,,,,,,,,,,,,,,,,,,,,,,,,,,,,,,,,,2,Medium Laser,3,5,3/6/9,Small Laser,1,3,1/2/3,,,,,,,,,,,,,,,,,,,,,3x5,1x3,,,,,
Vehicle,J. Edgar Light Hover Tank (LAC),J. Edgar Light Hover Tank (LAC),,,,,,,,,,,,,,,,,,,,,,,,,,,,,,,,,,,,,,,,,,,,,1,Light AC/5,1,5,5/10/15,,,,,,,,,,,,,,,,,,,,,,,,,1x5,,,,,,
Vehicle,J. Edgar Light Hover Tank (Light PPC),J. Edgar Light Hover Tank (Light PPC),,,,,,,,,,,,,,,,,,,,,,,,,,,,,,,,,,,,,,,,,,,,,1,Light PPC,1,5,6/12/18,,,,,,,,,,,,,,,,,,,,,,,,,1x5,,,,,,
Vehicle,J. Edgar Light Hover Tank (MG),J. Edgar Light Hover Tank (MG),,,,,,,,,,,,,,,,,,,,,,,,,,,,,,,,,,,,,,,,,,,,,2,Medium Laser,1,5,3/6/9,Machine Gun,4,2,1/2/3,,,,,,,,,,,,,,,,,,,,,1x5,4x2,,,,,
Vehicle,J. Edgar Light Hover Tank (TAG),J. Edgar Light Hover Tank (TAG),,,,,,,,,,,,,,,,,,,,,,,,,,,,,,X,,,,,,,,,,,,,,,1,Medium Laser,2,5,3/6/9,,,,,,,,,,,,,,,,,,,,,,,,,2x5,,,,,,
Vehicle,J. Edgar Light Hover Tank (X-Pulse),J. Edgar Light Hover Tank (X-Pulse),,,,,,,,,,,,,,,,,,,,,,,,,,,,,,,,,,,,,,,,,,,,,1,SRM 2,2,2,3/6/9,,,,,,,,,,,,,,,,,,,,,,,,,2x2,,,,,,
Vehicle,JES I Tactical Missile Carrier,JES I Tactical Missile Carrier,,,,,,,,,,,,,,,,,,,,,,,,,,,,,,,,,,,,,,,,,,,,,4,Machine Gun,1,2,1/2/3,SRM 4,8,2,3/6/9,ER Small Laser,1,3,2/4/5,SRM 6,12,2,3/6/9,,,,,,,,,,,,,1x2,8x2,1x3,12x2,,,
Vehicle,JES I Tactical Missile Carrier (3082 Upgrade),JES I Tactical Missile Carrier (3082 Upgrade),,,,,,,,,,,,,,,,,,,,,,,,,,,,,,,,,,,,,,,,,,,,,4,SRM 6,12,2,3/6/9,SRM 4,8,2,3/6/9,ER Small Laser,1,3,2/4/5,Machine Gun,1,2,1/2/3,,,,,,,,,,,,,12x2,8x2,1x3,1x2,,,
Vehicle,JES II Strategic Missile  Carrier,JES II Strategic Missile  Carrier,,,,,,,,,,,,,,,,,,,,,,,,,,,,X,,,,,,,,,,,,,,,,,2,ER Medium Laser,1,5,4/8/12,LRM 15,4,5,7/14/21,,,,,,,,,,,,,,,,,,,,,1x5,4x5,,,,,
Vehicle,JES II Strategic Missile  Carrier (Ammo),JES II Strategic Missile  Carrier (Ammo),,,,,,,,,,,,,,,,,,,,,,,,,,,,X,,,,,,,,,,,,,,,,,2,ER Medium Laser,1,5,4/8/12,LRM 15,4,5,7/14/21,,,,,,,,,,,,,,,,,,,,,1x5,4x5,,,,,
Vehicle,JES II Strategic Missile Carrier (Support),JES II Strategic Missile Carrier (Support),,,,,,,,,,,,,,,,,,,,,,,,,,,,,,,,,,,,,,,,,,,,,2,LRM 20,16,5,7/14/21,LRM 10,4,5,7/14/21,,,,,,,,,,,,,,,,,,,,,16x5,4x5,,,,,
Vehicle,JES III Missile Carrier,JES III Missile Carrier,,,,,,,,,,,,,,,,,,,,,,,,,,,,,,,,,,,,,,,,,,,,,2,Machine Gun,2,2,1/2/3,LRM 15,4,5,7/14/21,,,,,,,,,,,,,,,,,,,,,2x2,4x5,,,,,
Vehicle,JES III Missile Carrier (C3),JES III Missile Carrier (C3),,,,,,,,,,,,,,,,,,,,,,,,,,,,,,,,,,,,,,,,,,,,,2,Machine Gun,2,2,1/2/3,LRM 15,4,5,7/14/21,,,,,,,,,,,,,,,,,,,,,2x2,4x5,,,,,
Vehicle,JES III Missile Carrier (MML),JES III Missile Carrier (MML),,,,,,,,,,,,,,,,,,,,,,,,,,,,,,,,,,,,,,,,,,,,,2,Machine Gun,2,2,1/2/3,ER Medium Laser,2,5,4/8/12,,,,,,,,,,,,,,,,,,,,,2x2,2x5,,,,,
Vehicle,JES III Missile Carrier (Speed),JES III Missile Carrier (Speed),,,,,,,,,,,,,,,,,,,,,,,,,,,,,,,,,,,,,,,,,,,,,1,LRM 15,4,5,7/14/21,,,,,,,,,,,,,,,,,,,,,,,,,4x5,,,,,,
Vehicle,JES III Missile Carrier (Thunderbolt),JES III Missile Carrier (Thunderbolt),,,,,,,,,,,,,,,,,,,,,,,,,,,,,,,,,,,,,,,,,,,,,1,Machine Gun,2,2,1/2/3,,,,,,,,,,,,,,,,,,,,,,,,,2x2,,,,,,
Vehicle,JI2A1 Attack APC,JI2A1 Attack APC,,,,,,,,,,,,,,,,,,,,,,,,,,,,,,,,,,,,,,,,,,,,,1,SRM 4,4,2,3/6/9,,,,,,,,,,,,,,,,,,,,,,,,,4x2,,,,,,
Vehicle,Jifty Transportable Field Repair Unit JI-50,Jifty Transportable Field Repair Unit JI-50,,,,,,,,,,,,,,,,,,,,,,,,,,,,,,,,,,,,,,,,,,,,,1,Light Machine Gun,2,1,2/4/6,,,,,,,,,,,,,,,,,,,,,,,,,2x1,,,,,,
Vehicle,Jifty Transportable Field Repair Unit JI-50 (Hoist),Jifty Transportable Field Repair Unit JI-50 (Hoist),,,,,,,,,,,,,,,,,,,,,,,,,,,,,,,,,,,,,,,,,,,,,1,Light Machine Gun,2,1,2/4/6,,,,,,,,,,,,,,,,,,,,,,,,,2x1,,,,,,
Vehicle,Jifty Transportable Field Repair Unit JI-50 (MG),Jifty Transportable Field Repair Unit JI-50 (MG),,,,,,,,,,,,,,,,,,,,,,,,,,,,,,,,,,,,,,,,,,,,,1,Machine Gun,2,2,1/2/3,,,,,,,,,,,,,,,,,,,,,,,,,2x2,,,,,,
Vehicle,Jifty Transportable Field Repair Unit JI-50 (ML),Jifty Transportable Field Repair Unit JI-50 (ML),,,,,,,,,,,,,,,,,,,,,,,,,,,,,,,,,,,,,,,,,,,,,1,Medium Laser,2,5,3/6/9,,,,,,,,,,,,,,,,,,,,,,,,,2x5,,,,,,
Vehicle,Jifty Transportable Field Repair Unit JI-50 (Q-Vehicle),Jifty Transportable Field Repair Unit JI-50 (Q-Vehicle),,,,,,,,,,,,,,,,,,,,,,,,,,,,,,,,,,,,,,,,,,,,,1,SRM 4,16,2,3/6/9,,,,,,,,,,,,,,,,,,,,,,,,,16x2,,,,,,
Vehicle,Joust Medium Tank BE700,Joust Medium Tank BE700,,,,,,,,,,,,,,,,,,,,,,,,,,,,,,X,,,,,,,,,,,,,,,1,Clan ER Large Laser,1,10,8/15/25,,,,,,,,,,,,,,,,,,,,,,,,,1x10,,,,,,
Vehicle,Joust Medium Tank BE701,Joust Medium Tank BE701,,,,,,,,,,,,,,,,,,,,,,,,,,,,,,,,,,,,,,,,,,,,,2,Clan ER Large Laser,1,10,8/15/25,Clan LRM 10,1,5,7/14/21,,,,,,,,,,,,,,,,,,,,,1x10,1x5,,,,,
Vehicle,K-27 Ordnance Transport (Killjoy),K-27 Ordnance Transport (Killjoy),,,,,,,,,,,,,,,,,,,,,,,,,,,,,,,,,,,,,,,,,,,,,1,SRM 4,2,2,3/6/9,,,,,,,,,,,,,,,,,,,,,,,,,2x2,,,,,,
Vehicle,Kamakiri Attack VTOL,Kamakiri Attack VTOL,,,,,,,,,,,,,,,,,,,,,,,,,,,,,,,,,,,,,,,,,,,,,1,PPC,1,10,6/12/18,,,,,,,,,,,,,,,,,,,,,,,,,1x10,,,,,,
Vehicle,Kamakiri Attack VTOL (Gauss),Kamakiri Attack VTOL (Gauss),,,,,,,,,,,,,,,,,,,,,,,,,,,,,,,,,,,,,,,,,,,,,1,Improved Heavy Gauss Rifle,1,22,6/12/19,,,,,,,,,,,,,,,,,,,,,,,,,1x22,,,,,,
Vehicle,Kamisori Light Tank A,Kamisori Light Tank A,,,,,,,,,,,,,,,,,,,,,,,,,,,,,,,,,,,,,,,,,,,,,1,Light PPC,1,5,6/12/18,,,,,,,,,,,,,,,,,,,,,,,,,1x5,,,,,,
Vehicle,Kamisori Light Tank B,Kamisori Light Tank B,,,,,,,,,,,,,,,,,,,,,,,,,,,,,,,,,,,,,,,,,,,,,,,,,,,,,,,,,,,,,,,,,,,,,,,,,,,,,,,,
Vehicle,Kamisori Light Tank C,Kamisori Light Tank C,,,,,,,,,,,,,,,,,,,,,,,,,,,,X,,X,,,,,,,,,,,,,,,1,ER Medium Laser,1,5,4/8/12,,,,,,,,,,,,,,,,,,,,,,,,,1x5,,,,,,
Vehicle,Kamisori Light Tank Prime,Kamisori Light Tank Prime,,,,,,,,,,,,,,,,,,,,,,,,,,,,,,,,,,,,,,,,,,,,,1,Large Laser,1,8,5/10/15,,,,,,,,,,,,,,,,,,,,,,,,,1x8,,,,,,
Vehicle,Kamisori Light Tank R,Kamisori Light Tank R,,,,,,,,,,,,,,,,,,,,,,,,,,,,,,,,,,,,,,,,,,,,,,,,,,,,,,,,,,,,,,,,,,,,,,,,,,,,,,,,
Vehicle,Kanga Medium Hovertank,Kanga Medium Hovertank,,,,,,,,,,,,,,,,,,,,,,,,,,,,,,,,,,,,,,,,,,,,,3,LRM 10,1,5,7/14/21,SRM 4,2,2,3/6/9,Machine Gun,1,2,1/2/3,,,,,,,,,,,,,,,,,1x5,2x2,1x2,,,,
Vehicle,Kanga Medium Hovertank (AC),Kanga Medium Hovertank (AC),,,,,,,,,,,,,,,,,,,,,,,,,,,,,,,,,,,,,,,,,,,,,2,Machine Gun,1,2,1/2/3,LRM 10,1,5,7/14/21,,,,,,,,,,,,,,,,,,,,,1x2,1x5,,,,,
Vehicle,Kanga-X Jump Tank,Kanga-X Jump Tank,,,,,,,,,,,,,,,,,,,,,,,,,,,,,,,,,,,,,,,,,,,,,2,Clan Streak LRM 10,2,5,7/14/21,Clan Streak SRM 4,4,2,4/8/12,,,,,,,,,,,,,,,,,,,,,2x5,4x2,,,,,
Vehicle,Karnov UR Gunship,Karnov UR Gunship,,,,,,,,,,,,,,,,,,,,,,,,,,,,,,,,,,,,,,,,,,,,,1,Machine Gun,8,2,1/2/3,,,,,,,,,,,,,,,,,,,,,,,,,8x2,,,,,,
Vehicle,Karnov UR Transport (3055 Upgrade),Karnov UR Transport (3055 Upgrade),,,,,,,,,,,,,,,,,,,,,,,,,,,,,,,,,,,,,,,,,,,,,1,Machine Gun,2,2,1/2/3,,,,,,,,,,,,,,,,,,,,,,,,,2x2,,,,,,
Vehicle,Karnov UR Transport (Artillery),Karnov UR Transport (Artillery),,,,,,,,,,,,,,,,,,,,,,,,,,,,,,,,,,,,,,,,,,,,,,,,,,,,,,,,,,,,,,,,,,,,,,,,,,,,,,,,
Vehicle,Karnov UR Transport (BA),Karnov UR Transport (BA),,,,,,,,,,,,,,,,,,,,,,,,,,,,X,,,,,,,,,,,,,,,,,1,ER Medium Laser,2,5,4/8/12,,,,,,,,,,,,,,,,,,,,,,,,,2x5,,,,,,
Vehicle,Karnov UR Transport (Heavy Stealth),Karnov UR Transport (Heavy Stealth),,,,,,,,,,,,,,,,,,,,,,,,,,X,,X,X,,,,,,X,,,,,,,,,,1,Machine Gun,2,2,1/2/3,,,,,,,,,,,,,,,,,,,,,,,,,2x2,,,,,,
Vehicle,Kelswa Assault Tank,Kelswa Assault Tank,,,,,,,,,,,,,,,,,,,,,,,,,,,,,,,,,,,,,,,,,,,,,3,ER Medium Laser,2,5,4/8/12,Gauss Rifle,2,15,7/15/22,Heavy Machine Gun,2,3,1/2/2,,,,,,,,,,,,,,,,,2x5,2x15,2x3,,,,
Vehicle,Kestrel VTOL,Kestrel VTOL,,,,,,,,,,,,,,,,,,,,,,,,,,,,,,,,,,,,,,,,,,,,,1,Machine Gun,2,2,1/2/3,,,,,,,,,,,,,,,,,,,,,,,,,2x2,,,,,,
Vehicle,Kestrel VTOL (ML),Kestrel VTOL (ML),,,,,,,,,,,,,,,,,,,,,,,,,,,,,,,,,,,,,,,,,,,,,1,Medium Laser,1,5,3/6/9,,,,,,,,,,,,,,,,,,,,,,,,,1x5,,,,,,
Vehicle,Kestrel VTOL (SL),Kestrel VTOL (SL),,,,,,,,,,,,,,,,,,,,,,,,,,,,,,,,,,,,,,,,,,,,,1,Small Laser,2,3,1/2/3,,,,,,,,,,,,,,,,,,,,,,,,,2x3,,,,,,
Vehicle,Kestrel VTOL (SRM),Kestrel VTOL (SRM),,,,,,,,,,,,,,,,,,,,,,,,,,,,,,,,,,,,,,,,,,,,,1,SRM 2,1,2,3/6/9,,,,,,,,,,,,,,,,,,,,,,,,,1x2,,,,,,
Vehicle,Kestrel VTOL Scout,Kestrel VTOL Scout,,,,,,,,,,,,,,,,,,,,,,,,,,,,,,,,,,,,,,,,,,,,,1,Machine Gun,2,2,1/2/3,,,,,,,,,,,,,,,,,,,,,,,,,2x2,,,,,,
Vehicle,Kinnol MBT,Kinnol MBT,,,,,,,,,,,,,,,,,,,,,,,,,,,,,,,,,,,,,,,,,,,,,3,LB 10-X AC (Slug),1,10,6/12/18,-- OR --,,,,LB 10-X AC (Pellet),6,1,6/12/18,ER Medium Laser,1,5,4/8/12,,,,,,,,,,,,,1x10,,6x1,1x5,,,
Vehicle,Kinnol MBT (PPC),Kinnol MBT (PPC),,,,,,,,,,,,,,,,,,,,,,,,,,,,,,,,,,,,,,,,,,,,,3,PPC,1,10,6/12/18,Medium Laser,1,5,3/6/9,Machine Gun,3,2,1/2/3,,,,,,,,,,,,,,,,,1x10,1x5,3x2,,,,
Vehicle,Kinnol MBT (RAC),Kinnol MBT (RAC),,,,,,,,,,,,,,,,,,,,,,,,,,,,,,,,,,,,,,,,,,,,,,,,,,,,,,,,,,,,,,,,,,,,,,,,,,,,,,,,
Vehicle,Kite Reconnaissance Vehicle,Kite Reconnaissance Vehicle,,,,,,,,,,,,,,,,,,,,,,,,,,,,X,X,X,,,,,,,,,,,,,,,1,Clan SRM 2,2,2,3/6/9,,,,,,,,,,,,,,,,,,,,,,,,,2x2,,,,,,
Vehicle,Kite Reconnaissance Vehicle (Fusion),Kite Reconnaissance Vehicle (Fusion),,,,,,,,,,,,,,,,,,,,,,,,,,,,X,X,,,,,,,,,,,,,,,,1,Clan Medium Pulse Laser,2,7,4/8/12,,,,,,,,,,,,,,,,,,,,,,,,,2x7,,,,,,
Vehicle,Knox Armored Car,Knox Armored Car,,,,,,,,,,,,,,,,,,,,,,,,,,,,,,,,,,,,,,,,,,,,,1,Machine Gun,1,2,1/2/3,,,,,,,,,,,,,,,,,,,,,,,,,1x2,,,,,,
Vehicle,Kokou Defense Tank,Kokou Defense Tank,,,,,,,,,,,,,,,,,,,,,,,,,,,,,,,,,,,,,,,,,,,,,2,Clan LRM 10,1,5,7/14/21,Clan Large Pulse Laser,3,10,6/14/20,,,,,,,,,,,,,,,,,,,,,1x5,3x10,,,,,
Vehicle,Kokou Defense Tank (XL),Kokou Defense Tank (XL),,,,,,,,,,,,,,,,,,,,,,,,,,,,,,,,,,,,,,,,,,,,,2,Clan LRM 10,1,5,7/14/21,Clan Large Pulse Laser,3,10,6/14/20,,,,,,,,,,,,,,,,,,,,,1x5,3x10,,,,,
Vehicle,Korvin KRV-3,Korvin KRV-3,,,,,,,,,,,,,,,,,,,,,,,,,,,,,,,,,,,,,,,,,,,,,3,Machine Gun,5,2,1/2/3,Large Laser,1,8,5/10/15,LRM 10,1,5,7/14/21,,,,,,,,,,,,,,,,,5x2,1x8,1x5,,,,
Vehicle,Korvin Tank KRV-2,Korvin Tank KRV-2,,,,,,,,,,,,,,,,,,,,,,,,,,,,,,,,,,,,,,,,,,,,,3,Machine Gun,1,2,1/2/3,Large Laser,1,8,5/10/15,LRM 5,1,5,7/14/21,,,,,,,,,,,,,,,,,1x2,1x8,1x5,,,,
Vehicle,Kruger Combat Car,Kruger Combat Car,,,,,,,,,,,,,,,,,,,,,,,,,,,,,,,,,,,,,,,,,,,,,1,ER Medium Laser,2,5,4/8/12,,,,,,,,,,,,,,,,,,,,,,,,,2x5,,,,,,
Vehicle,Kruger Combat Car (Original),Kruger Combat Car (Original),,,,,,,,,,,,,,,,,,,,,,,,,,,,,,,,,,,,,,,,,,,,,1,Medium Laser,2,5,3/6/9,,,,,,,,,,,,,,,,,,,,,,,,,2x5,,,,,,
Vehicle,Ku Wheeled Assault Tank,Ku Wheeled Assault Tank,,,,,,,,,,,,,,,,,,,,,,,,,,,,,,,,,,,,,,,,,,,,,3,Clan Streak SRM 4,4,2,4/8/12,Clan ER Large Laser,1,10,8/15/25,Clan ER Small Laser,1,5,2/4/6,,,,,,,,,,,,,,,,,4x2,1x10,1x5,,,,
Vehicle,Ku Wheeled Assault Tank (IFV),Ku Wheeled Assault Tank (IFV),,,,,,,,,,,,,,,,,,,,,,,,,,,,X,,,,,,,,,,,,,,,,,1,Clan ER Medium Laser,2,7,5/10/15,,,,,,,,,,,,,,,,,,,,,,,,,2x7,,,,,,
Vehicle,LRM Carrier,LRM Carrier,,,,,,,,,,,,,,,,,,,,,,,,,,,,,,,,,,,,,,,,,,,,,1,LRM 20,6,5,7/14/21,,,,,,,,,,,,,,,,,,,,,,,,,6x5,,,,,,
Vehicle,LRM Carrier (3055 Upgrade),LRM Carrier (3055 Upgrade),,,,,,,,,,,,,,,,,,,,,,,,,,,,,,,,,,,,,,,,,,,,,1,LRM 20,12,5,7/14/21,,,,,,,,,,,,,,,,,,,,,,,,,12x5,,,,,,
Vehicle,LRM Carrier (WoB),LRM Carrier (WoB),,,,,,,,,,,,,,,,,,,,,,,,,,,,,,,,,,,,,,,,,,,,,1,LRM 20,12,5,7/14/21,,,,,,,,,,,,,,,,,,,,,,,,,12x5,,,,,,
Vehicle,LRM Carrier C,LRM Carrier C,,,,,,,,,,,,,,,,,,,,,,,,,,,,,,,,,,,,,,,,,,,,,1,Clan LRM 20,6,5,7/14/21,,,,,,,,,,,,,,,,,,,,,,,,,6x5,,,,,,
Vehicle,LRM Carrier Primitive,LRM Carrier Primitive,,,,,,,,,,,,,,,,,,,,,,,,,,,,,,,,,,,,,,,,,,,,,1,LRM 15,3,5,7/14/21,,,,,,,,,,,,,,,,,,,,,,,,,3x5,,,,,,
Vehicle,Lamprey Transport Helicopter,Lamprey Transport Helicopter,,,,,,,,,,,,,,,,,,,,,,,,,,,,,,,,,,,,,,,,,,,,,2,SRM 4,4,2,3/6/9,Machine Gun,1,2,1/2/3,,,,,,,,,,,,,,,,,,,,,4x2,1x2,,,,,
Vehicle,Laser Carrier,Laser Carrier,,,,,,,,,,,,,,,,,,,,,,,,,,,,,,,,,,,,,,,,,,,,,1,Medium Laser,8,5,3/6/9,,,,,,,,,,,,,,,,,,,,,,,,,8x5,,,,,,
Vehicle,Lexan Surveillance Helo (Prototype),Lexan Surveillance Helo (Prototype),,,,,,,,,,,,,,,,,,,,,,,,,,,,X,X,,,,,,,,,,,,,,,,1,Small Laser,2,3,1/2/3,,,,,,,,,,,,,,,,,,,,,,,,,2x3,,,,,,
Vehicle,Lexan Surveillance VTOL,Lexan Surveillance VTOL,,,,,,,,,,,,,,,,,,,,,,,,,,,,X,,,,,,,,,,,,,,,,,1,Small Laser,2,3,1/2/3,,,,,,,,,,,,,,,,,,,,,,,,,2x3,,,,,,
Vehicle,Light SRM Carrier,Light SRM Carrier,,,,,,,,,,,,,,,,,,,,,,,,,,,,,,,,,,,,,,,,,,,,,1,SRM 6,20,2,3/6/9,,,,,,,,,,,,,,,,,,,,,,,,,20x2,,,,,,
Vehicle,Lightning Attack Hovercraft,Lightning Attack Hovercraft,,,,,,,,,,,,,,,,,,,,,,,,,,,,,,,,,,,,,,,,,,,,,1,Medium Pulse Laser,2,6,2/4/6,,,,,,,,,,,,,,,,,,,,,,,,,2x6,,,,,,
Vehicle,Lightning Attack Hovercraft (ERML),Lightning Attack Hovercraft (ERML),,,,,,,,,,,,,,,,,,,,,,,,,,,,,,,,,,,,,,,,,,,,,1,ER Medium Laser,2,5,4/8/12,,,,,,,,,,,,,,,,,,,,,,,,,2x5,,,,,,
Vehicle,Lightning Attack Hovercraft (ERSL),Lightning Attack Hovercraft (ERSL),,,,,,,,,,,,,,,,,,,,,,,,,,,,,,,,,,,,,,,,,,,,,2,ER Small Laser,2,3,2/4/5,ER Medium Laser,1,5,4/8/12,,,,,,,,,,,,,,,,,,,,,2x3,1x5,,,,,
Vehicle,Lightning Attack Hovercraft (Royal),Lightning Attack Hovercraft (Royal),,,,,,,,,,,,,,,,,,,,,,,,,,,,,,,,,,,,,,,,,,,,,2,Medium Pulse Laser,2,6,2/4/6,Streak SRM 2,4,2,3/6/9,,,,,,,,,,,,,,,,,,,,,2x6,4x2,,,,,
Vehicle,Lightning Attack Hovercraft CX-3,Lightning Attack Hovercraft CX-3,,,,,,,,,,,,,,,,,,,,,,,,,,X,,X,,,,,,,X,,,,,,,,,,1,Medium Pulse Laser,1,6,2/4/6,,,,,,,,,,,,,,,,,,,,,,,,,1x6,,,,,,
Vehicle,Limpet Half-Track,Limpet Half-Track,,,,,,,,,,,,,,,,,,,,,,,,,,X,,,,,,,,,,,,,,,,,,,,,,,,,,,,,,,,,,,,,,,,,,,,,,,,,,,,,,
Vehicle,Luduan Scout Vehicle,Luduan Scout Vehicle,,,,,,,,,,,,,,,,,,,,,,,,,,,,X,X,X,,,,,,,,,,,,,,,,,,,,,,,,,,,,,,,,,,,,,,,,,,,,,,,,,,
Vehicle,MASH Truck,MASH Truck,,,,,,,,,,,,,,,,,,,,,,,,,,,,,,,,,,,,,,,,,,,,,1,Small Laser,2,3,1/2/3,,,,,,,,,,,,,,,,,,,,,,,,,2x3,,,,,,
Vehicle,MASH Truck (Small),MASH Truck (Small),,,,,,,,,,,,,,,,,,,,,,,,,,,,,,,,,,,,,,,,,,,,,1,Small Laser,2,3,1/2/3,,,,,,,,,,,,,,,,,,,,,,,,,2x3,,,,,,
Vehicle,MHI Amphibious APC,MHI Amphibious APC,,,,,,,,,,,,,,,,,,,,,,,,,,,,,,,,,,,,,,,,,,,,,1,ER Medium Laser,1,5,4/8/12,,,,,,,,,,,,,,,,,,,,,,,,,1x5,,,,,,
Vehicle,MHI Defense AA Tank,MHI Defense AA Tank,,,,,,,,,,,,,,,,,,,,,,,,,,,,,,,,,,,,,,,,,,,,,3,Light Machine Gun,3,1,2/4/6,LB 10-X AC (Slug),2,10,6/12/18,-- OR --,,,,LB 10-X AC (Pellet),12,1,6/12/18,,,,,,,,,,,,,3x1,2x10,,12x1,,,
Vehicle,MIT24 MASH Vehicle,MIT24 MASH Vehicle,,,,,,,,,,,,,,,,,,,,,,,,,,,,,,,,,,,,,,,,,,,,,1,Flamer,1,2,1/2/3,,,,,,,,,,,,,,,,,,,,,,,,,1x2,,,,,,
Vehicle,MRM Carrier,MRM Carrier,,,,,,,,,,,,,,,,,,,,,,,,,,,,,,,,,,,,,,,,,,,,,1,MRM 30,9,5,3/8/15,,,,,,,,,,,,,,,,,,,,,,,,,9x5,,,,,,
Vehicle,Magellan Series Four,Magellan Series Four,,,,,,,,,,,,,,,,,,,,,,,,,,,,,,,,,,,,,,,,,,,,,1,Machine Gun,2,2,1/2/3,,,,,,,,,,,,,,,,,,,,,,,,,2x2,,,,,,
Vehicle,Magi Infantry Support Vehicle,Magi Infantry Support Vehicle,,,,,,,,,,,,,,,,,,,,,,,,,,,,,,,,,,,,,,,,,,,,,2,Medium Laser,3,5,3/6/9,Machine Gun,2,2,1/2/3,,,,,,,,,,,,,,,,,,,,,3x5,2x2,,,,,
Vehicle,Magi Infantry Support Vehicle (UCSV),Magi Infantry Support Vehicle (UCSV),,,,,,,,,,,,,,,,,,,,,,,,,,,,,,,,,,,,,,,,,,,,,2,Medium Laser,3,5,3/6/9,Machine Gun,4,2,1/2/3,,,,,,,,,,,,,,,,,,,,,3x5,4x2,,,,,
Vehicle,Main Gauche Light Support Tank,Main Gauche Light Support Tank,,,,,,,,,,,,,,,,,,,,,,,,,,,,,,,,,,,,,,,,,,,,,2,Light Gauss Rifle,1,8,8/17/25,Machine Gun,2,2,1/2/3,,,,,,,,,,,,,,,,,,,,,1x8,2x2,,,,,
Vehicle,Main Gauche Light Support Tank (C3),Main Gauche Light Support Tank (C3),,,,,,,,,,,,,,,,,,,,,,,,,,,,,,,,,,,,,,,,,,,,,2,Light Gauss Rifle,1,8,8/17/25,ER Small Laser,1,3,2/4/5,,,,,,,,,,,,,,,,,,,,,1x8,1x3,,,,,
Vehicle,Main Gauche Light Support Tank (XL),Main Gauche Light Support Tank (XL),,,,,,,,,,,,,,,,,,,,,,,,,,,,,,,,,,,,,,,,,,,,,2,Light Gauss Rifle,1,8,8/17/25,Machine Gun,2,2,1/2/3,,,,,,,,,,,,,,,,,,,,,1x8,2x2,,,,,
Vehicle,Main Gauche Light Support Tank IFV,Main Gauche Light Support Tank IFV,,,,,,,,,,,,,,,,,,,,,,,,,,,,,,,,,,,,,,,,,,,,,2,Light Machine Gun,4,1,2/4/6,Plasma Rifle,1,10,6/14/22,,,,,,,,,,,,,,,,,,,,,4x1,1x10,,,,,
Vehicle,Mamono IFV,Mamono IFV,,,,,,,,,,,,,,,,,,,,,,,,,,,X,,,,,,,,,,,,,,,,,,3,Light Machine Gun,2,1,2/4/6,Snub-Nose PPC,1,10,9/13/15,MRM 40,4,5,3/8/15,,,,,,,,,,,,,,,,,2x1,1x10,4x5,,,,
Vehicle,Manta Fast Attack Submarine,Manta Fast Attack Submarine,,,,,,,,,,,,,,,,,,,,,,,,,,,,,,,,,,,,,,,,,,,,,1,ER Large Laser,1,8,7/14/19,,,,,,,,,,,,,,,,,,,,,,,,,1x8,,,,,,
Vehicle,Manta Fast Attack Submarine (Support),Manta Fast Attack Submarine (Support),,,,,,,,,,,,,,,,,,,,,,,,,,,,,,,,,,,,,,,,,,,,,1,ER Medium Laser,2,5,4/8/12,,,,,,,,,,,,,,,,,,,,,,,,,2x5,,,,,,
Vehicle,Manteuffel Attack Tank A,Manteuffel Attack Tank A,,,,,,,,,,,,,,,,,,,,,,,,,,,,,,,,,,,,,,,,,,,,,2,Medium Laser,2,5,3/6/9,ER Small Laser,1,3,2/4/5,,,,,,,,,,,,,,,,,,,,,2x5,1x3,,,,,
Vehicle,Manteuffel Attack Tank B,Manteuffel Attack Tank B,,,,,,,,,,,,,,,,,,,,,,,,,,,,,,,,,,,,,,,,,,,,,1,ER Small Laser,3,3,2/4/5,,,,,,,,,,,,,,,,,,,,,,,,,3x3,,,,,,
Vehicle,Manteuffel Attack Tank C,Manteuffel Attack Tank C,,,,,,,,,,,,,,,,,,,,,,,,,,,,,,,,,,,,,,,,,,,,,2,Machine Gun,2,2,1/2/3,Gauss Rifle,1,15,7/15/22,,,,,,,,,,,,,,,,,,,,,2x2,1x15,,,,,
Vehicle,Manteuffel Attack Tank D,Manteuffel Attack Tank D,,,,,,,,,,,,,,,,,,,,,,,,,,,X,,,,,,,,,,,,,,,,,,2,LRM 10,1,5,7/14/21,Light PPC,2,5,6/12/18,,,,,,,,,,,,,,,,,,,,,1x5,2x5,,,,,
Vehicle,Manteuffel Attack Tank E,Manteuffel Attack Tank E,,,,,,,,,,,,,,,,,,,,,,,,,,,,X,,,,,,,,,,,,,,,,,4,ER Small Laser,1,3,2/4/5,Medium Laser,2,5,3/6/9,LB 10-X AC (Slug),1,10,6/12/18,-- OR --,,,,LB 10-X AC (Pellet),6,1,6/12/18,,,,,,,,,1x3,2x5,1x10,,6x1,,
Vehicle,Manteuffel Attack Tank Prime,Manteuffel Attack Tank Prime,,,,,,,,,,,,,,,,,,,,,,,,,,,,X,,,,,,,,,,,,,,,,,1,ER Medium Laser,3,5,4/8/12,,,,,,,,,,,,,,,,,,,,,,,,,3x5,,,,,,
Vehicle,Manticore Heavy Tank,Manticore Heavy Tank,,,,,,,,,,,,,,,,,,,,,,,,,,,,,,,,,,,,,,,,,,,,,4,Medium Laser,1,5,3/6/9,LRM 10,1,5,7/14/21,SRM 6,4,2,3/6/9,PPC,1,10,6/12/18,,,,,,,,,,,,,1x5,1x5,4x2,1x10,,,
Vehicle,Manticore Heavy Tank (3055 Upgrade),Manticore Heavy Tank (3055 Upgrade),,,,,,,,,,,,,,,,,,,,,,,,,,,,,,,,,,,,,,,,,,,,,4,Streak SRM 2,2,2,3/6/9,Large Pulse Laser,1,9,3/7/10,LRM 10,2,5,7/14/21,SRM 6,6,2,3/6/9,,,,,,,,,,,,,2x2,1x9,2x5,6x2,,,
Vehicle,Manticore Heavy Tank (C3M),Manticore Heavy Tank (C3M),,,,,,,,,,,,,,,,,,,,,,,,,,,,,,,,,,,,,,,,,,,,,3,Streak SRM 2,2,2,3/6/9,PPC,1,10,6/12/18,LRM 10,2,5,7/14/21,,,,,,,,,,,,,,,,,2x2,1x10,2x5,,,,
Vehicle,Manticore Heavy Tank (C3S),Manticore Heavy Tank (C3S),,,,,,,,,,,,,,,,,,,,,,,,,,,,,,,,,,,,,,,,,,,,,4,Streak SRM 2,2,2,3/6/9,LRM 10,2,5,7/14/21,PPC,1,10,6/12/18,Streak SRM 4,4,2,3/6/9,,,,,,,,,,,,,2x2,2x5,1x10,4x2,,,
Vehicle,Manticore Heavy Tank (HPPC),Manticore Heavy Tank (HPPC),,,,,,,,,,,,,,,,,,,,,,,,,,,X,,,,,,,,,,,,,,,,,,1,Heavy PPC,1,15,6/12/18,,,,,,,,,,,,,,,,,,,,,,,,,1x15,,,,,,
Vehicle,Manticore Heavy Tank (LB-X),Manticore Heavy Tank (LB-X),,,,,,,,,,,,,,,,,,,,,,,,,,,,,,,,,,,,,,,,,,,,,4,Medium Pulse Laser,1,6,2/4/6,LB 10-X AC (Slug),1,10,6/12/18,-- OR --,,,,LB 10-X AC (Pellet),6,1,6/12/18,Streak SRM 6,6,2,3/6/9,,,,,,,,,1x6,1x10,,6x1,6x2,,
Vehicle,Manticore Heavy Tank (RAC),Manticore Heavy Tank (RAC),,,,,,,,,,,,,,,,,,,,,,,,,,,,,,,,,,,,,,,,,,,,,2,ER Medium Laser,2,5,4/8/12,SRM 6,6,2,3/6/9,,,,,,,,,,,,,,,,,,,,,2x5,6x2,,,,,
Vehicle,Manticore Heavy Tank (XL),Manticore Heavy Tank (XL),,,,,,,,,,,,,,,,,,,,,,,,,,,,,,,,,,,,,,,,,,,,,4,Medium Laser,1,5,3/6/9,ER PPC,1,10,7/14/23,Enhanced LRM 10,1,5,7/14/21,Streak SRM 6,6,2,3/6/9,,,,,,,,,,,,,1x5,1x10,1x5,6x2,,,
Vehicle,Manticore Heavy Tank EC,Manticore Heavy Tank EC,,,,,,,,,,,,,,,,,,,,,,,,,,,,,,,,,,,,,,,,,,,,,2,SRM 6,4,2,3/6/9,Improved LRM 10,1,5,7/14/21,,,,,,,,,,,,,,,,,,,,,4x2,1x5,,,,,
Vehicle,Manticore II Heavy Tank,Manticore II Heavy Tank,,,,,,,,,,,,,,,,,,,,,,,,,,,,,,,,,,,,,,,,,,,,,2,Enhanced LRM 10,2,5,7/14/21,Heavy PPC,1,15,6/12/18,,,,,,,,,,,,,,,,,,,,,2x5,1x15,,,,,
Vehicle,Manticore The Ballista,Manticore The Ballista,,,,,,,,,,,,,,,,,,,,,,,,,,,,,,,,,,,,,,,,,,,,,1,Extended LRM 10,1,5,12/22/38,,,,,,,,,,,,,,,,,,,,,,,,,1x5,,,,,,
Vehicle,Mantis Light Attack VTOL,Mantis Light Attack VTOL,,,,,,,,,,,,,,,,,,,,,,,,,,,,X,,X,,,,,,,,,,,,,,,1,ER Small Laser,5,3,2/4/5,,,,,,,,,,,,,,,,,,,,,,,,,5x3,,,,,,
Vehicle,Marksman Artillery Vehicle,Marksman Artillery Vehicle,,,,,,,,,,,,,,,,,,,,,,,,,,,,,,,,,,,,,,,,,,,,,1,Large Laser,1,8,5/10/15,,,,,,,,,,,,,,,,,,,,,,,,,1x8,,,,,,
Vehicle,Marksman Artillery Vehicle (AC),Marksman Artillery Vehicle (AC),,,,,,,,,,,,,,,,,,,,,,,,,,,,,,,,,,,,,,,,,,,,,1,Large Laser,1,8,5/10/15,,,,,,,,,,,,,,,,,,,,,,,,,1x8,,,,,,
Vehicle,Marksman Artillery Vehicle (Light PPC),Marksman Artillery Vehicle (Light PPC),,,,,,,,,,,,,,,,,,,,,,,,,,,,,,,,,,,,,,,,,,,,,2,Heavy Machine Gun,4,3,1/2/2,Light PPC,1,5,6/12/18,,,,,,,,,,,,,,,,,,,,,4x3,1x5,,,,,
Vehicle,Marksman M1 MBT,Marksman M1 MBT,,,,,,,,,,,,,,,,,,,,,,,,,,,,,,,,,,,,,,,,,,,,,5,Gauss Rifle,1,15,7/15/22,MRM 10,2,5,3/8/15,SRM 6,8,2,3/6/9,Streak SRM 4,8,2,3/6/9,Machine Gun,4,2,1/2/3,,,,,,,,,1x15,2x5,8x2,8x2,4x2,,
Vehicle,Marksman M1A MBT,Marksman M1A MBT,,,,,,,,,,,,,,,,,,,,,,,,,,,,,,,,,,,,,,,,,,,,,3,Gauss Rifle,1,15,7/15/22,Medium Laser,4,5,3/6/9,Machine Gun,4,2,1/2/3,,,,,,,,,,,,,,,,,1x15,4x5,4x2,,,,
Vehicle,Marksman MBT M1J,Marksman MBT M1J,,,,,,,,,,,,,,,,,,,,,,,,,,,,,,,,,,,,,,,,,,,,,5,Gauss Rifle,1,15,7/15/22,MRM 20,4,5,3/8/15,SRM 6,8,2,3/6/9,Streak SRM 4,8,2,3/6/9,Machine Gun,4,2,1/2/3,,,,,,,,,1x15,4x5,8x2,8x2,4x2,,
Vehicle,Mars Assault Vehicle,Mars Assault Vehicle,,,,,,,,,,,,,,,,,,,,,,,,,,,,X,,,,,,,,,,,,,,,,,6,Clan LB 10-X AC (Slug),1,10,6/12/18,-- OR --,,,,Clan LB 10-X AC (Pellet),6,1,6/12/18,Clan LRM 15,9,5,7/14/21,Clan Streak SRM 6,12,2,4/8/12,Clan ER Large Laser,1,10,8/15/25,Clan Gauss Rifle,1,15,7/15/22,1x10,,6x1,9x5,12x2,1x10,1x15
Vehicle,Mars Assault Vehicle (ATM),Mars Assault Vehicle (ATM),,,,,,,,,,,,,,,,,,,,,,,,,,,,X,,,,,,,,,,,,,,,,,2,Clan Streak SRM 4,8,2,4/8/12,Clan Gauss Rifle,1,15,7/15/22,,,,,,,,,,,,,,,,,,,,,8x2,1x15,,,,,
Vehicle,Mars Assault Vehicle (HAG),Mars Assault Vehicle (HAG),,,,,,,,,,,,,,,,,,,,,,,,,,,,X,,,,,,,,,,,,,,,,,3,Clan LRM 15,9,5,7/14/21,Clan ER Large Laser,1,10,8/15/25,Clan Gauss Rifle,1,15,7/15/22,,,,,,,,,,,,,,,,,9x5,1x10,1x15,,,,
Vehicle,Mars Assault Vehicle (XL),Mars Assault Vehicle (XL),,,,,,,,,,,,,,,,,,,,,,,,,,,,X,,,,,,,,,,,,,,,,,6,Clan LB 10-X AC (Slug),1,10,6/12/18,-- OR --,,,,Clan LB 10-X AC (Pellet),6,1,6/12/18,Clan LRM 15,9,5,7/14/21,Clan Streak SRM 6,12,2,4/8/12,Clan ER Large Laser,1,10,8/15/25,Clan Gauss Rifle,1,15,7/15/22,1x10,,6x1,9x5,12x2,1x10,1x15
Vehicle,Marsden I,Marsden I,,,,,,,,,,,,,,,,,,,,,,,,,,,,,,,,,,,,,,,,,,,,,2,SRM 6,4,2,3/6/9,Machine Gun,1,2,1/2/3,,,,,,,,,,,,,,,,,,,,,4x2,1x2,,,,,
Vehicle,Marsden II MBT,Marsden II MBT,,,,,,,,,,,,,,,,,,,,,,,,,,,,,,,,,,,,,,,,,,,,,2,SRM 6,8,2,3/6/9,Machine Gun,2,2,1/2/3,,,,,,,,,,,,,,,,,,,,,8x2,2x2,,,,,
Vehicle,Marsden II MBT II (Primitive),Marsden II MBT II (Primitive),,,,,,,,,,,,,,,,,,,,,,,,,,,,,,,,,,,,,,,,,,,,,2,SRM 6,8,2,3/6/9,Machine Gun,2,2,1/2/3,,,,,,,,,,,,,,,,,,,,,8x2,2x2,,,,,
Vehicle,Marsden II MBT II-A,Marsden II MBT II-A,,,,,,,,,,,,,,,,,,,,,,,,,,,,,,,,,,,,,,,,,,,,,2,SRM 6,4,2,3/6/9,Machine Gun,1,2,1/2/3,,,,,,,,,,,,,,,,,,,,,4x2,1x2,,,,,
Vehicle,Marsden II MBT II-A (LBX),Marsden II MBT II-A (LBX),,,,,,,,,,,,,,,,,,,,,,,,,,,,,,,,,,,,,,,,,,,,,4,Streak SRM 2,4,2,3/6/9,Machine Gun,2,2,1/2/3,LB 10-X AC (Slug),1,10,6/12/18,-- OR --,,,,LB 10-X AC (Pellet),6,1,6/12/18,,,,,,,,,4x2,2x2,1x10,,6x1,,
Vehicle,Marten Scout VTOL,Marten Scout VTOL,,,,,,,,,,,,,,,,,,,,,,,,,,,,,,,,,,,,,,,,,,,,,1,SRM 2,1,2,3/6/9,,,,,,,,,,,,,,,,,,,,,,,,,1x2,,,,,,
Vehicle,Maultier Hover APC,Maultier Hover APC,,,,,,,,,,,,,,,,,,,,,,,,,,,,,,,,,,,,,,,,,,,,,1,Streak SRM 2,2,2,3/6/9,,,,,,,,,,,,,,,,,,,,,,,,,2x2,,,,,,
Vehicle,Maultier Hover APC (BA),Maultier Hover APC (BA),,,,,,,,,,,,,,,,,,,,,,,,,,,,,,,,,,,,,,,,,,,,,1,Streak SRM 2,2,2,3/6/9,,,,,,,,,,,,,,,,,,,,,,,,,2x2,,,,,,
Vehicle,Maultier Hover APC (Basic),Maultier Hover APC (Basic),,,,,,,,,,,,,,,,,,,,,,,,,,,,,,,,,,,,,,,,,,,,,1,SRM 2,1,2,3/6/9,,,,,,,,,,,,,,,,,,,,,,,,,1x2,,,,,,
Vehicle,Maultier Hover APC (Fusion),Maultier Hover APC (Fusion),,,,,,,,,,,,,,,,,,,,,,,,,,,,,,,,,,,,,,,,,,,,,1,ER Medium Laser,1,5,4/8/12,,,,,,,,,,,,,,,,,,,,,,,,,1x5,,,,,,
Vehicle,Maultier Hover APC (Intermediate),Maultier Hover APC (Intermediate),,,,,,,,,,,,,,,,,,,,,,,,,,,,,,,,,,,,,,,,,,,,,1,SRM 2,1,2,3/6/9,,,,,,,,,,,,,,,,,,,,,,,,,1x2,,,,,,
Vehicle,Maultier Hover APC (MG),Maultier Hover APC (MG),,,,,,,,,,,,,,,,,,,,,,,,,,,,,,,,,,,,,,,,,,,,,1,Machine Gun,1,2,1/2/3,,,,,,,,,,,,,,,,,,,,,,,,,1x2,,,,,,
Vehicle,Mauna Kea Command Vessel,Mauna Kea Command Vessel,,,,,,,,,,,,,,,,,,,,,,,,,,,,,,,,,,,,,,,,,,,,,2,Machine Gun,5,2,1/2/3,LRM 15,1,5,7/14/21,,,,,,,,,,,,,,,,,,,,,5x2,1x5,,,,,
Vehicle,Mauna Kea Command Vessel (LB-X),Mauna Kea Command Vessel (LB-X),,,,,,,,,,,,,,,,,,,,,,,,,,,,,,,,,,,,,,,,,,,,,4,Machine Gun,5,2,1/2/3,LRM 15,3,5,7/14/21,LB 10-X AC (Slug),1,10,6/12/18,-- OR --,,,,LB 10-X AC (Pellet),6,1,6/12/18,,,,,,,,,5x2,3x5,1x10,,6x1,,
Vehicle,Mauna Kea Command Vessel (LRM),Mauna Kea Command Vessel (LRM),,,,,,,,,,,,,,,,,,,,,,,,,,,,,,,,,,,,,,,,,,,,,2,LRM 15,2,5,7/14/21,Machine Gun,5,2,1/2/3,,,,,,,,,,,,,,,,,,,,,2x5,5x2,,,,,
Vehicle,Mauna Kea Command Vessel (LRT),Mauna Kea Command Vessel (LRT),,,,,,,,,,,,,,,,,,,,,,,,,,,,,,,,,,,,,,,,,,,,,2,Machine Gun,5,2,1/2/3,LRM 15,1,5,7/14/21,,,,,,,,,,,,,,,,,,,,,5x2,1x5,,,,,
Vehicle,Maxim (I) Heavy Hover Transport,Maxim (I) Heavy Hover Transport,,,,,,,,,,,,,,,,,,,,,,,,,,,,,,,,,,,,,,,,,,,,,2,Streak SRM 6,6,2,3/6/9,ER Medium Laser,2,5,4/8/12,,,,,,,,,,,,,,,,,,,,,6x2,2x5,,,,,
Vehicle,Maxim (I) Heavy Hover Transport (Company Command),Maxim (I) Heavy Hover Transport (Company Command),,,,,,,,,,,,,,,,,,,,,,,,,,,,X,,,,,,,,,,,,,,,,,2,Streak SRM 6,6,2,3/6/9,ER Medium Laser,2,5,4/8/12,,,,,,,,,,,,,,,,,,,,,6x2,2x5,,,,,
Vehicle,Maxim Flanker,Maxim Flanker,,,,,,,,,,,,,,,,,,,,,,,,,,X,,,,,,,,,,,,,,,,,,,4,LRM 15,1,5,7/14/21,SRM 4,2,2,3/6/9,SRM 2,1,2,3/6/9,Machine Gun,4,2,1/2/3,,,,,,,,,,,,,1x5,2x2,1x2,4x2,,,
Vehicle,Maxim Heavy Hover Transport,Maxim Heavy Hover Transport,,,,,,,,,,,,,,,,,,,,,,,,,,,,,,,,,,,,,,,,,,,,,4,LRM 5,3,5,7/14/21,SRM 2,2,2,3/6/9,Machine Gun,3,2,1/2/3,SRM 6,4,2,3/6/9,,,,,,,,,,,,,3x5,2x2,3x2,4x2,,,
Vehicle,Maxim Heavy Hover Transport (3052 Upgrade),Maxim Heavy Hover Transport (3052 Upgrade),,,,,,,,,,,,,,,,,,,,,,,,,,,,,,,,,,,,,,,,,,,,,4,SRM 6,4,2,3/6/9,Machine Gun,2,2,1/2/3,LRM 5,2,5,7/14/21,Streak SRM 2,4,2,3/6/9,,,,,,,,,,,,,4x2,2x2,2x5,4x2,,,
Vehicle,Maxim Heavy Hover Transport (Anti-Personnel),Maxim Heavy Hover Transport (Anti-Personnel),,,,,,,,,,,,,,,,,,,,,,,,,,,,,,,,,,,,,,,,,,,,,3,SRM 6,4,2,3/6/9,Machine Gun,7,2,1/2/3,LRM 5,2,5,7/14/21,,,,,,,,,,,,,,,,,4x2,7x2,2x5,,,,
Vehicle,Maxim Heavy Hover Transport (BA Factory Upgrade),Maxim Heavy Hover Transport (BA Factory Upgrade),,,,,,,,,,,,,,,,,,,,,,,,,,,,,,,,,,,,,,,,,,,,,4,SRM 6,4,2,3/6/9,Machine Gun,2,2,1/2/3,LRM 5,2,5,7/14/21,Streak SRM 2,4,2,3/6/9,,,,,,,,,,,,,4x2,2x2,2x5,4x2,,,
Vehicle,Maxim Heavy Hover Transport (BA Field Upgrade),Maxim Heavy Hover Transport (BA Field Upgrade),,,,,,,,,,,,,,,,,,,,,,,,,,,,,,,,,,,,,,,,,,,,,3,SRM 6,4,2,3/6/9,LRM 5,2,5,7/14/21,Streak SRM 2,4,2,3/6/9,,,,,,,,,,,,,,,,,4x2,2x5,4x2,,,,
Vehicle,Maxim Heavy Hover Transport (C3M),Maxim Heavy Hover Transport (C3M),,,,,,,,,,,,,,,,,,,,,,,,,,,,,,,,,,,,,,,,,,,,,3,SRM 6,4,2,3/6/9,LRM 5,2,5,7/14/21,Streak SRM 2,4,2,3/6/9,,,,,,,,,,,,,,,,,4x2,2x5,4x2,,,,
Vehicle,Maxim Heavy Hover Transport (C3S),Maxim Heavy Hover Transport (C3S),,,,,,,,,,,,,,,,,,,,,,,,,,,,,,,,,,,,,,,,,,,,,3,SRM 6,4,2,3/6/9,LRM 5,2,5,7/14/21,Streak SRM 2,4,2,3/6/9,,,,,,,,,,,,,,,,,4x2,2x5,4x2,,,,
Vehicle,Maxim Heavy Hover Transport (Clan),Maxim Heavy Hover Transport (Clan),,,,,,,,,,,,,,,,,,,,,,,,,,,,X,,,,,,,,,,,,,,,,,3,Clan LRM 15,1,5,7/14/21,Clan SRM 2,2,2,3/6/9,Clan Streak SRM 6,6,2,4/8/12,,,,,,,,,,,,,,,,,1x5,2x2,6x2,,,,
Vehicle,Maxim Heavy Hover Transport (Escort),Maxim Heavy Hover Transport (Escort),,,,,,,,,,,,,,,,,,,,,,,,,,,,,,,,,,,,,,,,,,,,,2,Machine Gun,3,2,1/2/3,Streak SRM 6,6,2,3/6/9,,,,,,,,,,,,,,,,,,,,,3x2,6x2,,,,,
Vehicle,Maxim Heavy Hover Transport (Fire Support),Maxim Heavy Hover Transport (Fire Support),,,,,,,,,,,,,,,,,,,,,,,,,,,,,,,,,,,,,,,,,,,,,3,LRM 15,1,5,7/14/21,Machine Gun,2,2,1/2/3,LRM 5,2,5,7/14/21,,,,,,,,,,,,,,,,,1x5,2x2,2x5,,,,
Vehicle,Maxim Heavy Hover Transport (SRM2),Maxim Heavy Hover Transport (SRM2),,,,,,,,,,,,,,,,,,,,,,,,,,,,,,,,,,,,,,,,,,,,,4,LRM 5,3,5,7/14/21,Machine Gun,3,2,1/2/3,SRM 2,2,2,3/6/9,SRM 6,4,2,3/6/9,,,,,,,,,,,,,3x5,3x2,2x2,4x2,,,
Vehicle,Maxim Heavy Hover Transport (SRM4),Maxim Heavy Hover Transport (SRM4),,,,,,,,,,,,,,,,,,,,,,,,,,,,,,,,,,,,,,,,,,,,,4,SRM 4,4,2,3/6/9,SRM 2,2,2,3/6/9,Machine Gun,3,2,1/2/3,SRM 6,4,2,3/6/9,,,,,,,,,,,,,4x2,2x2,3x2,4x2,,,
Vehicle,Maxim Mk II Transport (ECM),Maxim Mk II Transport (ECM),,,,,,,,,,,,,,,,,,,,,,,,,,,,X,,,,,,,,,,,,,,,,,1,Streak SRM 2,2,2,3/6/9,,,,,,,,,,,,,,,,,,,,,,,,,2x2,,,,,,
Vehicle,Maxim Mk II Transport (Infantry Support),Maxim Mk II Transport (Infantry Support),,,,,,,,,,,,,,,,,,,,,,,,,,,,,,,,,,,,,,,,,,,,,1,Machine Gun,2,2,1/2/3,,,,,,,,,,,,,,,,,,,,,,,,,2x2,,,,,,
Vehicle,Merkava Heavy Tank MK VI,Merkava Heavy Tank MK VI,,,,,,,,,,,,,,,,,,,,,,,,,,,,,,,,,,,,,,,,,,,,,3,LRM 10,1,5,7/14/21,SRM 4,2,2,3/6/9,Machine Gun,1,2,1/2/3,,,,,,,,,,,,,,,,,1x5,2x2,1x2,,,,
Vehicle,Merkava Heavy Tank Mk IX,Merkava Heavy Tank Mk IX,,,,,,,,,,,,,,,,,,,,,,,,,,,,,,,,,,,,,,,,,,,,,4,Machine Gun,2,2,1/2/3,LRM 15,1,5,7/14/21,Streak SRM 4,4,2,3/6/9,Light Gauss Rifle,1,8,8/17/25,,,,,,,,,,,,,2x2,1x5,4x2,1x8,,,
Vehicle,Merkava Heavy Tank Mk VII,Merkava Heavy Tank Mk VII,,,,,,,,,,,,,,,,,,,,,,,,,,,,,,,,,,,,,,,,,,,,,3,LRM 10,1,5,7/14/21,SRM 4,2,2,3/6/9,Machine Gun,1,2,1/2/3,,,,,,,,,,,,,,,,,1x5,2x2,1x2,,,,
Vehicle,Merkava Heavy Tank Mk VIII,Merkava Heavy Tank Mk VIII,,,,,,,,,,,,,,,,,,,,,,,,,,,,,,,,,,,,,,,,,,,,,3,Machine Gun,2,2,1/2/3,LRM 15,1,5,7/14/21,SRM 4,2,2,3/6/9,,,,,,,,,,,,,,,,,2x2,1x5,2x2,,,,
Vehicle,Minigun Cycle,Minigun Cycle,,,,,,,,,,,,,,,,,,,,,,,,,,,,,,,,,,,,,,,,,,,,,1,Machine Gun (Support),1,1,2/4/6,,,,,,,,,,,,,,,,,,,,,,,,,1x1,,,,,,
Vehicle,Minigun Cycle (SRM),Minigun Cycle (SRM),,,,,,,,,,,,,,,,,,,,,,,,,,,,,,,,,,,,,,,,,,,,,,,,,,,,,,,,,,,,,,,,,,,,,,,,,,,,,,,,
Vehicle,Minion Advanced Tactical Vehicle,Minion Advanced Tactical Vehicle,,,,,,,,,,,,,,,,,,,,,,,,,,,,,,,,,,,,,,,,,,,,,1,Medium Pulse Laser,2,6,2/4/6,,,,,,,,,,,,,,,,,,,,,,,,,2x6,,,,,,
Vehicle,Minion Advanced Tactical Vehicle (TAG),Minion Advanced Tactical Vehicle (TAG),,,,,,,,,,,,,,,,,,,,,,,,,,,,,,,,,,,,,,,,,,,,,1,Medium Pulse Laser,2,6,2/4/6,,,,,,,,,,,,,,,,,,,,,,,,,2x6,,,,,,
Vehicle,Minion Advanced Tactical Vehicle (Targeting Computer),Minion Advanced Tactical Vehicle (Targeting Computer),,,,,,,,,,,,,,,,,,,,,,,,,,,,,,,,,,,,,,,,,,,,,1,Medium Pulse Laser,2,6,2/4/6,,,,,,,,,,,,,,,,,,,,,,,,,2x6,,,,,,
Vehicle,Minion Advanced Tactical Vehicle Silver Bullet,Minion Advanced Tactical Vehicle Silver Bullet,,,,,,,,,,,,,,,,,,,,,,,,,,,X,,,,,,,,,,,,,,,,,,1,Medium Pulse Laser,1,6,2/4/6,,,,,,,,,,,,,,,,,,,,,,,,,1x6,,,,,,
Vehicle,Mithras Light Tank,Mithras Light Tank,,,,,,,,,,,,,,,,,,,,,,,,,,,,,,,,,,,,,,,,,,,,,1,Clan ER Medium Laser,2,7,5/10/15,,,,,,,,,,,,,,,,,,,,,,,,,2x7,,,,,,
Vehicle,Mithras Light Tank (ERLL),Mithras Light Tank (ERLL),,,,,,,,,,,,,,,,,,,,,,,,,,,,,,,,,,,,,,,,,,,,,1,Clan ER Large Laser,1,10,8/15/25,,,,,,,,,,,,,,,,,,,,,,,,,1x10,,,,,,
Vehicle,Mobile Headquarters,Mobile Headquarters,,,,,,,,,,,,,,,,,,,,,,,,,,,,,,,,,,,,,,,,,,,,,1,Medium Laser,1,5,3/6/9,,,,,,,,,,,,,,,,,,,,,,,,,1x5,,,,,,
Vehicle,Mobile Headquarters (ICE - LL),Mobile Headquarters (ICE - LL),,,,,,,,,,,,,,,,,,,,,,,,,,,,,,,,,,,,,,,,,,,,,1,Large Laser,1,8,5/10/15,,,,,,,,,,,,,,,,,,,,,,,,,1x8,,,,,,
Vehicle,Mobile Headquarters (ICE - LRM),Mobile Headquarters (ICE - LRM),,,,,,,,,,,,,,,,,,,,,,,,,,,,,,,,,,,,,,,,,,,,,1,LRM 10,1,5,7/14/21,,,,,,,,,,,,,,,,,,,,,,,,,1x5,,,,,,
Vehicle,Mobile Headquarters (ICE),Mobile Headquarters (ICE),,,,,,,,,,,,,,,,,,,,,,,,,,,,,,,,,,,,,,,,,,,,,1,Medium Laser,1,5,3/6/9,,,,,,,,,,,,,,,,,,,,,,,,,1x5,,,,,,
Vehicle,Mobile Headquarters (LL),Mobile Headquarters (LL),,,,,,,,,,,,,,,,,,,,,,,,,,,,,,,,,,,,,,,,,,,,,1,Large Laser,1,8,5/10/15,,,,,,,,,,,,,,,,,,,,,,,,,1x8,,,,,,
Vehicle,Mobile Headquarters (LRM),Mobile Headquarters (LRM),,,,,,,,,,,,,,,,,,,,,,,,,,,,,,,,,,,,,,,,,,,,,1,LRM 10,1,5,7/14/21,,,,,,,,,,,,,,,,,,,,,,,,,1x5,,,,,,
Vehicle,Mobile Long Tom Artillery (Unofficial),Mobile Long Tom Artillery (Unofficial),,,,,,,,,,,,,,,,,,,,,,,,,,,,,,,,,,,,,,,,,,,,,1,Machine Gun,4,2,1/2/3,,,,,,,,,,,,,,,,,,,,,,,,,4x2,,,,,,
Vehicle,Mobile Long Tom Artillery LT-MOB-25F,Mobile Long Tom Artillery LT-MOB-25F,,,,,,,,,,,,,,,,,,,,,,,,,,,,,,,,,,,,,,,,,,,,,1,Machine Gun,4,2,1/2/3,,,,,,,,,,,,,,,,,,,,,,,,,4x2,,,,,,
Vehicle,Mobile Long Tom Artillery LT-MOB-95,Mobile Long Tom Artillery LT-MOB-95,,,,,,,,,,,,,,,,,,,,,,,,,,,,X,,,,,,,,,,,,,,,,,1,Machine Gun,4,2,1/2/3,,,,,,,,,,,,,,,,,,,,,,,,,4x2,,,,,,
Vehicle,Mobile Long Tom LT-MOB-25,Mobile Long Tom LT-MOB-25,,,,,,,,,,,,,,,,,,,,,,,,,,,,,,,,,,,,,,,,,,,,,1,Machine Gun,4,2,1/2/3,,,,,,,,,,,,,,,,,,,,,,,,,4x2,,,,,,
Vehicle,Mobile Tactical Command HQ,Mobile Tactical Command HQ,,,,,,,,,,,,,,,,,,,,,,,,,,,,X,,,,,,,,,,,,,,,,,2,ER Small Laser,1,3,2/4/5,Machine Gun,2,2,1/2/3,,,,,,,,,,,,,,,,,,,,,1x3,2x2,,,,,
Vehicle,Moltke M1 MBT,Moltke M1 MBT,,,,,,,,,,,,,,,,,,,,,,,,,,,,,,,,,,,,,,,,,,,,,2,Light Gauss Rifle,2,8,8/17/25,ER Large Laser,1,8,7/14/19,,,,,,,,,,,,,,,,,,,,,2x8,1x8,,,,,
Vehicle,Moltke M2 MBT,Moltke M2 MBT,,,,,,,,,,,,,,,,,,,,,,,,,,,,,,,,,,,,,,,,,,,,,1,Snub-Nose PPC,1,10,9/13/15,,,,,,,,,,,,,,,,,,,,,,,,,1x10,,,,,,
Vehicle,Moltke M3 MBT,Moltke M3 MBT,,,,,,,,,,,,,,,,,,,,,,,,,,,,,,,,,,,,,,,,,,,,,3,LB 10-X AC (Slug),2,10,6/12/18,-- OR --,,,,LB 10-X AC (Pellet),12,1,6/12/18,Plasma Rifle,1,10,6/14/22,,,,,,,,,,,,,2x10,,12x1,1x10,,,
Vehicle,Monitor Naval Vessel,Monitor Naval Vessel,,,,,,,,,,,,,,,,,,,,,,,,,,,,,,,,,,,,,,,,,,,,,1,SRM 2,3,2,3/6/9,,,,,,,,,,,,,,,,,,,,,,,,,3x2,,,,,,
Vehicle,Monocycle,Monocycle,,,,,,,,,,,,,,,,,,,,,,,,,,,,,,,,,,,,,,,,,,,,,,,,,,,,,,,,,,,,,,,,,,,,,,,,,,,,,,,,
Vehicle,Moray Heavy Attack Submarine,Moray Heavy Attack Submarine,,,,,,,,,,,,,,,,,,,,,,,,,,,,,,,,,,,,,,,,,,,,,1,ER Medium Laser,2,5,4/8/12,,,,,,,,,,,,,,,,,,,,,,,,,2x5,,,,,,
Vehicle,Moray Heavy Attack Submarine (Original),Moray Heavy Attack Submarine (Original),,,,,,,,,,,,,,,,,,,,,,,,,,,,,,,,,,,,,,,,,,,,,1,Medium Laser,2,5,3/6/9,,,,,,,,,,,,,,,,,,,,,,,,,2x5,,,,,,
Vehicle,Morningstar City Command Vehicle,Morningstar City Command Vehicle,,,,,,,,,,,,,,,,,,,,,,,,,,,,,,,,,,,,,,,,,,,,,1,Machine Gun,3,2,1/2/3,,,,,,,,,,,,,,,,,,,,,,,,,3x2,,,,,,
Vehicle,Morningstar City Command Vehicle (Company Command),Morningstar City Command Vehicle (Company Command),,,,,,,,,,,,,,,,,,,,,,,,,,,,X,,,,,,,,,,,,,,,,,1,Machine Gun,3,2,1/2/3,,,,,,,,,,,,,,,,,,,,,,,,,3x2,,,,,,
Vehicle,Morningstar City Command Vehicle (Laser),Morningstar City Command Vehicle (Laser),,,,,,,,,,,,,,,,,,,,,,,,,,,,,,,,,,,,,,,,,,,,,1,Large Laser,1,8,5/10/15,,,,,,,,,,,,,,,,,,,,,,,,,1x8,,,,,,
Vehicle,Morrigu Fire Support Vehicle,Morrigu Fire Support Vehicle,,,,,,,,,,,,,,,,,,,,,,,,,,,,X,,,,,,,,,,,,,,,,,3,Clan ER Large Laser,2,10,8/15/25,Clan LRM 15,2,5,7/14/21,Clan SRM 2,2,2,3/6/9,,,,,,,,,,,,,,,,,2x10,2x5,2x2,,,,
Vehicle,Morrigu Fire Support Vehicle (HAG),Morrigu Fire Support Vehicle (HAG),,,,,,,,,,,,,,,,,,,,,,,,,,,,X,,,,,,,,,,,,,,,,,2,Clan SRM 2,2,2,3/6/9,Clan LRM 15,2,5,7/14/21,,,,,,,,,,,,,,,,,,,,,2x2,2x5,,,,,
Vehicle,Morrigu Fire Support Vehicle (Laser),Morrigu Fire Support Vehicle (Laser),,,,,,,,,,,,,,,,,,,,,,,,,,,,,,,,,,,,,,,,,,,,,1,Clan ER Large Laser,3,10,8/15/25,,,,,,,,,,,,,,,,,,,,,,,,,3x10,,,,,,
Vehicle,Musketeer Hover Tank,Musketeer Hover Tank,,,,,,,,,,,,,,,,,,,,,,,,,,,,,,,,,,,,,,,,,,,,,1,Streak SRM 2,4,2,3/6/9,,,,,,,,,,,,,,,,,,,,,,,,,4x2,,,,,,
Vehicle,Musketeer Hover Tank (3080 Upgrade),Musketeer Hover Tank (3080 Upgrade),,,,,,,,,,,,,,,,,,,,,,,,,,,,,,,,,,,,,,,,,,,,,,,,,,,,,,,,,,,,,,,,,,,,,,,,,,,,,,,,
Vehicle,Musketeer Hover Tank (Armor),Musketeer Hover Tank (Armor),,,,,,,,,,,,,,,,,,,,,,,,,,,,,,,,,,,,,,,,,,,,,1,Streak SRM 2,4,2,3/6/9,,,,,,,,,,,,,,,,,,,,,,,,,4x2,,,,,,
Vehicle,Myrmidon Medium Tank,Myrmidon Medium Tank,,,,,,,,,,,,,,,,,,,,,,,,,,,,,,,,,,,,,,,,,,,,,2,PPC,1,10,6/12/18,SRM 6,4,2,3/6/9,,,,,,,,,,,,,,,,,,,,,1x10,4x2,,,,,
Vehicle,Myrmidon Medium Tank (Anti-Infantry),Myrmidon Medium Tank (Anti-Infantry),,,,,,,,,,,,,,,,,,,,,,,,,,X,,,,,,,,,,,,,,,,,,,2,Light Machine Gun,6,1,2/4/6,ER Large Laser,1,8,7/14/19,,,,,,,,,,,,,,,,,,,,,6x1,1x8,,,,,
Vehicle,Myrmidon Medium Tank P (Tate),Myrmidon Medium Tank P (Tate),,,,,,,,,,,,,,,,,,,,,,,,,,X,,,,,,,,,,,,,,,,,,,2,Light Machine Gun,6,1,2/4/6,Snub-Nose PPC,1,10,9/13/15,,,,,,,,,,,,,,,,,,,,,6x1,1x10,,,,,
Vehicle,Myrmidon Medium Tank Type 2,Myrmidon Medium Tank Type 2,,,,,,,,,,,,,,,,,,,,,,,,,,,,,,,,,,,,,,,,,,,,,1,Plasma Rifle,1,10,6/14/22,,,,,,,,,,,,,,,,,,,,,,,,,1x10,,,,,,
Vehicle,Narukami Heavy Tank NK-1C,Narukami Heavy Tank NK-1C,,,,,,,,,,,,,,,,,,,,,,,,,,,X,,,,,,,,,,,,,,,,,,2,PPC,2,10,6/12/18,Gauss Rifle,1,15,7/15/22,,,,,,,,,,,,,,,,,,,,,2x10,1x15,,,,,
Vehicle,Narukami Heavy Tank NK-BC3,Narukami Heavy Tank NK-BC3,,,,,,,,,,,,,,,,,,,,,,,,,,,X,,,,,,,,,,,,,,,,,,2,Gauss Rifle,2,15,7/15/22,Light PPC,1,5,6/12/18,,,,,,,,,,,,,,,,,,,,,2x15,1x5,,,,,
Vehicle,Neptune Submarine,Neptune Submarine,,,,,,,,,,,,,,,,,,,,,,,,,,,,,,,,,,,,,,,,,,,,,1,Large Laser,1,8,5/10/15,,,,,,,,,,,,,,,,,,,,,,,,,1x8,,,,,,
Vehicle,Nightshade ECM VTOL,Nightshade ECM VTOL,,,,,,,,,,,,,,,,,,,,,,,,,,,,X,,,,,,,,,,,,,,,,,1,Medium Laser,1,5,3/6/9,,,,,,,,,,,,,,,,,,,,,,,,,1x5,,,,,,
Vehicle,Nightshade ECM VTOL (Armor),Nightshade ECM VTOL (Armor),,,,,,,,,,,,,,,,,,,,,,,,,,,,,,,,,,,,,,,,,,,,,1,Medium Laser,1,5,3/6/9,,,,,,,,,,,,,,,,,,,,,,,,,1x5,,,,,,
Vehicle,Nightshade ECM VTOL (LAC),Nightshade ECM VTOL (LAC),,,,,,,,,,,,,,,,,,,,,,,,,,,,,,,,,,,,,,,,,,,,,1,Light AC/2,1,2,6/12/18,,,,,,,,,,,,,,,,,,,,,,,,,1x2,,,,,,
Vehicle,Nightshade ECM VTOL (Light PPC),Nightshade ECM VTOL (Light PPC),,,,,,,,,,,,,,,,,,,,,,,,,,,,X,,,,,,,,,,,,,,,,,1,Light PPC,1,5,6/12/18,,,,,,,,,,,,,,,,,,,,,,,,,1x5,,,,,,
Vehicle,Nightshade ECM VTOL (Royal),Nightshade ECM VTOL (Royal),,,,,,,,,,,,,,,,,,,,,,,,,,,,X,,,,,,,,,,,,,,,,,1,Large Pulse Laser,1,9,3/7/10,,,,,,,,,,,,,,,,,,,,,,,,,1x9,,,,,,
Vehicle,Nike Tank,Nike Tank,,,,,,,,,,,,,,,,,,,,,,,,,,,,,,,,,,,,,,,,,,,,,3,Light AC/2,2,2,6/12/18,LB 5-X AC (Slug),2,5,7/14/21,-- OR --,,,,LB 5-X AC (Pellet),6,1,7/14/21,,,,,,,,,,,,,2x2,2x5,,6x1,,,
Vehicle,Nisos Attack WIGE,Nisos Attack WIGE,,,,,,,,,,,,,,,,,,,,,,,,,,,,,,,,,,,,,,,,,,,,,2,Plasma Rifle,1,10,6/14/22,SRM 6,4,2,3/6/9,,,,,,,,,,,,,,,,,,,,,1x10,4x2,,,,,
Vehicle,Nisos Attack WIGE (Support),Nisos Attack WIGE (Support),,,,,,,,,,,,,,,,,,,,,,,,,,,,,,,,,,,,,,,,,,,,,2,ER Medium Laser,2,5,4/8/12,Extended LRM 10,1,5,12/22/38,,,,,,,,,,,,,,,,,,,,,2x5,1x5,,,,,
Vehicle,Odin Scout Tank,Odin Scout Tank,,,,,,,,,,,,,,,,,,,,,,,,,,,,,,X,,,,,,,,,,,,,,,3,Clan ER Small Laser,1,5,2/4/6,Clan Medium Pulse Laser,2,7,4/8/12,Clan Streak SRM 2,2,2,4/8/12,,,,,,,,,,,,,,,,,1x5,2x7,2x2,,,,
Vehicle,Odin Scout Tank (Spotter),Odin Scout Tank (Spotter),,,,,,,,,,,,,,,,,,,,,,,,,,,,X,,X,,,,,,,,,,,,,,,,,,,,,,,,,,,,,,,,,,,,,,,,,,,,,,,,,,
Vehicle,Ontos Heavy Tank,Ontos Heavy Tank,,,,,,,,,,,,,,,,,,,,,,,,,,,,,,,,,,,,,,,,,,,,,2,LRM 5,2,5,7/14/21,Medium Laser,8,5,3/6/9,,,,,,,,,,,,,,,,,,,,,2x5,8x5,,,,,
Vehicle,Ontos Heavy Tank (3053 Upgrade),Ontos Heavy Tank (3053 Upgrade),,,,,,,,,,,,,,,,,,,,,,,,,,,,,,,,,,,,,,,,,,,,,5,Medium Laser,4,5,3/6/9,Medium Pulse Laser,3,6,2/4/6,LRM 15,3,5,7/14/21,SRM 4,4,2,3/6/9,SRM 6,6,2,3/6/9,,,,,,,,,4x5,3x6,3x5,4x2,6x2,,
Vehicle,Ontos Heavy Tank (Chemical Laser),Ontos Heavy Tank (Chemical Laser),,,,,,,,,,,,,,,,,,,,,,,,,,,,,,,,,,,,,,,,,,,,,1,LRM 5,2,5,7/14/21,,,,,,,,,,,,,,,,,,,,,,,,,2x5,,,,,,
Vehicle,Ontos Heavy Tank (Fusion),Ontos Heavy Tank (Fusion),,,,,,,,,,,,,,,,,,,,,,,,,,,,,,,,,,,,,,,,,,,,,2,Medium Laser,10,5,3/6/9,LRM 10,2,5,7/14/21,,,,,,,,,,,,,,,,,,,,,10x5,2x5,,,,,
Vehicle,Ontos Heavy Tank (LRM),Ontos Heavy Tank (LRM),,,,,,,,,,,,,,,,,,,,,,,,,,,,,,,,,,,,,,,,,,,,,2,LRM 20,4,5,7/14/21,LRM 10,2,5,7/14/21,,,,,,,,,,,,,,,,,,,,,4x5,2x5,,,,,
Vehicle,Ontos Heavy Tank (Light Gauss),Ontos Heavy Tank (Light Gauss),,,,,,,,,,,,,,,,,,,,,,,,,,,,,,,,,,,,,,,,,,,,,2,Light Gauss Rifle,3,8,8/17/25,ER Medium Laser,2,5,4/8/12,,,,,,,,,,,,,,,,,,,,,3x8,2x5,,,,,
Vehicle,Ontos Heavy Tank (MML),Ontos Heavy Tank (MML),,,,,,,,,,,,,,,,,,,,,,,,,,,,,,,,,,,,,,,,,,,,,2,Light Gauss Rifle,2,8,8/17/25,ER Medium Laser,2,5,4/8/12,,,,,,,,,,,,,,,,,,,,,2x8,2x5,,,,,
Vehicle,Ontos Heavy Tank (Sealed),Ontos Heavy Tank (Sealed),,,,,,,,,,,,,,,,,,,,,,,,,,,,,,,,,,,,,,,,,,,,,2,Medium Laser,4,5,3/6/9,ER Medium Laser,2,5,4/8/12,,,,,,,,,,,,,,,,,,,,,4x5,2x5,,,,,
Vehicle,Ontos Heavy Tank Heat,Ontos Heavy Tank Heat,,,,,,,,,,,,,,,,,,,,,,,,,,,,,,,,,,,,,,,,,,,,,3,ER Large Laser,1,8,7/14/19,Medium Laser,3,5,3/6/9,Enhanced LRM 15,1,5,7/14/21,,,,,,,,,,,,,,,,,1x8,3x5,1x5,,,,
Vehicle,Ontos Heavy Tank X,Ontos Heavy Tank X,,,,,,,,,,,,,,,,,,,,,,,,,,,,,,,,,,,,,,,,,,,,,2,Medium Laser,8,5,3/6/9,Enhanced LRM 15,1,5,7/14/21,,,,,,,,,,,,,,,,,,,,,8x5,1x5,,,,,
Vehicle,Onuris Attack VTOL A,Onuris Attack VTOL A,,,,,,,,,,,,,,,,,,,,,,,,,,,,,,,,,,,,,,,,,,,,,1,Clan ER PPC,1,15,7/14/23,,,,,,,,,,,,,,,,,,,,,,,,,1x15,,,,,,
Vehicle,Onuris Attack VTOL B,Onuris Attack VTOL B,,,,,,,,,,,,,,,,,,,,,,,,,,,,,,,,,,,,,,,,,,,,,1,Clan LRM 20,4,5,7/14/21,,,,,,,,,,,,,,,,,,,,,,,,,4x5,,,,,,
Vehicle,Onuris Attack VTOL C,Onuris Attack VTOL C,,,,,,,,,,,,,,,,,,,,,,,,,,,,,,,,,,,,,,,,,,,,,2,Clan LB 20-X AC (Slug),1,20,4/8/12,-- OR --,,,,Clan LB 20-X AC (Pellet),12,1,4/8/12,,,,,,,,,,,,,,,,,1x20,,12x1,,,,
Vehicle,Onuris Attack VTOL D,Onuris Attack VTOL D,,,,,,,,,,,,,,,,,,,,,,,,,,,,,,,,,,,,,,,,,,,,,,,,,,,,,,,,,,,,,,,,,,,,,,,,,,,,,,,,
Vehicle,Onuris Attack VTOL E,Onuris Attack VTOL E,,,,,,,,,,,,,,,,,,,,,,,,,,,,,,,,,,,,,,,,,,,,,1,Clan Large Pulse Laser,1,10,6/14/20,,,,,,,,,,,,,,,,,,,,,,,,,1x10,,,,,,
Vehicle,Onuris Attack VTOL Prime,Onuris Attack VTOL Prime,,,,,,,,,,,,,,,,,,,,,,,,,,,,,,,,,,,,,,,,,,,,,1,Clan SRM 6,16,2,3/6/9,,,,,,,,,,,,,,,,,,,,,,,,,16x2,,,,,,
Vehicle,Oro Heavy Tank,Oro Heavy Tank,,,,,,,,,,,,,,,,,,,,,,,,,,,,,,,,,,,,,,,,,,,,,4,Clan ER Medium Laser,1,7,5/10/15,Clan Large Pulse Laser,1,10,6/14/20,Clan LB 20-X AC (Slug),1,20,4/8/12,-- OR --,,,,Clan LB 20-X AC (Pellet),12,1,4/8/12,,,,,,,,,1x7,1x10,1x20,,12x1,,
Vehicle,Oro Heavy Tank (HAG),Oro Heavy Tank (HAG),,,,,,,,,,,,,,,,,,,,,,,,,,,,,,,,,,,,,,,,,,,,,1,Clan Large Pulse Laser,1,10,6/14/20,,,,,,,,,,,,,,,,,,,,,,,,,1x10,,,,,,
Vehicle,Outrider,Outrider,,,,,,,,,,,,,,,,,,,,,,,,,,X,,,,,,,,,,,,,,,,,,,1,Machine Gun (Support),1,1,2/4/6,,,,,,,,,,,,,,,,,,,,,,,,,1x1,,,,,,
Vehicle,Packrat LRPV PKR-T5,Packrat LRPV PKR-T5,,,,,,,,,,,,,,,,,,,,,,,,,,,,,,,,,,,,,,,,,,,,,2,SRM 6,4,2,3/6/9,Flamer,1,2,1/2/3,,,,,,,,,,,,,,,,,,,,,4x2,1x2,,,,,
Vehicle,Packrat LRPV PKR-T5 (ICE),Packrat LRPV PKR-T5 (ICE),,,,,,,,,,,,,,,,,,,,,,,,,,,,,,,,,,,,,,,,,,,,,1,SRM 6,4,2,3/6/9,,,,,,,,,,,,,,,,,,,,,,,,,4x2,,,,,,
Vehicle,Packrat LRPV PKR-T5 (ML),Packrat LRPV PKR-T5 (ML),,,,,,,,,,,,,,,,,,,,,,,,,,,,,,,,,,,,,,,,,,,,,2,Medium Laser,2,5,3/6/9,SRM 6,4,2,3/6/9,,,,,,,,,,,,,,,,,,,,,2x5,4x2,,,,,
Vehicle,Packrat LRPV PKR-T5 (SRM2),Packrat LRPV PKR-T5 (SRM2),,,,,,,,,,,,,,,,,,,,,,,,,,,,,,,,,,,,,,,,,,,,,2,SRM 2,1,2,3/6/9,Flamer,1,2,1/2/3,,,,,,,,,,,,,,,,,,,,,1x2,1x2,,,,,
Vehicle,Padilla Anti-Missile Tank,Padilla Anti-Missile Tank,,,,,,,,,,,,,,,,,,,,,,,,,,,,X,,,,,,,X,,,,,,,,,,1,Gauss Rifle,1,15,7/15/22,,,,,,,,,,,,,,,,,,,,,,,,,1x15,,,,,,
Vehicle,Padilla Heavy Artillery Tank,Padilla Heavy Artillery Tank,,,,,,,,,,,,,,,,,,,,,,,,,,,X,,,,,,,,,,,,,,,,,,1,Medium Pulse Laser,2,6,2/4/6,,,,,,,,,,,,,,,,,,,,,,,,,2x6,,,,,,
Vehicle,Padilla Heavy Artillery Tank (LRM),Padilla Heavy Artillery Tank (LRM),,,,,,,,,,,,,,,,,,,,,,,,,,,X,,,,,,,,,,,,,,,,,,1,LRM 20,4,5,7/14/21,,,,,,,,,,,,,,,,,,,,,,,,,4x5,,,,,,
Vehicle,Padilla Tube Artillery Tank,Padilla Tube Artillery Tank,,,,,,,,,,,,,,,,,,,,,,,,,,,,,,,,,,X,,,,,,,,,,,2,Small Pulse Laser,2,3,1/2/3,LRM 5,2,5,7/14/21,,,,,,,,,,,,,,,,,,,,,2x3,2x5,,,,,
Vehicle,Padilla Tube Artillery Tank (AMS),Padilla Tube Artillery Tank (AMS),,,,,,,,,,,,,,,,,,,,,,,,,,,X,X,,,,,,,,,,,,,,,,,1,SRM 6,8,2,3/6/9,,,,,,,,,,,,,,,,,,,,,,,,,8x2,,,,,,
Vehicle,Padilla Tube Artillery Tank (LTC),Padilla Tube Artillery Tank (LTC),,,,,,,,,,,,,,,,,,,,,,,,,,,,X,,,,,,,,,,,,,,,,,2,Small Pulse Laser,2,3,1/2/3,LRM 5,1,5,7/14/21,,,,,,,,,,,,,,,,,,,,,2x3,1x5,,,,,
Vehicle,Padilla Tube Artillery Tank (Thumper),Padilla Tube Artillery Tank (Thumper),,,,,,,,,,,,,,,,,,,,,,,,,,,,X,,,,,,X,,,,,,,,,,,1,Medium Pulse Laser,2,6,2/4/6,,,,,,,,,,,,,,,,,,,,,,,,,2x6,,,,,,
Vehicle,Paladin Defense System,Paladin Defense System,,,,,,,,,,,,,,,,,,,,,,,,,,,,,,,,,,,,,,,,,,,,,1,ER Medium Laser,2,5,4/8/12,,,,,,,,,,,,,,,,,,,,,,,,,2x5,,,,,,
Vehicle,Palmoni Assault Infantry Fighting Vehicle,Palmoni Assault Infantry Fighting Vehicle,,,,,,,,,,,,,,,,,,,,,,,,,,,,,,,,,,,,,,,,,,,,,1,ER Medium Laser,1,5,4/8/12,,,,,,,,,,,,,,,,,,,,,,,,,1x5,,,,,,
Vehicle,Pandion Combat WiGE,Pandion Combat WiGE,,,,,,,,,,,,,,,,,,,,,,,,,,,,,,X,,,,,,,,,,,,,,,2,ER Medium Laser,2,5,4/8/12,Streak SRM 4,4,2,3/6/9,,,,,,,,,,,,,,,,,,,,,2x5,4x2,,,,,
Vehicle,Pandion Combat WiGE (3135 Upgrade),Pandion Combat WiGE (3135 Upgrade),,,,,,,,,,,,,,,,,,,,,,,,,,,,,,,,,,,,,,,,,,,,,2,ER Medium Laser,2,5,4/8/12,SRM 4,2,2,3/6/9,,,,,,,,,,,,,,,,,,,,,2x5,2x2,,,,,
Vehicle,Pandion Combat WiGE (3140 Upgrade),Pandion Combat WiGE (3140 Upgrade),,,,,,,,,,,,,,,,,,,,,,,,,,,,,,,,,,,,,,,,,,,,,1,Medium Re-engineered Laser,2,6,3/6/9,,,,,,,,,,,,,,,,,,,,,,,,,2x6,,,,,,
Vehicle,Pandion Combat WiGE (C3),Pandion Combat WiGE (C3),,,,,,,,,,,,,,,,,,,,,,,,,,,,,,X,,,,,,,,,,,,,,,1,Streak SRM 4,4,2,3/6/9,,,,,,,,,,,,,,,,,,,,,,,,,4x2,,,,,,
Vehicle,Pandion Combat WiGE (Infantry),Pandion Combat WiGE (Infantry),,,,,,,,,,,,,,,,,,,,,,,,,,,,,,X,,,,,,,,,,,,,,,1,ER Medium Laser,2,5,4/8/12,,,,,,,,,,,,,,,,,,,,,,,,,2x5,,,,,,
Vehicle,Paramour Mobile Repair Vehicle,Paramour Mobile Repair Vehicle,,,,,,,,,,,,,,,,,,,,,,,,,,,,,,,,,,,,,,,,,,,,,1,Machine Gun,1,2,1/2/3,,,,,,,,,,,,,,,,,,,,,,,,,1x2,,,,,,
Vehicle,Paramour Mobile Repair Vehicle (MFB),Paramour Mobile Repair Vehicle (MFB),,,,,,,,,,,,,,,,,,,,,,,,,,,,,,,,,,,,,,,,,,,,,1,Machine Gun,1,2,1/2/3,,,,,,,,,,,,,,,,,,,,,,,,,1x2,,,,,,
Vehicle,Partisan AA Vehicle,Partisan AA Vehicle,,,,,,,,,,,,,,,,,,,,,,,,,,,,,,,,,,,,,,,,,,,,,2,LB 5-X AC (Slug),2,5,7/14/21,-- OR --,,,,LB 5-X AC (Pellet),6,1,7/14/21,,,,,,,,,,,,,,,,,2x5,,6x1,,,,
Vehicle,Partisan AA Vehicle (3134 Upgrade),Partisan AA Vehicle (3134 Upgrade),,,,,,,,,,,,,,,,,,,,,,,,,,,,,,,,,,,,,,,,,,,,,,,,,,,,,,,,,,,,,,,,,,,,,,,,,,,,,,,,
Vehicle,Partisan Air Defense Tank,Partisan Air Defense Tank,,,,,,,,,,,,,,,,,,,,,,,,,,,,,,,,,,,,,,,,,,,,,2,LB 10-X AC (Slug),2,10,6/12/18,-- OR --,,,,LB 10-X AC (Pellet),12,1,6/12/18,,,,,,,,,,,,,,,,,2x10,,12x1,,,,
Vehicle,Partisan Air Defense Tank (Cell),Partisan Air Defense Tank (Cell),,,,,,,,,,,,,,,,,,,,,,,,,,,X,,,,,,,,,,,,,,,,,,3,Machine Gun,2,2,1/2/3,LB 10-X AC (Slug),2,10,6/12/18,-- OR --,,,,LB 10-X AC (Pellet),12,1,6/12/18,,,,,,,,,,,,,2x2,2x10,,12x1,,,
Vehicle,Partisan Air Defense Tank (Company Command),Partisan Air Defense Tank (Company Command),,,,,,,,,,,,,,,,,,,,,,,,,,,,,,,,,,,,,,,,,,,,,2,LB 10-X AC (Slug),2,10,6/12/18,-- OR --,,,,LB 10-X AC (Pellet),12,1,6/12/18,,,,,,,,,,,,,,,,,2x10,,12x1,,,,
Vehicle,Partisan Air Defense Tank (LRM),Partisan Air Defense Tank (LRM),,,,,,,,,,,,,,,,,,,,,,,,,,,X,,,,,,,,,,,,,,,,,,2,Machine Gun,2,2,1/2/3,LRM 15,12,5,7/14/21,,,,,,,,,,,,,,,,,,,,,2x2,12x5,,,,,
Vehicle,Partisan Air Defense Tank (Lance Command),Partisan Air Defense Tank (Lance Command),,,,,,,,,,,,,,,,,,,,,,,,,,,,,,,,,,,,,,,,,,,,,,,,,,,,,,,,,,,,,,,,,,,,,,,,,,,,,,,,
Vehicle,Partisan Air Defense Tank (Quad RAC),Partisan Air Defense Tank (Quad RAC),,,,,,,,,,,,,,,,,,,,,,,,,,,,,,,,,,,,,,,,,,,,,,,,,,,,,,,,,,,,,,,,,,,,,,,,,,,,,,,,
Vehicle,Partisan Air Defense Tank (RAC),Partisan Air Defense Tank (RAC),,,,,,,,,,,,,,,,,,,,,,,,,,,,,,,,,,,,,,,,,,,,,2,LB 2-X AC (Slug),2,2,9/18/27,-- OR --,,,,LB 2-X AC (Pellet),2,1,9/18/27,,,,,,,,,,,,,,,,,2x2,,2x1,,,,
Vehicle,Partisan Air Defense Tank (XL),Partisan Air Defense Tank (XL),,,,,,,,,,,,,,,,,,,,,,,,,,,,,,,,,,,,,,,,,,,,,2,LB 10-X AC (Slug),2,10,6/12/18,-- OR --,,,,LB 10-X AC (Pellet),12,1,6/12/18,,,,,,,,,,,,,,,,,2x10,,12x1,,,,
Vehicle,Partisan Heavy Tank,Partisan Heavy Tank,,,,,,,,,,,,,,,,,,,,,,,,,,,,,,,,,,,,,,,,,,,,,1,Machine Gun,2,2,1/2/3,,,,,,,,,,,,,,,,,,,,,,,,,2x2,,,,,,
Vehicle,Partisan Heavy Tank (AC2),Partisan Heavy Tank (AC2),,,,,,,,,,,,,,,,,,,,,,,,,,,,,,,,,,,,,,,,,,,,,1,Machine Gun,2,2,1/2/3,,,,,,,,,,,,,,,,,,,,,,,,,2x2,,,,,,
Vehicle,Partisan Heavy Tank (Cell),Partisan Heavy Tank (Cell),,,,,,,,,,,,,,,,,,,,,,,,,,,,,,,,,,,,,,,,,,,,,1,Machine Gun,2,2,1/2/3,,,,,,,,,,,,,,,,,,,,,,,,,2x2,,,,,,
Vehicle,Partisan Heavy Tank (ELRM),Partisan Heavy Tank (ELRM),,,,,,,,,,,,,,,,,,,,,,,,,,,,,,,,,,,,,,,,,,,,,2,Machine Gun,2,2,1/2/3,Extended LRM 10,4,5,12/22/38,,,,,,,,,,,,,,,,,,,,,2x2,4x5,,,,,
Vehicle,Partisan Heavy Tank (LRM),Partisan Heavy Tank (LRM),,,,,,,,,,,,,,,,,,,,,,,,,,,,,,,,,,,,,,,,,,,,,2,Machine Gun,2,2,1/2/3,LRM 15,4,5,7/14/21,,,,,,,,,,,,,,,,,,,,,2x2,4x5,,,,,
Vehicle,Partisan Heavy Tank (Light Gauss),Partisan Heavy Tank (Light Gauss),,,,,,,,,,,,,,,,,,,,,,,,,,,,,,,,,,,,,,,,,,,,,1,Light Gauss Rifle,4,8,8/17/25,,,,,,,,,,,,,,,,,,,,,,,,,4x8,,,,,,
Vehicle,Partisan Heavy Tank (Refit),Partisan Heavy Tank (Refit),,,,,,,,,,,,,,,,,,,,,,,,,,,,,,,,,,,,,,,,,,,,,3,Machine Gun,2,2,1/2/3,LB 10-X AC (Slug),2,10,6/12/18,-- OR --,,,,LB 10-X AC (Pellet),12,1,6/12/18,,,,,,,,,,,,,2x2,2x10,,12x1,,,
Vehicle,Partisan Hull Defense,Partisan Hull Defense,,,,,,,,,,,,,,,,,,,,,,,,,,,,,,,,,,,,,,,,,,,,,,,,,,,,,,,,,,,,,,,,,,,,,,,,,,,,,,,,
Vehicle,Patton Tank,Patton Tank,,,,,,,,,,,,,,,,,,,,,,,,,,,,,,,,,,,,,,,,,,,,,3,Small Laser,1,3,1/2/3,Flamer,1,2,1/2/3,LRM 5,1,5,7/14/21,,,,,,,,,,,,,,,,,1x3,1x2,1x5,,,,
Vehicle,Patton Tank (Taurian),Patton Tank (Taurian),,,,,,,,,,,,,,,,,,,,,,,,,,,,,,,,,,,,,,,,,,,,,5,ER Medium Laser,1,5,4/8/12,Flamer,1,2,1/2/3,LB 10-X AC (Slug),1,10,6/12/18,-- OR --,,,,LB 10-X AC (Pellet),6,1,6/12/18,LRM 5,1,5,7/14/21,,,,,1x5,1x2,1x10,,6x1,1x5,
Vehicle,Patton Tank (Ultra),Patton Tank (Ultra),,,,,,,,,,,,,,,,,,,,,,,,,,,,,,,,,,,,,,,,,,,,,2,Medium Laser,2,5,3/6/9,Machine Gun,3,2,1/2/3,,,,,,,,,,,,,,,,,,,,,2x5,3x2,,,,,
Vehicle,Patton Tank (XL),Patton Tank (XL),,,,,,,,,,,,,,,,,,,,,,,,,,,,,,,,,,,,,,,,,,,,,1,Flamer,1,2,1/2/3,,,,,,,,,,,,,,,,,,,,,,,,,1x2,,,,,,
Vehicle,Patton Tank SB,Patton Tank SB,,,,,,,,,,,,,,,,,,,,,,,,,,,,,,,,,,,,,,,,,,,,,2,LRM 5,1,5,7/14/21,ER Medium Laser,2,5,4/8/12,,,,,,,,,,,,,,,,,,,,,1x5,2x5,,,,,
Vehicle,Peacekeeper SWAT Carrier,Peacekeeper SWAT Carrier,,,,,,,,,,,,,,,,,,,,,,,,,,,,,,,,,,,,,,,,,,,,,2,Machine Gun,2,2,1/2/3,SRM 6,4,2,3/6/9,,,,,,,,,,,,,,,,,,,,,2x2,4x2,,,,,
Vehicle,Pegasus Scout Hover Tank,Pegasus Scout Hover Tank,,,,,,,,,,,,,,,,,,,,,,,,,,,,,,,,,,,,,,,,,,,,,2,Medium Laser,1,5,3/6/9,SRM 6,8,2,3/6/9,,,,,,,,,,,,,,,,,,,,,1x5,8x2,,,,,
Vehicle,Pegasus Scout Hover Tank (3058 Upgrade),Pegasus Scout Hover Tank (3058 Upgrade),,,,,,,,,,,,,,,,,,,,,,,,,,,,X,,X,,,,,,,,,,,,,,,2,SRM 6,8,2,3/6/9,Medium Pulse Laser,1,6,2/4/6,,,,,,,,,,,,,,,,,,,,,8x2,1x6,,,,,
Vehicle,Pegasus Scout Hover Tank (C3),Pegasus Scout Hover Tank (C3),,,,,,,,,,,,,,,,,,,,,,,,,,,,,,,,,,,,,,,,,,,,,2,Medium Pulse Laser,2,6,2/4/6,Streak SRM 4,8,2,3/6/9,,,,,,,,,,,,,,,,,,,,,2x6,8x2,,,,,
Vehicle,Pegasus Scout Hover Tank (MRM),Pegasus Scout Hover Tank (MRM),,,,,,,,,,,,,,,,,,,,,,,,,,,,X,,,,,,,,,,,,,,,,,2,MRM 20,2,5,3/8/15,ER Medium Laser,1,5,4/8/12,,,,,,,,,,,,,,,,,,,,,2x5,1x5,,,,,
Vehicle,Pegasus Scout Hover Tank (Missile),Pegasus Scout Hover Tank (Missile),,,,,,,,,,,,,,,,,,,,,,,,,,,,,,,,,,,,,,,,,,,,,1,SRM 6,12,2,3/6/9,,,,,,,,,,,,,,,,,,,,,,,,,12x2,,,,,,
Vehicle,Pegasus Scout Hover Tank (Sealed),Pegasus Scout Hover Tank (Sealed),,,,,,,,,,,,,,,,,,,,,,,,,,,,X,,X,,,,,,,,,,,,,,,1,Medium Pulse Laser,1,6,2/4/6,,,,,,,,,,,,,,,,,,,,,,,,,1x6,,,,,,
Vehicle,Pegasus Scout Hover Tank (Sensors),Pegasus Scout Hover Tank (Sensors),,,,,,,,,,,,,,,,,,,,,,,,,,,,,,,,,,,,,,,,,,,,,2,Medium Laser,1,5,3/6/9,SRM 4,4,2,3/6/9,,,,,,,,,,,,,,,,,,,,,1x5,4x2,,,,,
Vehicle,Pegasus Scout Hover Tank (Upgrade),Pegasus Scout Hover Tank (Upgrade),,,,,,,,,,,,,,,,,,,,,,,,,,,,,,X,,,,,,,,,,,,,,,,,,,,,,,,,,,,,,,,,,,,,,,,,,,,,,,,,,
Vehicle,Pegasus Scout Hover Tank X,Pegasus Scout Hover Tank X,,,,,,,,,,,,,,,,,,,,,,,,,,,,,,,,,,,,,,,,,,,,,1,Streak SRM 6,6,2,3/6/9,,,,,,,,,,,,,,,,,,,,,,,,,6x2,,,,,,
Vehicle,Pegasus Scout Hover Tank X-Pulse,Pegasus Scout Hover Tank X-Pulse,,,,,,,,,,,,,,,,,,,,,,,,,,,,,,,,,,,,,,,,,,,,,1,Streak SRM 6,6,2,3/6/9,,,,,,,,,,,,,,,,,,,,,,,,,6x2,,,,,,
Vehicle,Peregrine Attack VTOL,Peregrine Attack VTOL,,,,,,,,,,,,,,,,,,,,,,,,,,,,,,,,,,,,,,,,,,,,,2,Machine Gun,2,2,1/2/3,SRM 4,4,2,3/6/9,,,,,,,,,,,,,,,,,,,,,2x2,4x2,,,,,
Vehicle,Peregrine Attack VTOL (Kurita),Peregrine Attack VTOL (Kurita),,,,,,,,,,,,,,,,,,,,,,,,,,,,,,,,,,,,,,,,,,,,,2,Medium Laser,2,5,3/6/9,SRM 4,4,2,3/6/9,,,,,,,,,,,,,,,,,,,,,2x5,4x2,,,,,
Vehicle,Phalanx Support Tank (Production),Phalanx Support Tank (Production),,,,,,,,,,,,,,,,,,,,,,,,,,,,,,,,,,,,,,,,,,,,,1,Machine Gun,1,2,1/2/3,,,,,,,,,,,,,,,,,,,,,,,,,1x2,,,,,,
Vehicle,Phalanx Support Tank(Prototype),Phalanx Support Tank(Prototype),,,,,,,,,,,,,,,,,,,,,,,,,,,,,,,,,,,,,,,,,,,,,1,Machine Gun,1,2,1/2/3,,,,,,,,,,,,,,,,,,,,,,,,,1x2,,,,,,
Vehicle,Pike Support Vehicle,Pike Support Vehicle,,,,,,,,,,,,,,,,,,,,,,,,,,,,,,,,,,,,,,,,,,,,,1,SRM 2,2,2,3/6/9,,,,,,,,,,,,,,,,,,,,,,,,,2x2,,,,,,
Vehicle,Pike Support Vehicle (AC5),Pike Support Vehicle (AC5),,,,,,,,,,,,,,,,,,,,,,,,,,,,,,,,,,,,,,,,,,,,,1,SRM 2,2,2,3/6/9,,,,,,,,,,,,,,,,,,,,,,,,,2x2,,,,,,
Vehicle,Pike Support Vehicle (Clan),Pike Support Vehicle (Clan),,,,,,,,,,,,,,,,,,,,,,,,,,,,,,,,,,,,,,,,,,,,,1,Clan ER Small Laser,1,5,2/4/6,,,,,,,,,,,,,,,,,,,,,,,,,1x5,,,,,,
Vehicle,Pike Support Vehicle (LB-X),Pike Support Vehicle (LB-X),,,,,,,,,,,,,,,,,,,,,,,,,,,,,,,,,,,,,,,,,,,,,3,SRM 2,2,2,3/6/9,LB 5-X AC (Slug),3,5,7/14/21,-- OR --,,,,LB 5-X AC (Pellet),9,1,7/14/21,,,,,,,,,,,,,2x2,3x5,,9x1,,,
Vehicle,Pike Support Vehicle (Missile),Pike Support Vehicle (Missile),,,,,,,,,,,,,,,,,,,,,,,,,,,,,,,,,,,,,,,,,,,,,2,SRM 2,2,2,3/6/9,LRM 20,4,5,7/14/21,,,,,,,,,,,,,,,,,,,,,2x2,4x5,,,,,
Vehicle,Pike Support Vehicle (Plasma),Pike Support Vehicle (Plasma),,,,,,,,,,,,,,,,,,,,,,,,,,,,,,,,,,,,,,,,,,,,,1,Clan Streak SRM 2,4,2,4/8/12,,,,,,,,,,,,,,,,,,,,,,,,,4x2,,,,,,
Vehicle,Pike Support Vehicle (RAC) 'Assault Pike',Pike Support Vehicle (RAC) 'Assault Pike',,,,,,,,,,,,,,,,,,,,,,,,,,,,,,,,,,,,,,,,,,,,,1,Small Laser,1,3,1/2/3,,,,,,,,,,,,,,,,,,,,,,,,,1x3,,,,,,
Vehicle,Pilum Heavy Tank,Pilum Heavy Tank,,,,,,,,,,,,,,,,,,,,,,,,,,,,,,,,,,,,,,,,,,,,,3,LRM 15,6,5,7/14/21,Streak SRM 2,4,2,3/6/9,Medium Pulse Laser,2,6,2/4/6,,,,,,,,,,,,,,,,,6x5,4x2,2x6,,,,
Vehicle,Pilum Heavy Tank (Arrow IV),Pilum Heavy Tank (Arrow IV),,,,,,,,,,,,,,,,,,,,,,,,,,,,,,,,,,,,,,,,,,,,,2,Streak SRM 2,4,2,3/6/9,Medium Pulse Laser,2,6,2/4/6,,,,,,,,,,,,,,,,,,,,,4x2,2x6,,,,,
Vehicle,Pilum Heavy Tank (ELRM),Pilum Heavy Tank (ELRM),,,,,,,,,,,,,,,,,,,,,,,,,,,,,,,,,,,,,,,,,,,,,2,ER Medium Laser,2,5,4/8/12,Extended LRM 15,2,5,12/22/38,,,,,,,,,,,,,,,,,,,,,2x5,2x5,,,,,
Vehicle,Pinto Attack VTOL,Pinto Attack VTOL,,,,,,,,,,,,,,,,,,,,,,,,,,,,,,X,,,,,,,,,,,,,,,2,Medium Laser,3,5,3/6/9,LRM 5,1,5,7/14/21,,,,,,,,,,,,,,,,,,,,,3x5,1x5,,,,,
Vehicle,Pinto Attack VTOL (WoB),Pinto Attack VTOL (WoB),,,,,,,,,,,,,,,,,,,,,,,,,,,,,,,,,,,,,,,,,,,,,1,ER Medium Laser,2,5,4/8/12,,,,,,,,,,,,,,,,,,,,,,,,,2x5,,,,,,
Vehicle,Pixiu Heavy Tank,Pixiu Heavy Tank,,,,,,,,,,,,,,,,,,,,,,,,,,,,X,,,,,,,,,,,,,,,,,2,Vehicle Flamer,1,2,1/2/3,Gauss Rifle,1,15,7/15/22,,,,,,,,,,,,,,,,,,,,,1x2,1x15,,,,,
Vehicle,Plainsman Medium Hovertank,Plainsman Medium Hovertank,,,,,,,,,,,,,,,,,,,,,,,,,,,,,,,,,,,,,,,,,,,,,2,SRM 6,8,2,3/6/9,SRM 2,1,2,3/6/9,,,,,,,,,,,,,,,,,,,,,8x2,1x2,,,,,
Vehicle,Plainsman Medium Hovertank (SSRM),Plainsman Medium Hovertank (SSRM),,,,,,,,,,,,,,,,,,,,,,,,,,,,,,,,,,,,,,,,,,,,,2,Streak SRM 4,8,2,3/6/9,SRM 2,1,2,3/6/9,,,,,,,,,,,,,,,,,,,,,8x2,1x2,,,,,
Vehicle,Plainsman Medium Hovertank (Scout),Plainsman Medium Hovertank (Scout),,,,,,,,,,,,,,,,,,,,,,,,,,,,,,X,,,,,,,,,,,,,,,1,SRM 6,8,2,3/6/9,,,,,,,,,,,,,,,,,,,,,,,,,8x2,,,,,,
Vehicle,Plainsman Medium Hovertank (Sealed),Plainsman Medium Hovertank (Sealed),,,,,,,,,,,,,,,,,,,,,,,,,,,,,,,,,,,,,,,,,,,,,1,SRM 6,8,2,3/6/9,,,,,,,,,,,,,,,,,,,,,,,,,8x2,,,,,,
Vehicle,Po Heavy Tank,Po Heavy Tank,,,,,,,,,,,,,,,,,,,,,,,,,,,,,,,,,,,,,,,,,,,,,1,Machine Gun,2,2,1/2/3,,,,,,,,,,,,,,,,,,,,,,,,,2x2,,,,,,
Vehicle,Po Heavy Tank (LB-X),Po Heavy Tank (LB-X),,,,,,,,,,,,,,,,,,,,,,,,,,,,,,,,,,,,,,,,,,,,,3,LB 10-X AC (Slug),1,10,6/12/18,-- OR --,,,,LB 10-X AC (Pellet),6,1,6/12/18,Machine Gun,2,2,1/2/3,,,,,,,,,,,,,1x10,,6x1,2x2,,,
Vehicle,Po Heavy Tank (Light Gauss),Po Heavy Tank (Light Gauss),,,,,,,,,,,,,,,,,,,,,,,,,,,,,,,,,,,,,,,,,,,,,2,Light Gauss Rifle,1,8,8/17/25,Machine Gun,3,2,1/2/3,,,,,,,,,,,,,,,,,,,,,1x8,3x2,,,,,
Vehicle,Po Heavy Tank HV,Po Heavy Tank HV,,,,,,,,,,,,,,,,,,,,,,,,,,,,,,,,,,,,,,,,,,,,,1,Streak SRM 6,6,2,3/6/9,,,,,,,,,,,,,,,,,,,,,,,,,6x2,,,,,,
Vehicle,Po Heavy Tank HV Prototype,Po Heavy Tank HV Prototype,,,,,,,,,,,,,,,,,,,,,,,,,,,,,,,,,,,,,,,,,,,,,1,Streak SRM 6,6,2,3/6/9,,,,,,,,,,,,,,,,,,,,,,,,,6x2,,,,,,
Vehicle,Po II Heavy Tank,Po II Heavy Tank,,,,,,,,,,,,,,,,,,,,,,,,,,,,,,,,,,,,,,,,,,,,,3,LRM 5,2,5,7/14/21,Streak SRM 2,4,2,3/6/9,Machine Gun,2,2,1/2/3,,,,,,,,,,,,,,,,,2x5,4x2,2x2,,,,
Vehicle,Po II Heavy Tank (Arrow IV),Po II Heavy Tank (Arrow IV),,,,,,,,,,,,,,,,,,,,,,,,,,,,,,,,,,,,,,,,,,,,,3,LRM 5,2,5,7/14/21,Streak SRM 2,4,2,3/6/9,Machine Gun,2,2,1/2/3,,,,,,,,,,,,,,,,,2x5,4x2,2x2,,,,
Vehicle,Po II Heavy Tank (Gauss),Po II Heavy Tank (Gauss),,,,,,,,,,,,,,,,,,,,,,,,,,,,,,,,,,,,,,,,,,,,,3,Gauss Rifle,1,15,7/15/22,Machine Gun,2,2,1/2/3,SRM 6,8,2,3/6/9,,,,,,,,,,,,,,,,,1x15,2x2,8x2,,,,
Vehicle,Po II Heavy Tank (Stealth),Po II Heavy Tank (Stealth),,,,,,,,,,,,,,,,,,,,,,,,,,,,X,X,,,,,,,,,,,,,,,,3,Gauss Rifle,1,15,7/15/22,Machine Gun,2,2,1/2/3,SRM 6,8,2,3/6/9,,,,,,,,,,,,,,,,,1x15,2x2,8x2,,,,
Vehicle,Pollux ADA Heavy Tank,Pollux ADA Heavy Tank,,,,,,,,,,,,,,,,,,,,,,,,,,,,,,,,,,,,,,,,,,,,,4,Small Pulse Laser,1,3,1/2/3,LB 10-X AC (Slug),1,10,6/12/18,-- OR --,,,,LB 10-X AC (Pellet),6,1,6/12/18,Medium Laser,1,5,3/6/9,,,,,,,,,1x3,1x10,,6x1,1x5,,
Vehicle,Pollux II ADA Heavy Tank,Pollux II ADA Heavy Tank,,,,,,,,,,,,,,,,,,,,,,,,,,,,X,,,,,,,,,,,,,,,,,,,,,,,,,,,,,,,,,,,,,,,,,,,,,,,,,,,,
Vehicle,Praetorian Mobile Strategic Command HQ,Praetorian Mobile Strategic Command HQ,,,,,,,,,,,,,,,,,,,,,,,,,,,,,,,,,,,,,,,,,,,,,1,ER Medium Laser,1,5,4/8/12,,,,,,,,,,,,,,,,,,,,,,,,,1x5,,,,,,
Vehicle,Predator Tank Destroyer,Predator Tank Destroyer,,,,,,,,,,,,,,,,,,,,,,,,,,,,,,,,,,,,,,,,,,,,,2,LB 20-X AC (Slug),1,20,4/8/12,-- OR --,,,,LB 20-X AC (Pellet),12,1,4/8/12,,,,,,,,,,,,,,,,,1x20,,12x1,,,,
Vehicle,Predator Tank Destroyer (Elite),Predator Tank Destroyer (Elite),,,,,,,,,,,,,,,,,,,,,,,,,,,,,,,,,,,,,,,,,,,,,1,Improved Heavy Gauss Rifle,1,22,6/12/19,,,,,,,,,,,,,,,,,,,,,,,,,1x22,,,,,,
Vehicle,Prime Mover,Prime Mover,,,,,,,,,,,,,,,,,,,,,,,,,,,,,,,,,X,,,,,,,,,,,,3,Machine Gun,2,2,1/2/3,Small Laser,1,3,1/2/3,LRM 5,1,5,7/14/21,,,,,,,,,,,,,,,,,2x2,1x3,1x5,,,,
Vehicle,Prime Mover (Original),Prime Mover (Original),,,,,,,,,,,,,,,,,,,,,,,,,,,,,,,,,X,,,,,,,,,,,,2,Small Laser,2,3,1/2/3,SRM 4,2,2,3/6/9,,,,,,,,,,,,,,,,,,,,,2x3,2x2,,,,,
Vehicle,Prime Mover (Succession Wars),Prime Mover (Succession Wars),,,,,,,,,,,,,,,,,,,,,,,,,,,,,,,,,X,,,,,,,,,,,,2,Machine Gun,2,2,1/2/3,SRM 6,4,2,3/6/9,,,,,,,,,,,,,,,,,,,,,2x2,4x2,,,,,
Vehicle,Prometheus Combat Support Bridgelayer,Prometheus Combat Support Bridgelayer,,,,,,,,,,,,,,,,,,,,,,,,,,,,,,,,,,,,,,,,,,,,,2,LRM 15,1,5,7/14/21,Medium Laser,1,5,3/6/9,,,,,,,,,,,,,,,,,,,,,1x5,1x5,,,,,
Vehicle,Prowler Multi-Terrain Vehicle,Prowler Multi-Terrain Vehicle,,,,,,,,,,,,,,,,,,,,,,,,,,,,,,X,,,,,,,,,,,,,,,3,SRM 2,1,2,3/6/9,LRM 10,1,5,7/14/21,Medium Pulse Laser,2,6,2/4/6,,,,,,,,,,,,,,,,,1x2,1x5,2x6,,,,
Vehicle,Prowler Multi-Terrain Vehicle (3140 Upgrade),Prowler Multi-Terrain Vehicle (3140 Upgrade),,,,,,,,,,,,,,,,,,,,,,,,,,,,,,X,,,,,,,,,,,,,,,,,,,,,,,,,,,,,,,,,,,,,,,,,,,,,,,,,,
Vehicle,Prowler Multi-Terrain Vehicle (ECM),Prowler Multi-Terrain Vehicle (ECM),,,,,,,,,,,,,,,,,,,,,,,,,,,,X,,,,,,,,,,,,,,,,,3,SRM 2,1,2,3/6/9,LRM 10,1,5,7/14/21,Medium Pulse Laser,2,6,2/4/6,,,,,,,,,,,,,,,,,1x2,1x5,2x6,,,,
Vehicle,Prowler Multi-Terrain Vehicle (RAF),Prowler Multi-Terrain Vehicle (RAF),,,,,,,,,,,,,,,,,,,,,,,,,,,,,,X,,,,,,,,,,,,,,,1,Medium Pulse Laser,2,6,2/4/6,,,,,,,,,,,,,,,,,,,,,,,,,2x6,,,,,,
Vehicle,Prowler Multi-Terrain Vehicle (Sealed),Prowler Multi-Terrain Vehicle (Sealed),,,,,,,,,,,,,,,,,,,,,,,,,,,,,,X,,,,,,,,,,,,,,,3,SRM 2,1,2,3/6/9,LRM 10,1,5,7/14/21,Medium Pulse Laser,2,6,2/4/6,,,,,,,,,,,,,,,,,1x2,1x5,2x6,,,,
Vehicle,Prowler Multi-Terrain Vehicle (Security),Prowler Multi-Terrain Vehicle (Security),,,,,,,,,,,,,,,,,,,,,,,,,,,,,,X,,,,,,,,,,,,,,,2,SRM 2,1,2,3/6/9,LRM 10,1,5,7/14/21,,,,,,,,,,,,,,,,,,,,,1x2,1x5,,,,,
Vehicle,Prowler Multi-Terrain Vehicle (Succession Wars),Prowler Multi-Terrain Vehicle (Succession Wars),,,,,,,,,,,,,,,,,,,,,,,,,,,,,,,,,,,,,,,,,,,,,3,SRM 2,1,2,3/6/9,LRM 10,1,5,7/14/21,Medium Laser,2,5,3/6/9,,,,,,,,,,,,,,,,,1x2,1x5,2x5,,,,
Vehicle,Prowler Multi-Terrain Vehicle (Support),Prowler Multi-Terrain Vehicle (Support),,,,,,,,,,,,,,,,,,,,,,,,,,,,,,,,,,,,,,,,,,,,,3,SRM 2,1,2,3/6/9,LRM 15,1,5,7/14/21,Medium Laser,2,5,3/6/9,,,,,,,,,,,,,,,,,1x2,1x5,2x5,,,,
Vehicle,Prowler Multi-Terrain Vehicle (WoB),Prowler Multi-Terrain Vehicle (WoB),,,,,,,,,,,,,,,,,,,,,,,,,,,,,,,,,,,,,,,,,,,,,1,ER Medium Laser,2,5,4/8/12,,,,,,,,,,,,,,,,,,,,,,,,,2x5,,,,,,
Vehicle,Puma Assault Tank PAT-001,Puma Assault Tank PAT-001,,,,,,,,,,,,,,,,,,,,,,,,,,,,,,,,,,,,,,,,,,,,,6,Medium Laser,2,5,3/6/9,SRM 4,2,2,3/6/9,LRM 20,4,5,7/14/21,Small Laser,1,3,1/2/3,Vehicle Flamer,1,2,1/2/3,PPC,1,10,6/12/18,,,,,2x5,2x2,4x5,1x3,1x2,1x10,
Vehicle,Puma Assault Tank PAT-002,Puma Assault Tank PAT-002,,,,,,,,,,,,,,,,,,,,,,,,,,,,,,,,,,,,,,,,,,,,,6,Medium Laser,2,5,3/6/9,SRM 4,2,2,3/6/9,LRM 20,4,5,7/14/21,Small Laser,1,3,1/2/3,Vehicle Flamer,1,2,1/2/3,PPC,1,10,6/12/18,,,,,2x5,2x2,4x5,1x3,1x2,1x10,
Vehicle,Puma Assault Tank PAT-005,Puma Assault Tank PAT-005,,,,,,,,,,,,,,,,,,,,,,,,,,,,,,,,,,,,,,,,,,,,,6,Medium Laser,2,5,3/6/9,SRM 4,2,2,3/6/9,LRM 20,4,5,7/14/21,Small Laser,1,3,1/2/3,Vehicle Flamer,1,2,1/2/3,PPC,1,10,6/12/18,,,,,2x5,2x2,4x5,1x3,1x2,1x10,
Vehicle,Puma Assault Tank PAT-005b,Puma Assault Tank PAT-005b,,,,,,,,,,,,,,,,,,,,,,,,,,,,,,,,,,,,,,,,,,,,,6,Medium Laser,2,5,3/6/9,Streak SRM 2,4,2,3/6/9,LRM 20,8,5,7/14/21,Small Pulse Laser,1,3,1/2/3,Flamer,1,2,1/2/3,ER PPC,1,10,7/14/23,,,,,2x5,4x2,8x5,1x3,1x2,1x10,
Vehicle,Puma Assault Tank PAT-007,Puma Assault Tank PAT-007,,,,,,,,,,,,,,,,,,,,,,,,,,,,,,,,,,,,,,,,,,,,,5,Medium Laser,2,5,3/6/9,Machine Gun,4,2,1/2/3,Small Laser,1,3,1/2/3,Vehicle Flamer,1,2,1/2/3,Heavy PPC,1,15,6/12/18,,,,,,,,,2x5,4x2,1x3,1x2,1x15,,
Vehicle,Puma Assault Tank PAT-008,Puma Assault Tank PAT-008,,,,,,,,,,,,,,,,,,,,,,,,,,,X,X,,,,,,,,,,,,,,,,,1,ER PPC,1,10,7/14/23,,,,,,,,,,,,,,,,,,,,,,,,,1x10,,,,,,
Vehicle,Quaestor Mobile Tactical Command HQ,Quaestor Mobile Tactical Command HQ,,,,,,,,,,,,,,,,,,,,,,,,,,,,X,,,,,,,,,,,,,,,,,2,ER Small Laser,1,3,2/4/5,Machine Gun,2,2,1/2/3,,,,,,,,,,,,,,,,,,,,,1x3,2x2,,,,,
Vehicle,R10 Mechanized ICV (A),R10 Mechanized ICV (A),,,,,,,,,,,,,,,,,,,,,,,,,,,,,,,,,,,,,,,,,,,,,2,Medium Laser,4,5,3/6/9,Light AC/5,2,5,5/10/15,,,,,,,,,,,,,,,,,,,,,4x5,2x5,,,,,
Vehicle,R10 Mechanized ICV (B),R10 Mechanized ICV (B),,,,,,,,,,,,,,,,,,,,,,,,,,,,X,,X,,,,,,,,,,,,,,,3,Small Pulse Laser,2,3,1/2/3,LB 10-X AC (Slug),1,10,6/12/18,-- OR --,,,,LB 10-X AC (Pellet),6,1,6/12/18,,,,,,,,,,,,,2x3,1x10,,6x1,,,
Vehicle,R10 Mechanized ICV (Coolant Truck),R10 Mechanized ICV (Coolant Truck),,,,,,,,,,,,,,,,,,,,,,,,,,,,,,,,,,,,,,,,,,,,,1,Flamer,2,2,1/2/3,,,,,,,,,,,,,,,,,,,,,,,,,2x2,,,,,,
Vehicle,R10 Mechanized ICV (Prime),R10 Mechanized ICV (Prime),,,,,,,,,,,,,,,,,,,,,,,,,,,,,,,,,,,,,,,,,,,,,2,ER Medium Laser,2,5,4/8/12,SRM 6,8,2,3/6/9,,,,,,,,,,,,,,,,,,,,,2x5,8x2,,,,,
Vehicle,Randolph Support Vehicle,Randolph Support Vehicle,,,,,,,,,,,,,,,,,,,,,,,,,,,,,,,,,,,,,,,,,,,,,1,Machine Gun,3,2,1/2/3,,,,,,,,,,,,,,,,,,,,,,,,,3x2,,,,,,
Vehicle,Ranger Armored Fighting Vehicle VV1,Ranger Armored Fighting Vehicle VV1,,,,,,,,,,,,,,,,,,,,,,,,,,,,,,,,,,,,,,,,,,,,,2,ER Small Laser,2,3,2/4/5,Machine Gun,4,2,1/2/3,,,,,,,,,,,,,,,,,,,,,2x3,4x2,,,,,
Vehicle,Ranger Armored Fighting Vehicle VV1 (Interdictor),Ranger Armored Fighting Vehicle VV1 (Interdictor),,,,,,,,,,,,,,,,,,,,,,,,,,,,X,,,,,,,,,,,,,,,,,2,Small Laser,4,3,1/2/3,Machine Gun,8,2,1/2/3,,,,,,,,,,,,,,,,,,,,,4x3,8x2,,,,,
Vehicle,Ranger Armored Fighting Vehicle VV1 (MG),Ranger Armored Fighting Vehicle VV1 (MG),,,,,,,,,,,,,,,,,,,,,,,,,,,,,,,,,,,,,,,,,,,,,2,Small Laser,4,3,1/2/3,Machine Gun,8,2,1/2/3,,,,,,,,,,,,,,,,,,,,,4x3,8x2,,,,,
Vehicle,Ranger Armored Fighting Vehicle VV2,Ranger Armored Fighting Vehicle VV2,,,,,,,,,,,,,,,,,,,,,,,,,,,,,,,,,,,,,,,,,,,,,1,ER Small Laser,2,3,2/4/5,,,,,,,,,,,,,,,,,,,,,,,,,2x3,,,,,,
Vehicle,Raptor,Raptor,,,,,,,,,,,,,,,,,,,,,,,,,,,,,,,,,,,,,,,,,,,,,1,ER Small Laser,1,3,2/4/5,,,,,,,,,,,,,,,,,,,,,,,,,1x3,,,,,,
Vehicle,Reaper Self-Propelled Artillery,Reaper Self-Propelled Artillery,,,,,,,,,,,,,,,,,,,,,,,,,,,,,,,,,,,,,,,,,,,,,1,Small Laser,1,3,1/2/3,,,,,,,,,,,,,,,,,,,,,,,,,1x3,,,,,,
Vehicle,Red Kite Attack VTOL,Red Kite Attack VTOL,,,,,,,,,,,,,,,,,,,,,,,,,,,,,,,,,,,,,,,,,,,,,,,,,,,,,,,,,,,,,,,,,,,,,,,,,,,,,,,,
Vehicle,Regulator Hovertank,Regulator Hovertank,,,,,,,,,,,,,,,,,,,,,,,,,,,,,,,,,,,,,,,,,,,,,1,Gauss Rifle,1,15,7/15/22,,,,,,,,,,,,,,,,,,,,,,,,,1x15,,,,,,
Vehicle,Regulator Hovertank (RAC),Regulator Hovertank (RAC),,,,,,,,,,,,,,,,,,,,,,,,,,,,,,,,,,,,,,,,,,,,,,,,,,,,,,,,,,,,,,,,,,,,,,,,,,,,,,,,
Vehicle,Regulator II Hovertank,Regulator II Hovertank,,,,,,,,,,,,,,,,,,,,,,,,,,,,,,,,,,,,,,,,,,,,,1,Gauss Rifle,1,15,7/15/22,,,,,,,,,,,,,,,,,,,,,,,,,1x15,,,,,,
Vehicle,Regulator II Hovertank (RAC),Regulator II Hovertank (RAC),,,,,,,,,,,,,,,,,,,,,,,,,,,,X,,,,,,,,,,,,,,,,,,,,,,,,,,,,,,,,,,,,,,,,,,,,,,,,,,,,
Vehicle,Regulator II Hovertank (Stealth),Regulator II Hovertank (Stealth),,,,,,,,,,,,,,,,,,,,,,,,,,,,X,,,,,,,,,,,,,,,,,1,Light Gauss Rifle,1,8,8/17/25,,,,,,,,,,,,,,,,,,,,,,,,,1x8,,,,,,
Vehicle,Rhino Fire Support Tank,Rhino Fire Support Tank,,,,,,,,,,,,,,,,,,,,,,,,,,,,,,,,,,,,,,,,,,,,,3,LRM 10,1,5,7/14/21,LRM 20,4,5,7/14/21,Medium Laser,2,5,3/6/9,,,,,,,,,,,,,,,,,1x5,4x5,2x5,,,,
Vehicle,Rhino Fire Support Tank (Flamer),Rhino Fire Support Tank (Flamer),,,,,,,,,,,,,,,,,,,,,,,,,,,,,,,,,,,,,,,,,,,,,4,SRM 6,4,2,3/6/9,Vehicle Flamer,2,2,1/2/3,Medium Laser,2,5,3/6/9,LRM 20,4,5,7/14/21,,,,,,,,,,,,,4x2,2x2,2x5,4x5,,,
Vehicle,Rhino Fire Support Tank (MG),Rhino Fire Support Tank (MG),,,,,,,,,,,,,,,,,,,,,,,,,,,,,,,,,,,,,,,,,,,,,4,SRM 6,4,2,3/6/9,Machine Gun,3,2,1/2/3,Medium Laser,2,5,3/6/9,LRM 20,4,5,7/14/21,,,,,,,,,,,,,4x2,3x2,2x5,4x5,,,
Vehicle,Rhino Fire Support Tank (ML),Rhino Fire Support Tank (ML),,,,,,,,,,,,,,,,,,,,,,,,,,,,,,,,,,,,,,,,,,,,,3,Medium Laser,4,5,3/6/9,SRM 2,1,2,3/6/9,LRM 20,4,5,7/14/21,,,,,,,,,,,,,,,,,4x5,1x2,4x5,,,,
Vehicle,Rhino Fire Support Tank (Royal),Rhino Fire Support Tank (Royal),,,,,,,,,,,,,,,,,,,,,,,,,,,X,X,,,,,,,,,,,,,,,,,3,LRM 10,2,5,7/14/21,Medium Pulse Laser,2,6,2/4/6,LRM 20,8,5,7/14/21,,,,,,,,,,,,,,,,,2x5,2x6,8x5,,,,
Vehicle,Rhino Fire Support Tank (SL),Rhino Fire Support Tank (SL),,,,,,,,,,,,,,,,,,,,,,,,,,,,,,,,,,,,,,,,,,,,,4,SRM 6,4,2,3/6/9,Small Laser,4,3,1/2/3,Medium Laser,2,5,3/6/9,LRM 20,4,5,7/14/21,,,,,,,,,,,,,4x2,4x3,2x5,4x5,,,
Vehicle,Rhino Fire Support Tank EC,Rhino Fire Support Tank EC,,,,,,,,,,,,,,,,,,,,,,,,,,,,,,,,,,,,,,,,,,,,,2,LRM 10,1,5,7/14/21,Clan LRM 20,4,5,7/14/21,,,,,,,,,,,,,,,,,,,,,1x5,4x5,,,,,
Vehicle,Ripper Infantry Transport,Ripper Infantry Transport,,,,,,,,,,,,,,,,,,,,,,,,,,,,,,,,,,,,,,,,,,,,,1,Medium Laser,2,5,3/6/9,,,,,,,,,,,,,,,,,,,,,,,,,2x5,,,,,,
Vehicle,Ripper Infantry Transport (ERML),Ripper Infantry Transport (ERML),,,,,,,,,,,,,,,,,,,,,,,,,,,,,,,,,,,,,,,,,,,,,1,ER Medium Laser,2,5,4/8/12,,,,,,,,,,,,,,,,,,,,,,,,,2x5,,,,,,
Vehicle,Ripper Infantry Transport (Infantry),Ripper Infantry Transport (Infantry),,,,,,,,,,,,,,,,,,,,,,,,,,,,,,,,,,,,,,,,,,,,,1,Small Pulse Laser,1,3,1/2/3,,,,,,,,,,,,,,,,,,,,,,,,,1x3,,,,,,
Vehicle,Ripper Infantry Transport (LPPC),Ripper Infantry Transport (LPPC),,,,,,,,,,,,,,,,,,,,,,,,,,,,,,,,,,,,,,,,,,,,,1,Light PPC,1,5,6/12/18,,,,,,,,,,,,,,,,,,,,,,,,,1x5,,,,,,
Vehicle,Ripper Infantry Transport (MG),Ripper Infantry Transport (MG),,,,,,,,,,,,,,,,,,,,,,,,,,,,,,,,,,,,,,,,,,,,,1,Machine Gun,2,2,1/2/3,,,,,,,,,,,,,,,,,,,,,,,,,2x2,,,,,,
Vehicle,Ripper Infantry Transport (Royal),Ripper Infantry Transport (Royal),,,,,,,,,,,,,,,,,,,,,,,,,,,,,,,,,,,,,,,,,,,,,1,Medium Pulse Laser,1,6,2/4/6,,,,,,,,,,,,,,,,,,,,,,,,,1x6,,,,,,
Vehicle,Ripper Infantry Transport (SPL),Ripper Infantry Transport (SPL),,,,,,,,,,,,,,,,,,,,,,,,,,,,,,,,,,,,,,,,,,,,,1,Small Pulse Laser,2,3,1/2/3,,,,,,,,,,,,,,,,,,,,,,,,,2x3,,,,,,
Vehicle,Rock Rover Half-Track (RRV),Rock Rover Half-Track (RRV),,,,,,,,,,,,,,,,,,,,,,,,,,X,,,,,,,,,,,,,,,,,,,1,Support Laser,1,1,3/6/9,,,,,,,,,,,,,,,,,,,,,,,,,1x1,,,,,,
Vehicle,Rock Rover Half-Track RRV (Speed),Rock Rover Half-Track RRV (Speed),,,,,,,,,,,,,,,,,,,,,,,,,,,,,,,,,,,,,,,,,,,,,1,Support Laser,1,1,3/6/9,,,,,,,,,,,,,,,,,,,,,,,,,1x1,,,,,,
Vehicle,Rommel Tank,Rommel Tank,,,,,,,,,,,,,,,,,,,,,,,,,,,,,,,,,,,,,,,,,,,,,2,Small Laser,1,3,1/2/3,LRM 5,1,5,7/14/21,,,,,,,,,,,,,,,,,,,,,1x3,1x5,,,,,
Vehicle,Rommel Tank (Gauss),Rommel Tank (Gauss),,,,,,,,,,,,,,,,,,,,,,,,,,,,,,,,,,,,,,,,,,,,,3,Gauss Rifle,1,15,7/15/22,Medium Laser,2,5,3/6/9,Machine Gun,5,2,1/2/3,,,,,,,,,,,,,,,,,1x15,2x5,5x2,,,,
Vehicle,Rommel Tank (Howitzer) Production,Rommel Tank (Howitzer) Production,,,,,,,,,,,,,,,,,,,,,,,,,,,,,,,,,,,,,,,,,,,,,1,ER Medium Laser,2,5,4/8/12,,,,,,,,,,,,,,,,,,,,,,,,,2x5,,,,,,
Vehicle,Rommel Tank (Howitzer) Prototype,Rommel Tank (Howitzer) Prototype,,,,,,,,,,,,,,,,,,,,,,,,,,,,,,,,,,,,,,,,,,,,,1,ER Medium Laser,2,5,4/8/12,,,,,,,,,,,,,,,,,,,,,,,,,2x5,,,,,,
Vehicle,Rommel Tank (Sealed),Rommel Tank (Sealed),,,,,,,,,,,,,,,,,,,,,,,,,,,,X,,,,,,,,,,,,,,,,,2,Streak SRM 6,6,2,3/6/9,Machine Gun,3,2,1/2/3,,,,,,,,,,,,,,,,,,,,,6x2,3x2,,,,,
Vehicle,Rotunda Scout Vehicle,Rotunda Scout Vehicle,,,,,,,,,,,,,,,,,,,,,,,,,,,,,,,,,,,,,,,,,,,,,2,Large Laser,1,8,5/10/15,SRM 2,1,2,3/6/9,,,,,,,,,,,,,,,,,,,,,1x8,1x2,,,,,
Vehicle,Rotunda Scout Vehicle (LRM),Rotunda Scout Vehicle (LRM),,,,,,,,,,,,,,,,,,,,,,,,,,,,,,,,,,,,,,,,,,,,,1,LRM 5,2,5,7/14/21,,,,,,,,,,,,,,,,,,,,,,,,,2x5,,,,,,
Vehicle,Rotunda Scout Vehicle (SRM),Rotunda Scout Vehicle (SRM),,,,,,,,,,,,,,,,,,,,,,,,,,,,,,,,,,,,,,,,,,,,,1,SRM 2,4,2,3/6/9,,,,,,,,,,,,,,,,,,,,,,,,,4x2,,,,,,
Vehicle,Rumbler-HT,Rumbler-HT,,,,,,,,,,,,,,,,,,,,,,,,,,,,,,,X,,,,,,,,,,,,,,,,,,,,,,,,,,,,,,,,,,,,,,,,,,,,,,,,,
Vehicle,Ryu Heavy Transport,Ryu Heavy Transport,,,,,,,,,,,,,,,,,,,,,,,,,,,,,,,,,,,,,,,,,,,,,1,Machine Gun,2,2,1/2/3,,,,,,,,,,,,,,,,,,,,,,,,,2x2,,,,,,
Vehicle,SM Tank Destroyer SM1,SM Tank Destroyer SM1,,,,,,,,,,,,,,,,,,,,,,,,,,,,,,,,,,,,,,,,,,,,,,,,,,,,,,,,,,,,,,,,,,,,,,,,,,,,,,,,
Vehicle,SM Tank Destroyer SM1 Telos,SM Tank Destroyer SM1 Telos,,,,,,,,,,,,,,,,,,,,,,,,,,,,X,,,,,,,X,,,,,,,,,,2,Extended LRM 15,1,5,12/22/38,Machine Gun,1,2,1/2/3,,,,,,,,,,,,,,,,,,,,,1x5,1x2,,,,,
Vehicle,SM Tank Destroyer SM1A,SM Tank Destroyer SM1A,,,,,,,,,,,,,,,,,,,,,,,,,,,,,,X,,,,,,,,,,,,,,,2,Clan LB 20-X AC (Slug),1,20,4/8/12,-- OR --,,,,Clan LB 20-X AC (Pellet),12,1,4/8/12,,,,,,,,,,,,,,,,,1x20,,12x1,,,,
Vehicle,SM Tank Destroyer SM1B,SM Tank Destroyer SM1B,,,,,,,,,,,,,,,,,,,,,,,,,,,,,,X,,,,,,,,,,,,,,,,,,,,,,,,,,,,,,,,,,,,,,,,,,,,,,,,,,
Vehicle,SM Tank Destroyer SM3,SM Tank Destroyer SM3,,,,,,,,,,,,,,,,,,,,,,,,,,,,,,,,,,,,,,,,,,,,,2,Clan Medium Pulse Laser,1,7,4/8/12,Clan Gauss Rifle,1,15,7/15/22,,,,,,,,,,,,,,,,,,,,,1x7,1x15,,,,,
Vehicle,SM2 Heavy Artillery Vehicle,SM2 Heavy Artillery Vehicle,,,,,,,,,,,,,,,,,,,,,,,,,,,,,,,,,,,,,,,,,,,,,,,,,,,,,,,,,,,,,,,,,,,,,,,,,,,,,,,,
Vehicle,SM2 Heavy Artillery Vehicle (LTC),SM2 Heavy Artillery Vehicle (LTC),,,,,,,,,,,,,,,,,,,,,,,,,,,,,,,,,,,,,,,,,,,,,,,,,,,,,,,,,,,,,,,,,,,,,,,,,,,,,,,,
Vehicle,SM5 Field Commander Prime,SM5 Field Commander Prime,,,,,,,,,,,,,,,,,,,,,,,,,,,,,,,,,,,,,,,,,,,,,1,Clan ER Medium Laser,1,7,5/10/15,,,,,,,,,,,,,,,,,,,,,,,,,1x7,,,,,,
Vehicle,SRM Carrier,SRM Carrier,,,,,,,,,,,,,,,,,,,,,,,,,,,,,,,,,,,,,,,,,,,,,1,SRM 6,40,2,3/6/9,,,,,,,,,,,,,,,,,,,,,,,,,40x2,,,,,,
Vehicle,SRM Carrier (3054 Upgrade),SRM Carrier (3054 Upgrade),,,,,,,,,,,,,,,,,,,,,,,,,,,,,,,,,,,,,,,,,,,,,1,SRM 6,36,2,3/6/9,,,,,,,,,,,,,,,,,,,,,,,,,36x2,,,,,,
Vehicle,SRM Carrier (C3),SRM Carrier (C3),,,,,,,,,,,,,,,,,,,,,,,,,,,,X,,,,,,,,,,,,,,,,,1,SRM 6,36,2,3/6/9,,,,,,,,,,,,,,,,,,,,,,,,,36x2,,,,,,
Vehicle,SRM Carrier (WoB),SRM Carrier (WoB),,,,,,,,,,,,,,,,,,,,,,,,,,,,X,,,,,,,,,,,,,,,,,1,Streak SRM 4,36,2,3/6/9,,,,,,,,,,,,,,,,,,,,,,,,,36x2,,,,,,
Vehicle,SRM Carrier C,SRM Carrier C,,,,,,,,,,,,,,,,,,,,,,,,,,,,,,,,,,,,,,,,,,,,,1,Clan SRM 6,40,2,3/6/9,,,,,,,,,,,,,,,,,,,,,,,,,40x2,,,,,,
Vehicle,SRM Carrier Primitive,SRM Carrier Primitive,,,,,,,,,,,,,,,,,,,,,,,,,,,,,,,,,,,,,,,,,,,,,1,SRM 4,18,2,3/6/9,,,,,,,,,,,,,,,,,,,,,,,,,18x2,,,,,,
Vehicle,Sabaku Kaze Heavy Scout Hover Tank,Sabaku Kaze Heavy Scout Hover Tank,,,,,,,,,,,,,,,,,,,,,,,,,,,,,,,,,,,,,,,,,,,,,3,SRM 4,4,2,3/6/9,Small Laser,2,3,1/2/3,Medium Laser,4,5,3/6/9,,,,,,,,,,,,,,,,,4x2,2x3,4x5,,,,
Vehicle,Saladin Assault Hover Tank (LB-X),Saladin Assault Hover Tank (LB-X),,,,,,,,,,,,,,,,,,,,,,,,,,,,,,,,,,,,,,,,,,,,,2,LB 20-X AC (Slug),1,20,4/8/12,-- OR --,,,,LB 20-X AC (Pellet),12,1,4/8/12,,,,,,,,,,,,,,,,,1x20,,12x1,,,,
Vehicle,Saladin Assault Hover Tank (Ultra),Saladin Assault Hover Tank (Ultra),,,,,,,,,,,,,,,,,,,,,,,,,,,,,,,,,,,,,,,,,,,,,,,,,,,,,,,,,,,,,,,,,,,,,,,,,,,,,,,,
Vehicle,Saladin Assault Hover Tank Ifrit,Saladin Assault Hover Tank Ifrit,,,,,,,,,,,,,,,,,,,,,,,,,,,,,,,,,,,,,,,,,,,,,1,Snub-Nose PPC,1,10,9/13/15,,,,,,,,,,,,,,,,,,,,,,,,,1x10,,,,,,
Vehicle,Saladin Mk II HCV,Saladin Mk II HCV,,,,,,,,,,,,,,,,,,,,,,,,,,,,,,,,,,,,,,,,,,,,,2,Snub-Nose PPC,1,10,9/13/15,Streak SRM 4,4,2,3/6/9,,,,,,,,,,,,,,,,,,,,,1x10,4x2,,,,,
Vehicle,Saladin Mk II HCV (BC3),Saladin Mk II HCV (BC3),,,,,,,,,,,,,,,,,,,,,,,,,,,,,,,,,,,,,,,,,,,,,1,Snub-Nose PPC,1,10,9/13/15,,,,,,,,,,,,,,,,,,,,,,,,,1x10,,,,,,
Vehicle,Sand Devil Hover Tank,Sand Devil Hover Tank,,,,,,,,,,,,,,,,,,,,,,,,,,,,,,,,,,,,,,,,,,,,,2,Medium Laser,2,5,3/6/9,Small Laser,2,3,1/2/3,,,,,,,,,,,,,,,,,,,,,2x5,2x3,,,,,
Vehicle,Saracen Medium Hover Tank,Saracen Medium Hover Tank,,,,,,,,,,,,,,,,,,,,,,,,,,,,,,,,,,,,,,,,,,,,,2,LRM 10,1,5,7/14/21,SRM 2,3,2,3/6/9,,,,,,,,,,,,,,,,,,,,,1x5,3x2,,,,,
Vehicle,Saracen Medium Hover Tank (MRM),Saracen Medium Hover Tank (MRM),,,,,,,,,,,,,,,,,,,,,,,,,,,,,,,,,,,,,,,,,,,,,2,MRM 20,2,5,3/8/15,Streak SRM 2,2,2,3/6/9,,,,,,,,,,,,,,,,,,,,,2x5,2x2,,,,,
Vehicle,Saracen Mk II HCV,Saracen Mk II HCV,,,,,,,,,,,,,,,,,,,,,,,,,,,,,,,,,,,,,,,,,,,,,1,ER Medium Laser,2,5,4/8/12,,,,,,,,,,,,,,,,,,,,,,,,,2x5,,,,,,
Vehicle,Saracen Mk II HCV (BC3),Saracen Mk II HCV (BC3),,,,,,,,,,,,,,,,,,,,,,,,,,,,,,,,,,,,,,,,,,,,,1,ER Medium Laser,1,5,4/8/12,,,,,,,,,,,,,,,,,,,,,,,,,1x5,,,,,,
Vehicle,Savannah Master Hovercraft,Savannah Master Hovercraft,,,,,,,,,,,,,,,,,,,,,,,,,,,,,,,,,,,,,,,,,,,,,1,Medium Laser,1,5,3/6/9,,,,,,,,,,,,,,,,,,,,,,,,,1x5,,,,,,
Vehicle,Savannah Master Hovercraft (Reflective),Savannah Master Hovercraft (Reflective),,,,,,,,,,,,,,,,,,,,,,,,,,,,,,,,,,,,,,,,,,,,,1,ER Medium Laser,1,5,4/8/12,,,,,,,,,,,,,,,,,,,,,,,,,1x5,,,,,,
Vehicle,Savannah Master Hovercraft (SL),Savannah Master Hovercraft (SL),,,,,,,,,,,,,,,,,,,,,,,,,,,,,,,,,,,,,,,,,,,,,1,Small Laser,2,3,1/2/3,,,,,,,,,,,,,,,,,,,,,,,,,2x3,,,,,,
Vehicle,Savior Repair Vehicle,Savior Repair Vehicle,,,,,,,,,,,,,,,,,,,,,,,,,,,,,,,,,,,,,,,,,,,,,1,Small Laser,1,3,1/2/3,,,,,,,,,,,,,,,,,,,,,,,,,1x3,,,,,,
Vehicle,Saxon APC,Saxon APC,,,,,,,,,,,,,,,,,,,,,,,,,,,,,,,,,,,,,,,,,,,,,1,Machine Gun,1,2,1/2/3,,,,,,,,,,,,,,,,,,,,,,,,,1x2,,,,,,
Vehicle,Saxon APC (HQ),Saxon APC (HQ),,,,,,,,,,,,,,,,,,,,,,,,,,,,,,,,,,,,,,,,,,,,,1,ER Medium Laser,2,5,4/8/12,,,,,,,,,,,,,,,,,,,,,,,,,2x5,,,,,,
Vehicle,Saxon APC (Laser),Saxon APC (Laser),,,,,,,,,,,,,,,,,,,,,,,,,,,,,,,,,,,,,,,,,,,,,1,ER Medium Laser,1,5,4/8/12,,,,,,,,,,,,,,,,,,,,,,,,,1x5,,,,,,
Vehicle,Saxon APC (MASH),Saxon APC (MASH),,,,,,,,,,,,,,,,,,,,,,,,,,,,,,,,,,,,,,,,,,,,,1,Machine Gun,1,2,1/2/3,,,,,,,,,,,,,,,,,,,,,,,,,1x2,,,,,,
Vehicle,Scapha Hovertank (A),Scapha Hovertank (A),,,,,,,,,,,,,,,,,,,,,,,,,,,,,,,,,,,,,,,,,,,,,,,,,,,,,,,,,,,,,,,,,,,,,,,,,,,,,,,,
Vehicle,Scapha Hovertank (B),Scapha Hovertank (B),,,,,,,,,,,,,,,,,,,,,,,,,,,,,,,,,,,,,,,,,,,,,1,Light Gauss Rifle,1,8,8/17/25,,,,,,,,,,,,,,,,,,,,,,,,,1x8,,,,,,
Vehicle,Scapha Hovertank (C),Scapha Hovertank (C),,,,,,,,,,,,,,,,,,,,,,,,,,,,,,,,,,,,,,,,,,,,,2,LB 10-X AC (Slug),1,10,6/12/18,-- OR --,,,,LB 10-X AC (Pellet),6,1,6/12/18,,,,,,,,,,,,,,,,,1x10,,6x1,,,,
Vehicle,Scapha Hovertank (D),Scapha Hovertank (D),,,,,,,,,,,,,,,,,,,,,,,,,,,,,,,,,,,,,,,,,,,,,1,Snub-Nose PPC,1,10,9/13/15,,,,,,,,,,,,,,,,,,,,,,,,,1x10,,,,,,
Vehicle,Scapha Hovertank (E),Scapha Hovertank (E),,,,,,,,,,,,,,,,,,,,,,,,,,,,,,,,,,,,,,,,,,,,,,,,,,,,,,,,,,,,,,,,,,,,,,,,,,,,,,,,
Vehicle,Scapha Hovertank (F),Scapha Hovertank (F),,,,,,,,,,,,,,,,,,,,,,,,,,,,,,,,,,,,,,,,,,,,,,,,,,,,,,,,,,,,,,,,,,,,,,,,,,,,,,,,
Vehicle,Scapha Hovertank (G),Scapha Hovertank (G),,,,,,,,,,,,,,,,,,,,,,,,,,,,,,,,,,,,,,,,,,,,,1,Light AC/2,2,2,6/12/18,,,,,,,,,,,,,,,,,,,,,,,,,2x2,,,,,,
Vehicle,Scapha Hovertank (H),Scapha Hovertank (H),,,,,,,,,,,,,,,,,,,,,,,,,,,,,,,,,,,,,,,,,,,,,,,,,,,,,,,,,,,,,,,,,,,,,,,,,,,,,,,,
Vehicle,Scapha Hovertank (I),Scapha Hovertank (I),,,,,,,,,,,,,,,,,,,,,,,,,,,,,,,,,,,,,,,,,,,,,,,,,,,,,,,,,,,,,,,,,,,,,,,,,,,,,,,,
Vehicle,Scapha Hovertank (J),Scapha Hovertank (J),,,,,,,,,,,,,,,,,,,,,,,,,,,,X,,,,,,,,,,,,,,,,,1,Medium Pulse Laser,3,6,2/4/6,,,,,,,,,,,,,,,,,,,,,,,,,3x6,,,,,,
Vehicle,Scapha Hovertank (Primary),Scapha Hovertank (Primary),,,,,,,,,,,,,,,,,,,,,,,,,,,,X,X,X,,,,,,,,,,,,,,,1,Light PPC,2,5,6/12/18,,,,,,,,,,,,,,,,,,,,,,,,,2x5,,,,,,
Vehicle,Schildkrote Line Tank,Schildkrote Line Tank,,,,,,,,,,,,,,,,,,,,,,,,,,,X,,,,,,,,,,,,,,,,,,3,LB 10-X AC (Slug),1,10,6/12/18,-- OR --,,,,LB 10-X AC (Pellet),6,1,6/12/18,Light PPC,1,5,6/12/18,,,,,,,,,,,,,1x10,,6x1,1x5,,,
Vehicle,Schildkrote Line Tank (HPPC),Schildkrote Line Tank (HPPC),,,,,,,,,,,,,,,,,,,,,,,,,,,X,,,,,,,,,,,,,,,,,,2,Heavy PPC,1,15,6/12/18,SRM 2,1,2,3/6/9,,,,,,,,,,,,,,,,,,,,,1x15,1x2,,,,,
Vehicle,Schildkrote Line Tank (Light Gauss),Schildkrote Line Tank (Light Gauss),,,,,,,,,,,,,,,,,,,,,,,,,,,X,,,,,,,,,,,,,,,,,,1,Light Gauss Rifle,1,8,8/17/25,,,,,,,,,,,,,,,,,,,,,,,,,1x8,,,,,,
Vehicle,Schildkrote Line Tank (Plasma),Schildkrote Line Tank (Plasma),,,,,,,,,,,,,,,,,,,,,,,,,,,X,,,,,,,,,,,,,,,,,,1,Plasma Rifle,1,10,6/14/22,,,,,,,,,,,,,,,,,,,,,,,,,1x10,,,,,,
Vehicle,Schiltron Mobile Fire-Support Platform A,Schiltron Mobile Fire-Support Platform A,,,,,,,,,,,,,,,,,,,,,,,,,,,,X,,,,,,,,,,,,,,,,,4,MRM 40,8,5,3/8/15,Medium Laser,2,5,3/6/9,Small Laser,4,3,1/2/3,MRM 10,2,5,3/8/15,,,,,,,,,,,,,8x5,2x5,4x3,2x5,,,
Vehicle,Schiltron Mobile Fire-Support Platform B,Schiltron Mobile Fire-Support Platform B,,,,,,,,,,,,,,,,,,,,,,,,,,,,X,,,,,,,,,,,,,,,,,3,LRM 15,12,5,7/14/21,Medium Laser,1,5,3/6/9,Small Laser,2,3,1/2/3,,,,,,,,,,,,,,,,,12x5,1x5,2x3,,,,
Vehicle,Schiltron Mobile Fire-Support Platform C,Schiltron Mobile Fire-Support Platform C,,,,,,,,,,,,,,,,,,,,,,,,,,,,X,,,,,,,,,,,,,,,,,1,Large Laser,4,8,5/10/15,,,,,,,,,,,,,,,,,,,,,,,,,4x8,,,,,,
Vehicle,Schiltron Mobile Fire-Support Platform D,Schiltron Mobile Fire-Support Platform D,,,,,,,,,,,,,,,,,,,,,,,,,,,,X,,,,,,,,,,,,,,,,,1,LRM 15,3,5,7/14/21,,,,,,,,,,,,,,,,,,,,,,,,,3x5,,,,,,
Vehicle,Schiltron Mobile Fire-Support Platform E,Schiltron Mobile Fire-Support Platform E,,,,,,,,,,,,,,,,,,,,,,,,,,,,X,,,,,,,,,,,,,,,,,1,Light AC/5,3,5,5/10/15,,,,,,,,,,,,,,,,,,,,,,,,,3x5,,,,,,
Vehicle,Schiltron Mobile Fire-Support Platform F,Schiltron Mobile Fire-Support Platform F,,,,,,,,,,,,,,,,,,,,,,,,,,,,X,,,,,,,,,,,,,,,,,1,ER Medium Laser,1,5,4/8/12,,,,,,,,,,,,,,,,,,,,,,,,,1x5,,,,,,
Vehicle,Schiltron Mobile Fire-Support Platform Prime,Schiltron Mobile Fire-Support Platform Prime,,,,,,,,,,,,,,,,,,,,,,,,,,,,X,,,,,,,,,,,,,,,,,2,Medium Laser,2,5,3/6/9,Small Laser,4,3,1/2/3,,,,,,,,,,,,,,,,,,,,,2x5,4x3,,,,,
Vehicle,Schrek AC Carrier,Schrek AC Carrier,,,,,,,,,,,,,,,,,,,,,,,,,,,,,,,,,,,,,,,,,,,,,1,Machine Gun,8,2,1/2/3,,,,,,,,,,,,,,,,,,,,,,,,,8x2,,,,,,
Vehicle,Schrek AC Carrier (Lothian),Schrek AC Carrier (Lothian),,,,,,,,,,,,,,,,,,,,,,,,,,,,,,,,,,,,,,,,,,,,,,,,,,,,,,,,,,,,,,,,,,,,,,,,,,,,,,,,
Vehicle,Schrek Gauss Carrier,Schrek Gauss Carrier,,,,,,,,,,,,,,,,,,,,,,,,,,,,X,,,,,,,X,,,,,,,,,,1,Light Gauss Rifle,3,8,8/17/25,,,,,,,,,,,,,,,,,,,,,,,,,3x8,,,,,,
Vehicle,Schrek IIX PPC Carrier,Schrek IIX PPC Carrier,,,,,,,,,,,,,,,,,,,,,,,,,,,,,,,,,,,,,,,,,,,,,1,Light PPC,6,5,6/12/18,,,,,,,,,,,,,,,,,,,,,,,,,6x5,,,,,,
Vehicle,Schrek PPC Carrier,Schrek PPC Carrier,,,,,,,,,,,,,,,,,,,,,,,,,,,,,,,,,,,,,,,,,,,,,1,PPC,3,10,6/12/18,,,,,,,,,,,,,,,,,,,,,,,,,3x10,,,,,,
Vehicle,Schrek PPC Carrier (Anti-Infantry),Schrek PPC Carrier (Anti-Infantry),,,,,,,,,,,,,,,,,,,,,,,,,,,,,,,,,,,,,,,,,,,,,2,PPC,3,10,6/12/18,Machine Gun,2,2,1/2/3,,,,,,,,,,,,,,,,,,,,,3x10,2x2,,,,,
Vehicle,Schrek PPC Carrier (Armor),Schrek PPC Carrier (Armor),,,,,,,,,,,,,,,,,,,,,,,,,,,,,,,,,,,,,,,,,,,,,1,PPC,3,10,6/12/18,,,,,,,,,,,,,,,,,,,,,,,,,3x10,,,,,,
Vehicle,Schrek PPC Carrier (C3M),Schrek PPC Carrier (C3M),,,,,,,,,,,,,,,,,,,,,,,,,,,X,X,,,,,,,,,,,,,,,,,1,PPC,2,10,6/12/18,,,,,,,,,,,,,,,,,,,,,,,,,2x10,,,,,,
Vehicle,Schrek PPC Carrier (LB-X),Schrek PPC Carrier (LB-X),,,,,,,,,,,,,,,,,,,,,,,,,,,,,,,,,,,,,,,,,,,,,3,PPC,1,10,6/12/18,LB 10-X AC (Slug),2,10,6/12/18,-- OR --,,,,LB 10-X AC (Pellet),12,1,6/12/18,,,,,,,,,,,,,1x10,2x10,,12x1,,,
Vehicle,Schrek PPC Carrier (XL),Schrek PPC Carrier (XL),,,,,,,,,,,,,,,,,,,,,,,,,,,,,,,,,,,,,,,,,,,,,1,PPC,3,10,6/12/18,,,,,,,,,,,,,,,,,,,,,,,,,3x10,,,,,,
Vehicle,Scimitar Medium Hover Tank,Scimitar Medium Hover Tank,,,,,,,,,,,,,,,,,,,,,,,,,,,,,,,,,,,,,,,,,,,,,1,SRM 2,2,2,3/6/9,,,,,,,,,,,,,,,,,,,,,,,,,2x2,,,,,,
Vehicle,Scimitar Medium Hover Tank (C3),Scimitar Medium Hover Tank (C3),,,,,,,,,,,,,,,,,,,,,,,,,,,,,,,,,,,,,,,,,,,,,,,,,,,,,,,,,,,,,,,,,,,,,,,,,,,,,,,,
Vehicle,Scimitar Medium Hover Tank (Missile),Scimitar Medium Hover Tank (Missile),,,,,,,,,,,,,,,,,,,,,,,,,,,,,,,,,,,,,,,,,,,,,2,SRM 2,2,2,3/6/9,LRM 15,1,5,7/14/21,,,,,,,,,,,,,,,,,,,,,2x2,1x5,,,,,
Vehicle,Scimitar Medium Hover Tank (TAG),Scimitar Medium Hover Tank (TAG),,,,,,,,,,,,,,,,,,,,,,,,,,,,,,,,,,,,,,,,,,,,,1,SRM 4,4,2,3/6/9,,,,,,,,,,,,,,,,,,,,,,,,,4x2,,,,,,
Vehicle,Scimitar Mk II HCV,Scimitar Mk II HCV,,,,,,,,,,,,,,,,,,,,,,,,,,,,X,,,,,,,,,,,,,,,,,4,ER Small Laser,1,3,2/4/5,Small Laser,4,3,1/2/3,Machine Gun,2,2,1/2/3,SRM 4,2,2,3/6/9,,,,,,,,,,,,,1x3,4x3,2x2,2x2,,,
Vehicle,Scimitar Mk II HCV (3136 Upgrade),Scimitar Mk II HCV (3136 Upgrade),,,,,,,,,,,,,,,,,,,,,,,,,,,,X,,,,,,,,,,,,,,,,,3,Small Laser,4,3,1/2/3,Light PPC,1,5,6/12/18,SRM 4,2,2,3/6/9,,,,,,,,,,,,,,,,,4x3,1x5,2x2,,,,
Vehicle,Scimitar Mk II HCV (BC3),Scimitar Mk II HCV (BC3),,,,,,,,,,,,,,,,,,,,,,,,,,,,,,,,,,,,,,,,,,,,,2,Light PPC,1,5,6/12/18,SRM 4,2,2,3/6/9,,,,,,,,,,,,,,,,,,,,,1x5,2x2,,,,,
Vehicle,Scorpion Light Tank,Scorpion Light Tank,,,,,,,,,,,,,,,,,,,,,,,,,,,,,,,,,,,,,,,,,,,,,1,Machine Gun,1,2,1/2/3,,,,,,,,,,,,,,,,,,,,,,,,,1x2,,,,,,
Vehicle,Scorpion Light Tank (Armor),Scorpion Light Tank (Armor),,,,,,,,,,,,,,,,,,,,,,,,,,,,,,,,,,,,,,,,,,,,,1,Machine Gun,1,2,1/2/3,,,,,,,,,,,,,,,,,,,,,,,,,1x2,,,,,,
Vehicle,Scorpion Light Tank (Hardened),Scorpion Light Tank (Hardened),,,,,,,,,,,,,,,,,,,,,,,,,,,,,,,,,,,,,,,,,,,,,2,Machine Gun,1,2,1/2/3,Light AC/5,1,5,5/10/15,,,,,,,,,,,,,,,,,,,,,1x2,1x5,,,,,
Vehicle,Scorpion Light Tank (LAC),Scorpion Light Tank (LAC),,,,,,,,,,,,,,,,,,,,,,,,,,,,,,,,,,,,,,,,,,,,,1,Machine Gun,1,2,1/2/3,,,,,,,,,,,,,,,,,,,,,,,,,1x2,,,,,,
Vehicle,Scorpion Light Tank (LRM),Scorpion Light Tank (LRM),,,,,,,,,,,,,,,,,,,,,,,,,,,,,,,,,,,,,,,,,,,,,2,LRM 5,1,5,7/14/21,LRM 10,1,5,7/14/21,,,,,,,,,,,,,,,,,,,,,1x5,1x5,,,,,
Vehicle,Scorpion Light Tank (ML),Scorpion Light Tank (ML),,,,,,,,,,,,,,,,,,,,,,,,,,,,,,,,,,,,,,,,,,,,,2,Medium Laser,2,5,3/6/9,Machine Gun,1,2,1/2/3,,,,,,,,,,,,,,,,,,,,,2x5,1x2,,,,,
Vehicle,Scorpion Light Tank (MRM),Scorpion Light Tank (MRM),,,,,,,,,,,,,,,,,,,,,,,,,,,,,,,,,,,,,,,,,,,,,2,Machine Gun,1,2,1/2/3,MRM 20,2,5,3/8/15,,,,,,,,,,,,,,,,,,,,,1x2,2x5,,,,,
Vehicle,Scorpion Light Tank (Minesweeper),Scorpion Light Tank (Minesweeper),,,,,,,,,,,,,,,,,,,,,,,,,,,,,,,,,,,,,,,,,,,,,2,LRM 5,2,5,7/14/21,Machine Gun,1,2,1/2/3,,,,,,,,,,,,,,,,,,,,,2x5,1x2,,,,,
Vehicle,Scorpion Light Tank (RAC),Scorpion Light Tank (RAC),,,,,,,,,,,,,,,,,,,,,,,,,,,,,,,,,,,,,,,,,,,,,1,Machine Gun,1,2,1/2/3,,,,,,,,,,,,,,,,,,,,,,,,,1x2,,,,,,
Vehicle,Scorpion Light Tank (Rifle),Scorpion Light Tank (Rifle),,,,,,,,,,,,,,,,,,,,,,,,,,,,,,,,,,,,,,,,,,,,,1,Heavy Rifle,1,9,6/12/18,,,,,,,,,,,,,,,,,,,,,,,,,1x9,,,,,,
Vehicle,Scorpion Light Tank (SRM),Scorpion Light Tank (SRM),,,,,,,,,,,,,,,,,,,,,,,,,,,,,,,,,,,,,,,,,,,,,2,Machine Gun,1,2,1/2/3,SRM 6,8,2,3/6/9,,,,,,,,,,,,,,,,,,,,,1x2,8x2,,,,,
Vehicle,Scorpion Light Tank (Thunderbolt),Scorpion Light Tank (Thunderbolt),,,,,,,,,,,,,,,,,,,,,,,,,,,,,,,,,,,,,,,,,,,,,1,Machine Gun,1,2,1/2/3,,,,,,,,,,,,,,,,,,,,,,,,,1x2,,,,,,
Vehicle,Scorpion Light Tank (Ultra),Scorpion Light Tank (Ultra),,,,,,,,,,,,,,,,,,,,,,,,,,,,,,,,,,,,,,,,,,,,,1,Machine Gun,1,2,1/2/3,,,,,,,,,,,,,,,,,,,,,,,,,1x2,,,,,,
Vehicle,Scorpion Light Tank C,Scorpion Light Tank C,,,,,,,,,,,,,,,,,,,,,,,,,,,,,,,,,,,,,,,,,,,,,2,Clan LB 5-X AC (Slug),1,5,8/15/24,-- OR --,,,,Clan LB 5-X AC (Pellet),3,1,8/15/24,,,,,,,,,,,,,,,,,1x5,,3x1,,,,
Vehicle,Scorpion Light Tank Minesweeper,Scorpion Light Tank Minesweeper,,,,,,,,,,,,,,,,,,,,,,,,,,,,,,,,,,,,,,,,,,,,,2,LRM 5,2,5,7/14/21,Machine Gun,1,2,1/2/3,,,,,,,,,,,,,,,,,,,,,2x5,1x2,,,,,
Vehicle,Sea Hunter Maritime Tank,Sea Hunter Maritime Tank,,,,,,,,,,,,,,,,,,,,,,,,,,,,,,,,,,,,,,,,,,,,,1,Enhanced LRM 10,1,5,7/14/21,,,,,,,,,,,,,,,,,,,,,,,,,1x5,,,,,,
Vehicle,Sea Skimmer Hydrofoil,Sea Skimmer Hydrofoil,,,,,,,,,,,,,,,,,,,,,,,,,,,,,,,,,,,,,,,,,,,,,2,Machine Gun,3,2,1/2/3,SRM 4,2,2,3/6/9,,,,,,,,,,,,,,,,,,,,,3x2,2x2,,,,,
Vehicle,Sea Skimmer Hydrofoil (SRM2),Sea Skimmer Hydrofoil (SRM2),,,,,,,,,,,,,,,,,,,,,,,,,,,,,,,,,,,,,,,,,,,,,1,SRM 2,4,2,3/6/9,,,,,,,,,,,,,,,,,,,,,,,,,4x2,,,,,,
Vehicle,Sea Skimmer Hydrofoil (SRM6),Sea Skimmer Hydrofoil (SRM6),,,,,,,,,,,,,,,,,,,,,,,,,,,,,,,,,,,,,,,,,,,,,2,Machine Gun,1,2,1/2/3,SRM 6,4,2,3/6/9,,,,,,,,,,,,,,,,,,,,,1x2,4x2,,,,,
Vehicle,Sea Skimmer Hydrofoil ELRM,Sea Skimmer Hydrofoil ELRM,,,,,,,,,,,,,,,,,,,,,,,,,,,,,,,,,,,,,,,,,,,,,1,Extended LRM 10,1,5,12/22/38,,,,,,,,,,,,,,,,,,,,,,,,,1x5,,,,,,
Vehicle,Sea Skimmer Hydrofoil Sniper,Sea Skimmer Hydrofoil Sniper,,,,,,,,,,,,,,,,,,,,,,,,,,,,,,,,,,,,,,,,,,,,,1,Extended LRM 5,1,5,12/22/38,,,,,,,,,,,,,,,,,,,,,,,,,1x5,,,,,,
Vehicle,Sekhmet Assault Vehicle,Sekhmet Assault Vehicle,,,,,,,,,,,,,,,,,,,,,,,,,,,,,,,,,,,,,,,,,,,,,2,Clan SRM 6,8,2,3/6/9,Clan Large Pulse Laser,2,10,6/14/20,,,,,,,,,,,,,,,,,,,,,8x2,2x10,,,,,
Vehicle,Sekhmet Assault Vehicle (Streak),Sekhmet Assault Vehicle (Streak),,,,,,,,,,,,,,,,,,,,,,,,,,,,,,,,,,,,,,,,,,,,,1,Clan Streak LRM 20,8,5,7/14/21,,,,,,,,,,,,,,,,,,,,,,,,,8x5,,,,,,
Vehicle,Shackleton AESV,Shackleton AESV,,,,,,,,,,,,,,,,,,,,,,,,,,,,,,X,,,,,,,,,,,,,,,1,Machine Gun,1,2,1/2/3,,,,,,,,,,,,,,,,,,,,,,,,,1x2,,,,,,
Vehicle,Shamash Reconnaissance Vehicle,Shamash Reconnaissance Vehicle,,,,,,,,,,,,,,,,,,,,,,,,,,,,,,,,,,,,,,,,,,,,,1,Clan ER Small Laser,4,5,2/4/6,,,,,,,,,,,,,,,,,,,,,,,,,4x5,,,,,,
Vehicle,Shamash Reconnaissance Vehicle (Flamer),Shamash Reconnaissance Vehicle (Flamer),,,,,,,,,,,,,,,,,,,,,,,,,,,,,,,,,,,,,,,,,,,,,,,,,,,,,,,,,,,,,,,,,,,,,,,,,,,,,,,,
Vehicle,Shamash Reconnaissance Vehicle (Interdictor),Shamash Reconnaissance Vehicle (Interdictor),,,,,,,,,,,,,,,,,,,,,,,,,,,,X,,,,,,,,,,,,,,,,,1,Clan ER Medium Laser,1,7,5/10/15,,,,,,,,,,,,,,,,,,,,,,,,,1x7,,,,,,
Vehicle,Shandra Advanced Scout Vehicle,Shandra Advanced Scout Vehicle,,,,,,,,,,,,,,,,,,,,,,,,,,,,X,,,,,,,,,,,,,,,,,3,SRM 4,2,2,3/6/9,ER Small Laser,1,3,2/4/5,Machine Gun,2,2,1/2/3,,,,,,,,,,,,,,,,,2x2,1x3,2x2,,,,
Vehicle,Shandra Advanced Scout Vehicle (Original),Shandra Advanced Scout Vehicle (Original),,,,,,,,,,,,,,,,,,,,,,,,,,,,X,,,,,,,,,,,,,,,,,1,Machine Gun,2,2,1/2/3,,,,,,,,,,,,,,,,,,,,,,,,,2x2,,,,,,
Vehicle,Sheriff Infantry Support Tank,Sheriff Infantry Support Tank,,,,,,,,,,,,,,,,,,,,,,,,,,,,,,,,,,,,,,,,,,,,,1,Light AC/5,2,5,5/10/15,,,,,,,,,,,,,,,,,,,,,,,,,2x5,,,,,,
Vehicle,Sherpa Armored Truck,Sherpa Armored Truck,,,,,,,,,,,,,,,,,,,,,,,,,,,,,,,,,,,,,,,,,,,,,1,Machine Gun,1,2,1/2/3,,,,,,,,,,,,,,,,,,,,,,,,,1x2,,,,,,
Vehicle,Sherpa Armored Truck (MASH),Sherpa Armored Truck (MASH),,,,,,,,,,,,,,,,,,,,,,,,,,,,,,,,,,,,,,,,,,,,,1,Machine Gun,1,2,1/2/3,,,,,,,,,,,,,,,,,,,,,,,,,1x2,,,,,,
Vehicle,Sherpa Armored Truck (Mobile Canteen),Sherpa Armored Truck (Mobile Canteen),,,,,,,,,,,,,,,,,,,,,,,,,,,,,,,,,,,,,,,,,,,,,1,Machine Gun,1,2,1/2/3,,,,,,,,,,,,,,,,,,,,,,,,,1x2,,,,,,
Vehicle,Shillelagh Missile Tank,Shillelagh Missile Tank,,,,,,,,,,,,,,,,,,,,,,,,,,,,,,,,,,,,,,,,,,,,,1,Light Machine Gun,2,1,2/4/6,,,,,,,,,,,,,,,,,,,,,,,,,2x1,,,,,,
Vehicle,Shillelagh Missile Tank (Original),Shillelagh Missile Tank (Original),,,,,,,,,,,,,,,,,,,,,,,,,,,,,,,,,,,,,,,,,,,,,2,Machine Gun,1,2,1/2/3,LRM 15,1,5,7/14/21,,,,,,,,,,,,,,,,,,,,,1x2,1x5,,,,,
Vehicle,Shoden Assault Vehicle (SSRM),Shoden Assault Vehicle (SSRM),,,,,,,,,,,,,,,,,,,,,,,,,,,,,,,,,,,,,,,,,,,,,1,Clan Streak SRM 6,24,2,4/8/12,,,,,,,,,,,,,,,,,,,,,,,,,24x2,,,,,,
Vehicle,Shoden Assault Vehicle LB-X,Shoden Assault Vehicle LB-X,,,,,,,,,,,,,,,,,,,,,,,,,,,,,,,,,,,,,,,,,,,,,4,Clan ER Medium Laser,2,7,5/10/15,Clan SRM 4,4,2,3/6/9,Clan LB 10-X AC (Slug),1,10,6/12/18,-- OR --,,,,Clan LB 10-X AC (Pellet),6,1,6/12/18,,,,,,,,,2x7,4x2,1x10,,6x1,,
Vehicle,Shun Transport VTOL,Shun Transport VTOL,,,,,,,,,,,,,,,,,,,,,,,,,,,,X,,,,,,,,,,,,,,,,,,,,,,,,,,,,,,,,,,,,,,,,,,,,,,,,,,,,
Vehicle,Shun Transport VTOL (Support),Shun Transport VTOL (Support),,,,,,,,,,,,,,,,,,,,,,,,,,,,X,,,,,,,,,,,,,,,,,1,Light PPC,2,5,6/12/18,,,,,,,,,,,,,,,,,,,,,,,,,2x5,,,,,,
Vehicle,Silverback Coastal Cutter,Silverback Coastal Cutter,,,,,,,,,,,,,,,,,,,,,,,,,,,,X,,,,,,,,,,,,,,,,,1,Machine Gun,3,2,1/2/3,,,,,,,,,,,,,,,,,,,,,,,,,3x2,,,,,,
Vehicle,Silverfin Coastal Cutter,Silverfin Coastal Cutter,,,,,,,,,,,,,,,,,,,,,,,,,,,,,,,,,,,,,,,,,,,,,1,Machine Gun,1,2,1/2/3,,,,,,,,,,,,,,,,,,,,,,,,,1x2,,,,,,
Vehicle,Skadi Swift Attack VTOL,Skadi Swift Attack VTOL,,,,,,,,,,,,,,,,,,,,,,,,,,,,,,,,,,,,,,,,,,,,,1,Clan ER Micro Laser,2,2,1/2/4,,,,,,,,,,,,,,,,,,,,,,,,,2x2,,,,,,
Vehicle,Skanda Light Tank,Skanda Light Tank,,,,,,,,,,,,,,,,,,,,,,,,,,,,,,,,,,,,,,,,,,,,,1,Clan ER Medium Laser,2,7,5/10/15,,,,,,,,,,,,,,,,,,,,,,,,,2x7,,,,,,
Vehicle,Skanda Light Tank (TSEMP),Skanda Light Tank (TSEMP),,,,,,,,,,,,,,,,,,,,,,,,,,,,,,,,,,,,,,,,,,,,,,,,,,,,,,,,,,,,,,,,,,,,,,,,,,,,,,,,
Vehicle,Skimmer,Skimmer,,,,,,,,,,,,,,,,,,,,,,,,,,,,,,,,,,,,,,,,,,,,,2,Small Laser,1,3,1/2/3,Flamer,1,2,1/2/3,,,,,,,,,,,,,,,,,,,,,1x3,1x2,,,,,
Vehicle,Skulker Wheeled Scout Tank,Skulker Wheeled Scout Tank,,,,,,,,,,,,,,,,,,,,,,,,,,,,,,,,,,,,,,,,,,,,,1,Medium Laser,1,5,3/6/9,,,,,,,,,,,,,,,,,,,,,,,,,1x5,,,,,,
Vehicle,Skulker Wheeled Scout Tank (MG),Skulker Wheeled Scout Tank (MG),,,,,,,,,,,,,,,,,,,,,,,,,,,,,,,,,,,,,,,,,,,,,1,Machine Gun,2,2,1/2/3,,,,,,,,,,,,,,,,,,,,,,,,,2x2,,,,,,
Vehicle,Skulker Wheeled Scout Tank (SRM),Skulker Wheeled Scout Tank (SRM),,,,,,,,,,,,,,,,,,,,,,,,,,,,,,,,,,,,,,,,,,,,,1,SRM 4,2,2,3/6/9,,,,,,,,,,,,,,,,,,,,,,,,,2x2,,,,,,
Vehicle,Skulker Wheeled Scout Tank C,Skulker Wheeled Scout Tank C,,,,,,,,,,,,,,,,,,,,,,,,,,,,X,,,,,,,X,,,,,,,,,,,,,,,,,,,,,,,,,,,,,,,,,,,,,,,,,,,,,
Vehicle,Skulker Wheeled Scout Tank MK II,Skulker Wheeled Scout Tank MK II,,,,,,,,,,,,,,,,,,,,,,,,,,,,X,X,X,,,,,,,,,,,,,,,1,Medium Laser,1,5,3/6/9,,,,,,,,,,,,,,,,,,,,,,,,,1x5,,,,,,
Vehicle,Skulker Wheeled Scout Tank X-5,Skulker Wheeled Scout Tank X-5,,,,,,,,,,,,,,,,,,,,,,,,,,,,X,X,X,,,,,,,,,,,,,,,1,ER Medium Laser,1,5,4/8/12,,,,,,,,,,,,,,,,,,,,,,,,,1x5,,,,,,
Vehicle,Sleipnir APC,Sleipnir APC,,,,,,,,,,,,,,,,,,,,,,,,,,,,,,,,,,,,,,,,,,,,,2,Machine Gun,2,2,1/2/3,Medium Laser,2,5,3/6/9,,,,,,,,,,,,,,,,,,,,,2x2,2x5,,,,,
Vehicle,Sleipnir APC SRM,Sleipnir APC SRM,,,,,,,,,,,,,,,,,,,,,,,,,,,,,,,,,,,,,,,,,,,,,2,Machine Gun,2,2,1/2/3,SRM 4,6,2,3/6/9,,,,,,,,,,,,,,,,,,,,,2x2,6x2,,,,,
Vehicle,Sniper Artillery,Sniper Artillery,,,,,,,,,,,,,,,,,,,,,,,,,,,,,,,,,,,,,,,,,,,,,2,ER Small Laser,2,3,2/4/5,Machine Gun,2,2,1/2/3,,,,,,,,,,,,,,,,,,,,,2x3,2x2,,,,,
Vehicle,Soarece Super Heavy MBT,Soarece Super Heavy MBT,,,,,,,,,,,,,,,,,,,,,,,,,,,,,,,,,,,,,,,,,,,,,1,Machine Gun,1,2,1/2/3,,,,,,,,,,,,,,,,,,,,,,,,,1x2,,,,,,
Vehicle,Sokar Urban Combat Unit,Sokar Urban Combat Unit,,,,,,,,,,,,,,,,,,,,,,,,,,,,,,,,,,,,,,,,,,,,,1,Clan Heavy Flamer,2,4,2/3/4,,,,,,,,,,,,,,,,,,,,,,,,,2x4,,,,,,
Vehicle,Sortek Assault Craft,Sortek Assault Craft,,,,,,,,,,,,,,,,,,,,,,,,,,,X,,,,,,,,,,,,,,,,,,,,,,,,,,,,,,,,,,,,,,,,,,,,,,,,,,,,,
Vehicle,Sortek Assault Craft (Interdictor),Sortek Assault Craft (Interdictor),,,,,,,,,,,,,,,,,,,,,,,,,,,X,X,,,,,,,,,,,,,,,,,1,Light PPC,2,5,6/12/18,,,,,,,,,,,,,,,,,,,,,,,,,2x5,,,,,,
Vehicle,Sprint Scout Helicopter,Sprint Scout Helicopter,,,,,,,,,,,,,,,,,,,,,,,,,,,,,,X,,,,,,,,,,,,,,,,,,,,,,,,,,,,,,,,,,,,,,,,,,,,,,,,,,
Vehicle,Sprint Scout Helicopter (Interdictor),Sprint Scout Helicopter (Interdictor),,,,,,,,,,,,,,,,,,,,,,,,,,,,X,,,,,,,,,,,,,,,,,,,,,,,,,,,,,,,,,,,,,,,,,,,,,,,,,,,,
Vehicle,Sprint Scout Helicopter (Laser),Sprint Scout Helicopter (Laser),,,,,,,,,,,,,,,,,,,,,,,,,,,,,,X,,,,,,,,,,,,,,,1,Medium Laser,1,5,3/6/9,,,,,,,,,,,,,,,,,,,,,,,,,1x5,,,,,,
Vehicle,Stoat Scout Car,Stoat Scout Car,,,,,,,,,,,,,,,,,,,,,,,,,,,,,,,,,,,,,,,,,,,,,1,Machine Gun,1,2,1/2/3,,,,,,,,,,,,,,,,,,,,,,,,,1x2,,,,,,
Vehicle,Strike Falcon Attack VTOL,Strike Falcon Attack VTOL,,,,,,,,,,,,,,,,,,,,,,,,,,,,,,,,,,,,,,,,,,,,,2,SRM 4,4,2,3/6/9,Machine Gun,3,2,1/2/3,,,,,,,,,,,,,,,,,,,,,4x2,3x2,,,,,
Vehicle,Striker Light Tank,Striker Light Tank,,,,,,,,,,,,,,,,,,,,,,,,,,,,,,,,,,,,,,,,,,,,,2,LRM 10,1,5,7/14/21,SRM 6,4,2,3/6/9,,,,,,,,,,,,,,,,,,,,,1x5,4x2,,,,,
Vehicle,Striker Light Tank (3053 Upgrade),Striker Light Tank (3053 Upgrade),,,,,,,,,,,,,,,,,,,,,,,,,,,,,,,,,,,,,,,,,,,,,2,LRM 15,3,5,7/14/21,Streak SRM 2,4,2,3/6/9,,,,,,,,,,,,,,,,,,,,,3x5,4x2,,,,,
Vehicle,Striker Light Tank (3061 Upgrade),Striker Light Tank (3061 Upgrade),,,,,,,,,,,,,,,,,,,,,,,,,,,,X,,,,,,,,,,,,,,,,,2,ER Medium Laser,1,5,4/8/12,LRM 15,3,5,7/14/21,,,,,,,,,,,,,,,,,,,,,1x5,3x5,,,,,
Vehicle,Striker Light Tank (Ammo),Striker Light Tank (Ammo),,,,,,,,,,,,,,,,,,,,,,,,,,,,,,,,,,,,,,,,,,,,,2,LRM 15,1,5,7/14/21,Streak SRM 2,4,2,3/6/9,,,,,,,,,,,,,,,,,,,,,1x5,4x2,,,,,
Vehicle,Striker Light Tank (LRM),Striker Light Tank (LRM),,,,,,,,,,,,,,,,,,,,,,,,,,,,,,,,,,,,,,,,,,,,,1,LRM 15,1,5,7/14/21,,,,,,,,,,,,,,,,,,,,,,,,,1x5,,,,,,
Vehicle,Striker Light Tank (Laser),Striker Light Tank (Laser),,,,,,,,,,,,,,,,,,,,,,,,,,,,X,,,,,,,,,,,,,,,,,2,ER Medium Laser,2,5,4/8/12,LRM 15,3,5,7/14/21,,,,,,,,,,,,,,,,,,,,,2x5,3x5,,,,,
Vehicle,Striker Light Tank (Narc),Striker Light Tank (Narc),,,,,,,,,,,,,,,,,,,,,,,,,,,,,,,,,,,,,,,,,,,,,2,LRM 10,1,5,7/14/21,SRM 2,2,2,3/6/9,,,,,,,,,,,,,,,,,,,,,1x5,2x2,,,,,
Vehicle,Striker Light Tank (SRM),Striker Light Tank (SRM),,,,,,,,,,,,,,,,,,,,,,,,,,,,,,,,,,,,,,,,,,,,,2,LRM 10,1,5,7/14/21,SRM 2,4,2,3/6/9,,,,,,,,,,,,,,,,,,,,,1x5,4x2,,,,,
Vehicle,Striker Light Tank (Stealth),Striker Light Tank (Stealth),,,,,,,,,,,,,,,,,,,,,,,,,,,,X,,,,,,,X,,,,,,,,,,1,SRM 6,4,2,3/6/9,,,,,,,,,,,,,,,,,,,,,,,,,4x2,,,,,,
Vehicle,Strix Stealth VTOL,Strix Stealth VTOL,,,,,,,,,,,,,,,,,,,,,,,,,,,,X,,,,,,,,,,,,,,,,,1,Clan ER Small Laser,2,5,2/4/6,,,,,,,,,,,,,,,,,,,,,,,,,2x5,,,,,,
Vehicle,SturmFeur Heavy Tank,SturmFeur Heavy Tank,,,,,,,,,,,,,,,,,,,,,,,,,,,,,,,,,,,,,,,,,,,,,2,LRM 20,4,5,7/14/21,Machine Gun,2,2,1/2/3,,,,,,,,,,,,,,,,,,,,,4x5,2x2,,,,,
Vehicle,SturmFeur Heavy Tank (Assault),SturmFeur Heavy Tank (Assault),,,,,,,,,,,,,,,,,,,,,,,,,,,,X,,,,,,,,,,,,,,,,,4,Improved Heavy Gauss Rifle,1,22,6/12/19,Clan LRM 20,4,5,7/14/21,Clan LRM 10,2,5,7/14/21,Clan ER Medium Laser,1,7,5/10/15,,,,,,,,,,,,,1x22,4x5,2x5,1x7,,,
Vehicle,SturmFeur Heavy Tank (Cell),SturmFeur Heavy Tank (Cell),,,,,,,,,,,,,,,,,,,,,,,,,,,,,,,,,,,,,,,,,,,,,2,Clan LRM 20,8,5,7/14/21,Machine Gun,2,2,1/2/3,,,,,,,,,,,,,,,,,,,,,8x5,2x2,,,,,
Vehicle,SturmFeur Heavy Tank (Heavy Gauss),SturmFeur Heavy Tank (Heavy Gauss),,,,,,,,,,,,,,,,,,,,,,,,,,,,,,,,,,,,,,,,,,,,,2,LRM 10,2,5,7/14/21,ER Medium Laser,1,5,4/8/12,,,,,,,,,,,,,,,,,,,,,2x5,1x5,,,,,
Vehicle,SturmFeur Heavy Tank (SRM),SturmFeur Heavy Tank (SRM),,,,,,,,,,,,,,,,,,,,,,,,,,,,,,,,,,,,,,,,,,,,,3,LRM 20,2,5,7/14/21,SRM 4,8,2,3/6/9,Machine Gun,3,2,1/2/3,,,,,,,,,,,,,,,,,2x5,8x2,3x2,,,,
Vehicle,SturmFeur Heavy Tank (Steiner),SturmFeur Heavy Tank (Steiner),,,,,,,,,,,,,,,,,,,,,,,,,,,,X,,,,,,,,,,,,,,,,,2,LRM 20,4,5,7/14/21,ER Medium Laser,2,5,4/8/12,,,,,,,,,,,,,,,,,,,,,4x5,2x5,,,,,
Vehicle,SturmFeur Heavy Tank (Support) 'Gilmore',SturmFeur Heavy Tank (Support) 'Gilmore',,,,,,,,,,,,,,,,,,,,,,,,,,,,,,,,,,,,,,,,,,,,,1,ER Small Laser,1,3,2/4/5,,,,,,,,,,,,,,,,,,,,,,,,,1x3,,,,,,
Vehicle,SturmFeur Heavy Tank (WoB),SturmFeur Heavy Tank (WoB),,,,,,,,,,,,,,,,,,,,,,,,,,,,,,,,,,,,,,,,,,,,,2,LRM 20,4,5,7/14/21,ER Medium Laser,2,5,4/8/12,,,,,,,,,,,,,,,,,,,,,4x5,2x5,,,,,
Vehicle,SturmFeur Kalki Cruise Missile Launcher,SturmFeur Kalki Cruise Missile Launcher,,,,,,,,,,,,,,,,,,,,,,,,,,,,,,,,,,,,,,,,,,,,,1,Machine Gun,2,2,1/2/3,,,,,,,,,,,,,,,,,,,,,,,,,2x2,,,,,,
Vehicle,Sturmvogel Gunship WiGE,Sturmvogel Gunship WiGE,,,,,,,,,,,,,,,,,,,,,,,,,,,,,,,,,,,,,,,,,,,,,1,Light Gauss Rifle,1,8,8/17/25,,,,,,,,,,,,,,,,,,,,,,,,,1x8,,,,,,
Vehicle,Sturmvogel Maritime Patrol WiGE,Sturmvogel Maritime Patrol WiGE,,,,,,,,,,,,,,,,,,,,,,,,,,,,,,,,,,,,,,,,,,,,,,,,,,,,,,,,,,,,,,,,,,,,,,,,,,,,,,,,
Vehicle,Sturmvogel Maritime Patrol WiGE (LB-10X),Sturmvogel Maritime Patrol WiGE (LB-10X),,,,,,,,,,,,,,,,,,,,,,,,,,,,,,,,,,,,,,,,,,,,,2,LB 10-X AC (Slug),1,10,6/12/18,-- OR --,,,,LB 10-X AC (Pellet),6,1,6/12/18,,,,,,,,,,,,,,,,,1x10,,6x1,,,,
Vehicle,Sturmvogel Maritime Patrol WiGE (LB-2X),Sturmvogel Maritime Patrol WiGE (LB-2X),,,,,,,,,,,,,,,,,,,,,,,,,,,,,,,,,,,,,,,,,,,,,2,LB 2-X AC (Slug),1,2,9/18/27,-- OR --,,,,LB 2-X AC (Pellet),1,1,9/18/27,,,,,,,,,,,,,,,,,1x2,,1x1,,,,
Vehicle,Stygian Strike Tank,Stygian Strike Tank,,,,,,,,,,,,,,,,,,,,,,,,,,,,,,,,,,,,,,,,,,,,,2,LRM 15,1,5,7/14/21,ER Medium Laser,2,5,4/8/12,,,,,,,,,,,,,,,,,,,,,1x5,2x5,,,,,
Vehicle,Stygian Strike Tank (Armor),Stygian Strike Tank (Armor),,,,,,,,,,,,,,,,,,,,,,,,,,,,,,,,,,,,,,,,,,,,,2,LRM 15,1,5,7/14/21,ER Medium Laser,2,5,4/8/12,,,,,,,,,,,,,,,,,,,,,1x5,2x5,,,,,
Vehicle,Stygian Strike Tank (WOB),Stygian Strike Tank (WOB),,,,,,,,,,,,,,,,,,,,,,,,,,,,,,,,,,,,,,,,,,,,,2,Medium Pulse Laser,2,6,2/4/6,LRM 10,1,5,7/14/21,,,,,,,,,,,,,,,,,,,,,2x6,1x5,,,,,
Vehicle,Svantovit Infantry Fighting Vehicle,Svantovit Infantry Fighting Vehicle,,,,,,,,,,,,,,,,,,,,,,,,,,,,,,,,,,,,,,,,,,,,,2,Clan LRM 5,2,5,7/14/21,Clan Streak SRM 2,4,2,4/8/12,,,,,,,,,,,,,,,,,,,,,2x5,4x2,,,,,
Vehicle,Svantovit Infantry Fighting Vehicle (ATM),Svantovit Infantry Fighting Vehicle (ATM),,,,,,,,,,,,,,,,,,,,,,,,,,,,,,,,,,,,,,,,,,,,,,,,,,,,,,,,,,,,,,,,,,,,,,,,,,,,,,,,
Vehicle,Svantovit Infantry Fighting Vehicle (Original),Svantovit Infantry Fighting Vehicle (Original),,,,,,,,,,,,,,,,,,,,,,,,,,,,,,,,,,,,,,,,,,,,,2,Clan LRM 5,2,5,7/14/21,Clan Streak SRM 4,8,2,4/8/12,,,,,,,,,,,,,,,,,,,,,2x5,8x2,,,,,
Vehicle,Swallow Attack WIGE,Swallow Attack WIGE,,,,,,,,,,,,,,,,,,,,,,,,,,,,,,,,,,,,,,,,,,,,,3,ER Medium Laser,2,5,4/8/12,LB 20-X AC (Slug),1,20,4/8/12,-- OR --,,,,LB 20-X AC (Pellet),12,1,4/8/12,,,,,,,,,,,,,2x5,1x20,,12x1,,,
Vehicle,Swallow Attack WIGE (Original),Swallow Attack WIGE (Original),,,,,,,,,,,,,,,,,,,,,,,,,,,,,,,,,,,,,,,,,,,,,1,Snub-Nose PPC,1,10,9/13/15,,,,,,,,,,,,,,,,,,,,,,,,,1x10,,,,,,
Vehicle,Swallow Attack WiGE (Spotter),Swallow Attack WiGE (Spotter),,,,,,,,,,,,,,,,,,,,,,,,,,,,,,,,,,,,,,,,,,,,,3,ER Medium Laser,2,5,4/8/12,LB 5-X AC (Slug),1,5,7/14/21,-- OR --,,,,LB 5-X AC (Pellet),3,1,7/14/21,,,,,,,,,,,,,2x5,1x5,,3x1,,,
Vehicle,Tamerlane Strike Sled,Tamerlane Strike Sled,,,,,,,,,,,,,,,,,,,,,,,,,,,,,,,,,,,,,,,,,,,,,2,SRM 2,1,2,3/6/9,ER Medium Laser,1,5,4/8/12,,,,,,,,,,,,,,,,,,,,,1x2,1x5,,,,,
Vehicle,Tamerlane Strike Sled (Flamer),Tamerlane Strike Sled (Flamer),,,,,,,,,,,,,,,,,,,,,,,,,,,,,,,,,,,,,,,,,,,,,2,Flamer,1,2,1/2/3,Medium Laser,2,5,3/6/9,,,,,,,,,,,,,,,,,,,,,1x2,2x5,,,,,
Vehicle,Tamerlane Strike Sled (RL),Tamerlane Strike Sled (RL),,,,,,,,,,,,,,,,,,,,,,,,,,,,,,,,,,,,,,,,,,,,,1,ER Medium Laser,1,5,4/8/12,,,,,,,,,,,,,,,,,,,,,,,,,1x5,,,,,,
Vehicle,Tamerlane Strike Sled 2,Tamerlane Strike Sled 2,,,,,,,,,,,,,,,,,,,,,,,,,,,,,,,,,,,,,,,,,,,,,2,SRM 2,1,2,3/6/9,Medium Laser,1,5,3/6/9,,,,,,,,,,,,,,,,,,,,,1x2,1x5,,,,,
Vehicle,Tenmaku Command Trailer,Tenmaku Command Trailer,,,,,,,,,,,,,,,,,,,,,,,,,,,X,X,,,,,,,,,,,,,,,,,2,Medium Pulse Laser,2,6,2/4/6,Light Machine Gun,2,1,2/4/6,,,,,,,,,,,,,,,,,,,,,2x6,2x1,,,,,
Vehicle,Teppo Artillery Vehicle,Teppo Artillery Vehicle,,,,,,,,,,,,,,,,,,,,,,,,,,,X,X,,,,,,,,,,,,,,,,,1,Light Machine Gun,2,1,2/4/6,,,,,,,,,,,,,,,,,,,,,,,,,2x1,,,,,,
Vehicle,Testudo Siege Tank Tank,Testudo Siege Tank Tank,,,,,,,,,,,,,,,,,,,,,,,,,,,,,,,,,,,,,,,,,,,,,1,Light Machine Gun,2,1,2/4/6,,,,,,,,,,,,,,,,,,,,,,,,,2x1,,,,,,
Vehicle,Thang-Ta APC,Thang-Ta APC,,,,,,,,,,,,,,,,,,,,,,,,,,,,,,,,,,,,,,,,,,,,,1,ER Small Laser,2,3,2/4/5,,,,,,,,,,,,,,,,,,,,,,,,,2x3,,,,,,
Vehicle,Thor Artillery Vehicle,Thor Artillery Vehicle,,,,,,,,,,,,,,,,,,,,,,,,,,,,,,,,,,,,,,,,,,,,,1,Medium Laser,2,5,3/6/9,,,,,,,,,,,,,,,,,,,,,,,,,2x5,,,,,,
Vehicle,Thor Artillery Vehicle (AC),Thor Artillery Vehicle (AC),,,,,,,,,,,,,,,,,,,,,,,,,,,,,,,,,,,,,,,,,,,,,1,Machine Gun,4,2,1/2/3,,,,,,,,,,,,,,,,,,,,,,,,,4x2,,,,,,
Vehicle,Thor Artillery Vehicle (C3i),Thor Artillery Vehicle (C3i),,,,,,,,,,,,,,,,,,,,,,,,,,,,,,,,,,,,,,,,,,,,,,,,,,,,,,,,,,,,,,,,,,,,,,,,,,,,,,,,
Vehicle,Thor Artillery Vehicle (Clan),Thor Artillery Vehicle (Clan),,,,,,,,,,,,,,,,,,,,,,,,,,,,,,,,,,,,,,,,,,,,,1,Clan ER Medium Laser,2,7,5/10/15,,,,,,,,,,,,,,,,,,,,,,,,,2x7,,,,,,
Vehicle,Thumper Artillery Vehicle,Thumper Artillery Vehicle,,,,,,,,,,,,,,,,,,,,,,,,,,,,,,,,,,,,,,,,,,,,,1,Machine Gun,4,2,1/2/3,,,,,,,,,,,,,,,,,,,,,,,,,4x2,,,,,,
Vehicle,Thumper Artillery Vehicle Angel,Thumper Artillery Vehicle Angel,,,,,,,,,,,,,,,,,,,,,,,,,,X,,X,X,,,,,,,,,,,,,,,,2,SRM 2,2,2,3/6/9,Machine Gun,2,2,1/2/3,,,,,,,,,,,,,,,,,,,,,2x2,2x2,,,,,
Vehicle,Thumper Artillery Vehicle Maxwell,Thumper Artillery Vehicle Maxwell,,,,,,,,,,,,,,,,,,,,,,,,,,X,,X,X,,,,,,,,,,,,,,,,2,SRM 2,2,2,3/6/9,Machine Gun,2,2,1/2/3,,,,,,,,,,,,,,,,,,,,,2x2,2x2,,,,,
Vehicle,Thumper Artillery Vehicle TAV-1,Thumper Artillery Vehicle TAV-1,,,,,,,,,,,,,,,,,,,,,,,,,,,,X,,,,,,,,,,,,,,,,,2,Machine Gun,4,2,1/2/3,ER Small Laser,2,3,2/4/5,,,,,,,,,,,,,,,,,,,,,4x2,2x3,,,,,
Vehicle,Thumper Artillery Vehicle TAV-2,Thumper Artillery Vehicle TAV-2,,,,,,,,,,,,,,,,,,,,,,,,,,,,,,X,,,,,,,,,,,,,,,2,Machine Gun,4,2,1/2/3,ER Small Laser,2,3,2/4/5,,,,,,,,,,,,,,,,,,,,,4x2,2x3,,,,,
Vehicle,Tiger Medium Tank T-12,Tiger Medium Tank T-12,,,,,,,,,,,,,,,,,,,,,,,,,,,,,,,,,,,,,,,,,,,,,2,Machine Gun,3,2,1/2/3,SRM 4,2,2,3/6/9,,,,,,,,,,,,,,,,,,,,,3x2,2x2,,,,,
Vehicle,Tokugawa Heavy Tank,Tokugawa Heavy Tank,,,,,,,,,,,,,,,,,,,,,,,,,,,,,,,,,,,,,,,,,,,,,4,LB 10-X AC (Slug),1,10,6/12/18,-- OR --,,,,LB 10-X AC (Pellet),6,1,6/12/18,SRM 6,6,2,3/6/9,Medium Pulse Laser,2,6,2/4/6,,,,,,,,,1x10,,6x1,6x2,2x6,,
Vehicle,Tokugawa Heavy Tank (C3),Tokugawa Heavy Tank (C3),,,,,,,,,,,,,,,,,,,,,,,,,,,,,,,,,,,,,,,,,,,,,4,LB 10-X AC (Slug),1,10,6/12/18,-- OR --,,,,LB 10-X AC (Pellet),6,1,6/12/18,SRM 6,6,2,3/6/9,Medium Pulse Laser,2,6,2/4/6,,,,,,,,,1x10,,6x1,6x2,2x6,,
Vehicle,Tokugawa Heavy Tank (MRM),Tokugawa Heavy Tank (MRM),,,,,,,,,,,,,,,,,,,,,,,,,,,,,,,,,,,,,,,,,,,,,3,MRM 30,6,5,3/8/15,SRM 6,6,2,3/6/9,Medium Pulse Laser,2,6,2/4/6,,,,,,,,,,,,,,,,,6x5,6x2,2x6,,,,
Vehicle,Tokugawa Heavy Tank (Streak),Tokugawa Heavy Tank (Streak),,,,,,,,,,,,,,,,,,,,,,,,,,,,,,,,,,,,,,,,,,,,,5,LB 10-X AC (Slug),1,10,6/12/18,-- OR --,,,,LB 10-X AC (Pellet),6,1,6/12/18,Streak SRM 6,6,2,3/6/9,Small Pulse Laser,1,3,1/2/3,Medium Pulse Laser,2,6,2/4/6,,,,,1x10,,6x1,6x2,1x3,2x6,
Vehicle,Tokugawa Heavy Tank SD2,Tokugawa Heavy Tank SD2,,,,,,,,,,,,,,,,,,,,,,,,,,,X,,,,,,,,,,,,,,,,,,2,Flamer,1,2,1/2/3,Streak SRM 4,8,2,3/6/9,,,,,,,,,,,,,,,,,,,,,1x2,8x2,,,,,
Vehicle,Tokugawa Heavy Tank TKG-150,Tokugawa Heavy Tank TKG-150,,,,,,,,,,,,,,,,,,,,,,,,,,,,,,,,,,,,,,,,,,,,,2,SRM 6,4,2,3/6/9,Machine Gun,1,2,1/2/3,,,,,,,,,,,,,,,,,,,,,4x2,1x2,,,,,
Vehicle,Tokugawa Heavy Tank TKG-151,Tokugawa Heavy Tank TKG-151,,,,,,,,,,,,,,,,,,,,,,,,,,,,,,,,,,,,,,,,,,,,,2,SRM 6,4,2,3/6/9,Machine Gun,1,2,1/2/3,,,,,,,,,,,,,,,,,,,,,4x2,1x2,,,,,
Vehicle,Tokugawa Heavy Tank Yumi,Tokugawa Heavy Tank Yumi,,,,,,,,,,,,,,,,,,,,,,,,,,,,,,,,,,,,,,,,,,,,,1,Extended LRM 15,1,5,12/22/38,,,,,,,,,,,,,,,,,,,,,,,,,1x5,,,,,,
Vehicle,Trajan Assault Infantry Fighting Vehicle,Trajan Assault Infantry Fighting Vehicle,,,,,,,,,,,,,,,,,,,,,,,,,,,,X,,,,,,,,,,,,,,,,,1,ER Medium Laser,1,5,4/8/12,,,,,,,,,,,,,,,,,,,,,,,,,1x5,,,,,,
Vehicle,Trajan Assault Infantry Fighting Vehicle (ICE),Trajan Assault Infantry Fighting Vehicle (ICE),,,,,,,,,,,,,,,,,,,,,,,,,,,,,,,,,,,,,,,,,,,,,2,LRM 10,1,5,7/14/21,Streak SRM 6,6,2,3/6/9,,,,,,,,,,,,,,,,,,,,,1x5,6x2,,,,,
Vehicle,Transportable Field Repair Unit JI-100,Transportable Field Repair Unit JI-100,,,,,,,,,,,,,,,,,,,,,,,,,,,,,,,,,,,,,,,,,,,,,1,Machine Gun,2,2,1/2/3,,,,,,,,,,,,,,,,,,,,,,,,,2x2,,,,,,
Vehicle,Transportable Field Repair Unit Nifty,Transportable Field Repair Unit Nifty,,,,,,,,,,,,,,,,,,,,,,,,,,,,,,,,,,,,,,,,,,,,,1,Light Machine Gun,2,1,2/4/6,,,,,,,,,,,,,,,,,,,,,,,,,2x1,,,,,,
Vehicle,Tribune Mobile Tactical Command HQ,Tribune Mobile Tactical Command HQ,,,,,,,,,,,,,,,,,,,,,,,,,,,X,X,,X,,,,,,,,,,,,,,,1,ER Medium Laser,1,5,4/8/12,,,,,,,,,,,,,,,,,,,,,,,,,1x5,,,,,,
Vehicle,Trike,Trike,,,,,,,,,,,,,,,,,,,,,,,,,,,,,,,,,,,,,,,,,,,,,,,,,,,,,,,,,,,,,,,,,,,,,,,,,,,,,,,,
Vehicle,Trireme Infantry Transport (CS),Trireme Infantry Transport (CS),,,,,,,,,,,,,,,,,,,,,,,,,,,,X,,,,,,,,,,,,,,,,,1,SRM 2,2,2,3/6/9,,,,,,,,,,,,,,,,,,,,,,,,,2x2,,,,,,
Vehicle,Tufana Hovercraft,Tufana Hovercraft,,,,,,,,,,,,,,,,,,,,,,,,,,,,,,,,,,,,,,,,,,,,,,,,,,,,,,,,,,,,,,,,,,,,,,,,,,,,,,,,
Vehicle,Tufana Hovercraft (iNarc),Tufana Hovercraft (iNarc),,,,,,,,,,,,,,,,,,,,,,,,,,,,,,,,,,,,,,,,,,,,,2,Medium Pulse Laser,2,6,2/4/6,ER Small Laser,1,3,2/4/5,,,,,,,,,,,,,,,,,,,,,2x6,1x3,,,,,
Vehicle,Turhan Urban Combat Vehicle,Turhan Urban Combat Vehicle,,,,,,,,,,,,,,,,,,,,,,,,,,,,,,,,,,,,,,,,,,,,,2,Machine Gun,2,2,1/2/3,Large Laser,2,8,5/10/15,,,,,,,,,,,,,,,,,,,,,2x2,2x8,,,,,
Vehicle,Turhan Urban Combat Vehicle (C3),Turhan Urban Combat Vehicle (C3),,,,,,,,,,,,,,,,,,,,,,,,,,,X,,,,,,,,,,,,,,,,,,2,Machine Gun,1,2,1/2/3,Large Laser,2,8,5/10/15,,,,,,,,,,,,,,,,,,,,,1x2,2x8,,,,,
Vehicle,Turhan Urban Combat Vehicle (Original),Turhan Urban Combat Vehicle (Original),,,,,,,,,,,,,,,,,,,,,,,,,,,,,,,,,,,,,,,,,,,,,2,Machine Gun,2,2,1/2/3,Large Laser,2,8,5/10/15,,,,,,,,,,,,,,,,,,,,,2x2,2x8,,,,,
Vehicle,Typhoon Urban Assault Vehicle,Typhoon Urban Assault Vehicle,,,,,,,,,,,,,,,,,,,,,,,,,,,,,,X,,,,,,,,,,,,,,,4,Streak SRM 2,8,2,3/6/9,Medium Pulse Laser,2,6,2/4/6,SRM 6,4,2,3/6/9,Small Pulse Laser,1,3,1/2/3,,,,,,,,,,,,,8x2,2x6,4x2,1x3,,,
Vehicle,Typhoon Urban Assault Vehicle (LB-X),Typhoon Urban Assault Vehicle (LB-X),,,,,,,,,,,,,,,,,,,,,,,,,,,,,,,,,,,,,,,,,,,,,4,LB 10-X AC (Slug),2,10,6/12/18,-- OR --,,,,LB 10-X AC (Pellet),12,1,6/12/18,Streak SRM 4,8,2,3/6/9,ER Small Laser,1,3,2/4/5,,,,,,,,,2x10,,12x1,8x2,1x3,,
Vehicle,Typhoon Urban Assault Vehicle (RAC),Typhoon Urban Assault Vehicle (RAC),,,,,,,,,,,,,,,,,,,,,,,,,,,,,,X,,,,,,,,,,,,,,,2,ER Medium Laser,2,5,4/8/12,Streak SRM 2,8,2,3/6/9,,,,,,,,,,,,,,,,,,,,,2x5,8x2,,,,,
Vehicle,Typhoon Urban Assault Vehicle (Tracked),Typhoon Urban Assault Vehicle (Tracked),,,,,,,,,,,,,,,,,,,,,,,,,,,,,,X,,,,,,,,,,,,,,,4,Streak SRM 2,8,2,3/6/9,Medium Laser,2,5,3/6/9,SRM 6,4,2,3/6/9,Small Pulse Laser,1,3,1/2/3,,,,,,,,,,,,,8x2,2x5,4x2,1x3,,,
Vehicle,Tyr Infantry Support Tank,Tyr Infantry Support Tank,,,,,,,,,,,,,,,,,,,,,,,,,,,,,,,,,,,,,,,,,,,,,2,Clan ER Large Laser,1,10,8/15/25,Clan Streak SRM 4,8,2,4/8/12,,,,,,,,,,,,,,,,,,,,,1x10,8x2,,,,,
Vehicle,Tyr Infantry Support Tank (Kurita),Tyr Infantry Support Tank (Kurita),,,,,,,,,,,,,,,,,,,,,,,,,,,,,,,,,,,,,,,,,,,,,1,Light Machine Gun,2,1,2/4/6,,,,,,,,,,,,,,,,,,,,,,,,,2x1,,,,,,
Vehicle,Vargr APC,Vargr APC,,,,,,,,,,,,,,,,,,,,,,,,,,,,,,,,,,,,,,,,,,,,,2,Machine Gun,2,2,1/2/3,Medium Laser,2,5,3/6/9,,,,,,,,,,,,,,,,,,,,,2x2,2x5,,,,,
Vehicle,Vargr APC LRM,Vargr APC LRM,,,,,,,,,,,,,,,,,,,,,,,,,,,,,,,,,,,,,,,,,,,,,2,Machine Gun,2,2,1/2/3,LRM 15,1,5,7/14/21,,,,,,,,,,,,,,,,,,,,,2x2,1x5,,,,,
Vehicle,Vector (Attack),Vector (Attack),,,,,,,,,,,,,,,,,,,,,,,,,,,,,,,,,,,,,,,,,,,,,2,Medium Laser,1,5,3/6/9,SRM 4,4,2,3/6/9,,,,,,,,,,,,,,,,,,,,,1x5,4x2,,,,,
Vehicle,Vector EW,Vector EW,,,,,,,,,,,,,,,,,,,,,,,,,,,,X,,,,,,,,,,,,,,,,,2,Small Pulse Laser,1,3,1/2/3,Medium Laser,2,5,3/6/9,,,,,,,,,,,,,,,,,,,,,1x3,2x5,,,,,
Vehicle,Vector Scout,Vector Scout,,,,,,,,,,,,,,,,,,,,,,,,,,,,,,X,,,,,,,,,,,,,,,2,Small Pulse Laser,1,3,1/2/3,Medium Laser,2,5,3/6/9,,,,,,,,,,,,,,,,,,,,,1x3,2x5,,,,,
Vehicle,Vector Transport,Vector Transport,,,,,,,,,,,,,,,,,,,,,,,,,,,,,,,,,,,,,,,,,,,,,2,Small Pulse Laser,1,3,1/2/3,Medium Laser,2,5,3/6/9,,,,,,,,,,,,,,,,,,,,,1x3,2x5,,,,,
Vehicle,Vedette Medium Tank,Vedette Medium Tank,,,,,,,,,,,,,,,,,,,,,,,,,,,,,,,,,,,,,,,,,,,,,1,Machine Gun,1,2,1/2/3,,,,,,,,,,,,,,,,,,,,,,,,,1x2,,,,,,
Vehicle,Vedette Medium Tank (AC2),Vedette Medium Tank (AC2),,,,,,,,,,,,,,,,,,,,,,,,,,,,,,,,,,,,,,,,,,,,,2,Machine Gun,1,2,1/2/3,SRM 2,1,2,3/6/9,,,,,,,,,,,,,,,,,,,,,1x2,1x2,,,,,
Vehicle,Vedette Medium Tank (AC_10),Vedette Medium Tank (AC_10),,,,,,,,,,,,,,,,,,,,,,,,,,,,,,,,,,,,,,,,,,,,,1,Machine Gun,1,2,1/2/3,,,,,,,,,,,,,,,,,,,,,,,,,1x2,,,,,,
Vehicle,Vedette Medium Tank (Armor),Vedette Medium Tank (Armor),,,,,,,,,,,,,,,,,,,,,,,,,,,,,,,,,,,,,,,,,,,,,1,Heavy Machine Gun,1,3,1/2/2,,,,,,,,,,,,,,,,,,,,,,,,,1x3,,,,,,
Vehicle,Vedette Medium Tank (Cell),Vedette Medium Tank (Cell),,,,,,,,,,,,,,,,,,,,,,,,,,,X,,,,,,,,,,,,,,,,,,4,Machine Gun,1,2,1/2/3,SRM 2,2,2,3/6/9,LB 10-X AC (Slug),1,10,6/12/18,-- OR --,,,,LB 10-X AC (Pellet),6,1,6/12/18,,,,,,,,,1x2,2x2,1x10,,6x1,,
Vehicle,Vedette Medium Tank (LB-X),Vedette Medium Tank (LB-X),,,,,,,,,,,,,,,,,,,,,,,,,,,,,,,,,,,,,,,,,,,,,3,Machine Gun,1,2,1/2/3,LB 5-X AC (Slug),1,5,7/14/21,-- OR --,,,,LB 5-X AC (Pellet),3,1,7/14/21,,,,,,,,,,,,,1x2,1x5,,3x1,,,
Vehicle,Vedette Medium Tank (Liao),Vedette Medium Tank (Liao),,,,,,,,,,,,,,,,,,,,,,,,,,,,,,,,,,,,,,,,,,,,,2,Machine Gun,1,2,1/2/3,Medium Laser,2,5,3/6/9,,,,,,,,,,,,,,,,,,,,,1x2,2x5,,,,,
Vehicle,Vedette Medium Tank (Light Gauss),Vedette Medium Tank (Light Gauss),,,,,,,,,,,,,,,,,,,,,,,,,,,,,,,,,,,,,,,,,,,,,1,Light Gauss Rifle,1,8,8/17/25,,,,,,,,,,,,,,,,,,,,,,,,,1x8,,,,,,
Vehicle,Vedette Medium Tank (NETC),Vedette Medium Tank (NETC),,,,,,,,,,,,,,,,,,,,,,,,,,,,,,,,,,,,,,,,,,,,,1,Machine Gun,1,2,1/2/3,,,,,,,,,,,,,,,,,,,,,,,,,1x2,,,,,,
Vehicle,Vedette Medium Tank (RAC),Vedette Medium Tank (RAC),,,,,,,,,,,,,,,,,,,,,,,,,,,,,,,,,,,,,,,,,,,,,,,,,,,,,,,,,,,,,,,,,,,,,,,,,,,,,,,,
Vehicle,Vedette Medium Tank (Ultra),Vedette Medium Tank (Ultra),,,,,,,,,,,,,,,,,,,,,,,,,,,,,,,,,,,,,,,,,,,,,,,,,,,,,,,,,,,,,,,,,,,,,,,,,,,,,,,,
Vehicle,Vedette Medium Tank Doris Delight,Vedette Medium Tank Doris Delight,,,,,,,,,,,,,,,,,,,,,,,,,,,,,,,,,,,,,,,,,,,,,2,ER Medium Laser,1,5,4/8/12,Gauss Rifle,1,15,7/15/22,,,,,,,,,,,,,,,,,,,,,1x5,1x15,,,,,
Vehicle,Vedette Medium Tank V7,Vedette Medium Tank V7,,,,,,,,,,,,,,,,,,,,,,,,,,,,,,,,,,,,,,,,,,,,,1,Bombast Laser,1,12,5/10/15,,,,,,,,,,,,,,,,,,,,,,,,,1x12,,,,,,
Vehicle,Vedette Medium Tank V9,Vedette Medium Tank V9,,,,,,,,,,,,,,,,,,,,,,,,,,,,,,,,,,,,,,,,,,,,,1,Gauss Rifle,1,15,7/15/22,,,,,,,,,,,,,,,,,,,,,,,,,1x15,,,,,,
Vehicle,Von Luckner Heavy Tank (Royal),Von Luckner Heavy Tank (Royal),,,,,,,,,,,,,,,,,,,,,,,,,,,,,,,,,,,,,,,,,,,,,5,LRM 10,2,5,7/14/21,LB 10-X AC (Slug),2,10,6/12/18,-- OR --,,,,LB 10-X AC (Pellet),12,1,6/12/18,Streak SRM 2,8,2,3/6/9,Small Pulse Laser,1,3,1/2/3,,,,,2x5,2x10,,12x1,8x2,1x3,
Vehicle,Von Luckner Heavy Tank (Star League),Von Luckner Heavy Tank (Star League),,,,,,,,,,,,,,,,,,,,,,,,,,,,,,,,,,,,,,,,,,,,,4,Small Pulse Laser,1,3,1/2/3,LRM 15,3,5,7/14/21,Small Laser,1,3,1/2/3,Streak SRM 2,8,2,3/6/9,,,,,,,,,,,,,1x3,3x5,1x3,8x2,,,
Vehicle,Von Luckner Heavy Tank VNL-K100,Von Luckner Heavy Tank VNL-K100,,,,,,,,,,,,,,,,,,,,,,,,,,,,,,,,,,,,,,,,,,,,,1,SRM 6,4,2,3/6/9,,,,,,,,,,,,,,,,,,,,,,,,,4x2,,,,,,
Vehicle,Von Luckner Heavy Tank VNL-K65N,Von Luckner Heavy Tank VNL-K65N,,,,,,,,,,,,,,,,,,,,,,,,,,,,,,,,,,,,,,,,,,,,,5,Flamer,1,2,1/2/3,LRM 10,1,5,7/14/21,SRM 6,8,2,3/6/9,Machine Gun,1,2,1/2/3,SRM 4,2,2,3/6/9,,,,,,,,,1x2,1x5,8x2,1x2,2x2,,
Vehicle,Von Luckner Heavy Tank VNL-K65W,Von Luckner Heavy Tank VNL-K65W,,,,,,,,,,,,,,,,,,,,,,,,,,,,,,,,,,,,,,,,,,,,,3,Small Pulse Laser,1,3,1/2/3,Streak SRM 4,8,2,3/6/9,Light Machine Gun,1,1,2/4/6,,,,,,,,,,,,,,,,,1x3,8x2,1x1,,,,
Vehicle,Von Luckner Heavy Tank VNL-K70,Von Luckner Heavy Tank VNL-K70,,,,,,,,,,,,,,,,,,,,,,,,,,,,,,,,,,,,,,,,,,,,,5,Flamer,1,2,1/2/3,LRM 10,1,5,7/14/21,SRM 4,2,2,3/6/9,PPC,1,10,6/12/18,Machine Gun,1,2,1/2/3,,,,,,,,,1x2,1x5,2x2,1x10,1x2,,
Vehicle,Von Luckner Heavy Tank VNL-K75N,Von Luckner Heavy Tank VNL-K75N,,,,,,,,,,,,,,,,,,,,,,,,,,,,,,,,,,,,,,,,,,,,,4,MRM 20,2,5,3/8/15,Machine Gun,2,2,1/2/3,SRM 6,4,2,3/6/9,Medium Laser,2,5,3/6/9,,,,,,,,,,,,,2x5,2x2,4x2,2x5,,,
Vehicle,Von Luckner Heavy Tank VNL-K85N,Von Luckner Heavy Tank VNL-K85N,,,,,,,,,,,,,,,,,,,,,,,,,,,,,,,,,,,,,,,,,,,,,6,Flamer,1,2,1/2/3,MRM 10,1,5,3/8/15,LB 20-X AC (Slug),1,20,4/8/12,-- OR --,,,,LB 20-X AC (Pellet),12,1,4/8/12,SRM 6,8,2,3/6/9,Machine Gun,1,2,1/2/3,1x2,1x5,1x20,,12x1,8x2,1x2
Vehicle,Von Luckner Heavy Tank VNL-K90,Von Luckner Heavy Tank VNL-K90,,,,,,,,,,,,,,,,,,,,,,,,,,,,,,,,,,,,,,,,,,,,,5,Flamer,1,2,1/2/3,Gauss Rifle,1,15,7/15/22,Snub-Nose PPC,1,10,9/13/15,SRM 4,2,2,3/6/9,Machine Gun,1,2,1/2/3,,,,,,,,,1x2,1x15,1x10,2x2,1x2,,
Vehicle,Von Luckner Heavy Tank VNL-X71 (Yakuza),Von Luckner Heavy Tank VNL-X71 (Yakuza),,,,,,,,,,,,,,,,,,,,,,,,,,,,,,,,,,,,,,,,,,,,,4,LB 20-X AC (Slug),1,20,4/8/12,-- OR --,,,,LB 20-X AC (Pellet),12,1,4/8/12,SRM 4,4,2,3/6/9,Medium Pulse Laser,1,6,2/4/6,,,,,,,,,1x20,,12x1,4x2,1x6,,
Vehicle,Warrior Attack Helicopter H-7F,Warrior Attack Helicopter H-7F,,,,,,,,,,,,,,,,,,,,,,,,,,,,,,,,,,,,,,,,,,,,,,,,,,,,,,,,,,,,,,,,,,,,,,,,,,,,,,,,
Vehicle,Warrior H-10 Attack Helicopter,Warrior H-10 Attack Helicopter,,,,,,,,,,,,,,,,,,,,,,,,,,,,,,,,,,,,,,,,,,,,,1,Machine Gun,2,2,1/2/3,,,,,,,,,,,,,,,,,,,,,,,,,2x2,,,,,,
Vehicle,Warrior H-7 Attack Helicopter,Warrior H-7 Attack Helicopter,,,,,,,,,,,,,,,,,,,,,,,,,,,,,,,,,,,,,,,,,,,,,1,SRM 4,2,2,3/6/9,,,,,,,,,,,,,,,,,,,,,,,,,2x2,,,,,,
Vehicle,Warrior H-7A Attack Helicopter,Warrior H-7A Attack Helicopter,,,,,,,,,,,,,,,,,,,,,,,,,,,,,,,,,,,,,,,,,,,,,1,Machine Gun,1,2,1/2/3,,,,,,,,,,,,,,,,,,,,,,,,,1x2,,,,,,
Vehicle,Warrior H-7C Attack Helicopter,Warrior H-7C Attack Helicopter,,,,,,,,,,,,,,,,,,,,,,,,,,,,,,,,,,,,,,,,,,,,,2,SRM 4,2,2,3/6/9,LRM 10,1,5,7/14/21,,,,,,,,,,,,,,,,,,,,,2x2,1x5,,,,,
Vehicle,Warrior H-8 Attack Helicopter,Warrior H-8 Attack Helicopter,,,,,,,,,,,,,,,,,,,,,,,,,,,,,,,,,,,,,,,,,,,,,2,LRM 5,1,5,7/14/21,Streak SRM 2,4,2,3/6/9,,,,,,,,,,,,,,,,,,,,,1x5,4x2,,,,,
Vehicle,Warrior H-9 Attack Helicopter,Warrior H-9 Attack Helicopter,,,,,,,,,,,,,,,,,,,,,,,,,,,,,,,,,,,,,,,,,,,,,,,,,,,,,,,,,,,,,,,,,,,,,,,,,,,,,,,,
Vehicle,Warrior HX-9 Attack Helicopter,Warrior HX-9 Attack Helicopter,,,,,,,,,,,,,,,,,,,,,,,,,,,,X,,,,,,,X,,,,,,,,,,,,,,,,,,,,,,,,,,,,,,,,,,,,,,,,,,,,,
Vehicle,Warrior S-9 Stealth Helicopter,Warrior S-9 Stealth Helicopter,,,,,,,,,,,,,,,,,,,,,,,,,,,,X,,,,,,,,,,,,,,,,,1,Extended LRM 10,1,5,12/22/38,,,,,,,,,,,,,,,,,,,,,,,,,1x5,,,,,,
Vehicle,Wayland Mobile Base,Wayland Mobile Base,,,,,,,,,,,,,,,,,,,,,,,,,,,,,,,,,,,,,,,,,,,,,1,Medium Laser,4,5,3/6/9,,,,,,,,,,,,,,,,,,,,,,,,,4x5,,,,,,
Vehicle,Weapon Carrier Tracked (AC20),Weapon Carrier Tracked (AC20),,,,,,,,,,,,,,,,,,,,,,,,,,,,,,,,,,,,,,,,,,,,,1,LRM 5,1,5,7/14/21,,,,,,,,,,,,,,,,,,,,,,,,,1x5,,,,,,
Vehicle,Weapon Carrier Tracked (LB-10X),Weapon Carrier Tracked (LB-10X),,,,,,,,,,,,,,,,,,,,,,,,,,,,,,,,,,,,,,,,,,,,,3,LB 10-X AC (Slug),2,10,6/12/18,-- OR --,,,,LB 10-X AC (Pellet),12,1,6/12/18,LRM 5,3,5,7/14/21,,,,,,,,,,,,,2x10,,12x1,3x5,,,
Vehicle,Weapon Carrier Tracked (Ultra5),Weapon Carrier Tracked (Ultra5),,,,,,,,,,,,,,,,,,,,,,,,,,,,,,,,,,,,,,,,,,,,,1,LRM 5,1,5,7/14/21,,,,,,,,,,,,,,,,,,,,,,,,,1x5,,,,,,
Vehicle,Weapons Carrier A (LL),Weapons Carrier A (LL),,,,,,,,,,,,,,,,,,,,,,,,,,,,,,,,,,,,,,,,,,,,,1,Large Laser,1,8,5/10/15,,,,,,,,,,,,,,,,,,,,,,,,,1x8,,,,,,
Vehicle,Weapons Troop Carrier (LRM),Weapons Troop Carrier (LRM),,,,,,,,,,,,,,,,,,,,,,,,,,,,,,,,,,,,,,,,,,,,,1,LRM 10,1,5,7/14/21,,,,,,,,,,,,,,,,,,,,,,,,,1x5,,,,,,
Vehicle,Wheeled Scout ,Wheeled Scout ,,,,,,,,,,,,,,,,,,,,,,,,,,,,,,,,,,,,,,,,,,,,,1,Medium Laser,1,5,3/6/9,,,,,,,,,,,,,,,,,,,,,,,,,1x5,,,,,,
Vehicle,Wheeled Scout (Camera),Wheeled Scout (Camera),,,,,,,,,,,,,,,,,,,,,,,,,,,,,,,,,,,,,,,,,,,,,1,Medium Laser,1,5,3/6/9,,,,,,,,,,,,,,,,,,,,,,,,,1x5,,,,,,
Vehicle,Wheeled Scout (Sensors),Wheeled Scout (Sensors),,,,,,,,,,,,,,,,,,,,,,,,,,,,,,,,,,,,,,,,,,,,,1,Medium Laser,1,5,3/6/9,,,,,,,,,,,,,,,,,,,,,,,,,1x5,,,,,,
Vehicle,Whirlwind Scout Hover Tank,Whirlwind Scout Hover Tank,,,,,,,,,,,,,,,,,,,,,,,,,,,,,,,,,,,,,,,,,,,,,1,Medium Laser,2,5,3/6/9,,,,,,,,,,,,,,,,,,,,,,,,,2x5,,,,,,
Vehicle,Whirlwind Scout Hover Tank (AAA),Whirlwind Scout Hover Tank (AAA),,,,,,,,,,,,,,,,,,,,,,,,,,,,,,,,,,,,,,,,,,,,,3,LB 2-X AC (Slug),2,2,9/18/27,-- OR --,,,,LB 2-X AC (Pellet),2,1,9/18/27,ER Medium Laser,2,5,4/8/12,,,,,,,,,,,,,2x2,,2x1,2x5,,,
Vehicle,Whirlwind Scout Hover Tank (IFV),Whirlwind Scout Hover Tank (IFV),,,,,,,,,,,,,,,,,,,,,,,,,,,,,,X,,,,,,,,,,,,,,,2,Light AC/2,2,2,6/12/18,ER Medium Laser,2,5,4/8/12,,,,,,,,,,,,,,,,,,,,,2x2,2x5,,,,,
Vehicle,White Tip Submarine,White Tip Submarine,,,,,,,,,,,,,,,,,,,,,,,,,,,,,,,,,,,,,,,,,,,,,1,ER Medium Laser,1,5,4/8/12,,,,,,,,,,,,,,,,,,,,,,,,,1x5,,,,,,
Vehicle,Winston Combat Vehicle,Winston Combat Vehicle,,,,,,,,,,,,,,,,,,,,,,,,,,,X,,,,,,,,,,,,,,,,,,3,Streak SRM 6,6,2,3/6/9,LRM 15,2,5,7/14/21,Light PPC,2,5,6/12/18,,,,,,,,,,,,,,,,,6x2,2x5,2x5,,,,
Vehicle,Winston Combat Vehicle (LAC),Winston Combat Vehicle (LAC),,,,,,,,,,,,,,,,,,,,,,,,,,,,,,,,,,,,,,,,,,,,,1,Streak SRM 6,6,2,3/6/9,,,,,,,,,,,,,,,,,,,,,,,,,6x2,,,,,,
Vehicle,Winston Combat Vehicle (Support),Winston Combat Vehicle (Support),,,,,,,,,,,,,,,,,,,,,,,,,,,,X,X,,,,,,,,,,,,,,,,3,SRM 4,4,2,3/6/9,Light PPC,2,5,6/12/18,Clan LRM 20,4,5,7/14/21,,,,,,,,,,,,,,,,,4x2,2x5,4x5,,,,
Vehicle,Winston Combat Vehicle (TSEMP),Winston Combat Vehicle (TSEMP),,,,,,,,,,,,,,,,,,,,,,,,,,,X,,,,,,,,,,,,,,,,,,1,Clan LRM 15,2,5,7/14/21,,,,,,,,,,,,,,,,,,,,,,,,,2x5,,,,,,
Vehicle,Winston Combat Vehicle (XXL),Winston Combat Vehicle (XXL),,,,,,,,,,,,,,,,,,,,,,,,,,,X,,,,,,,,,,,,,,,,,,2,Clan LRM 15,2,5,7/14/21,Large Re-engineered Laser,2,9,5/10/15,,,,,,,,,,,,,,,,,,,,,2x5,2x9,,,,,
Vehicle,Winterhawk APC,Winterhawk APC,,,,,,,,,,,,,,,,,,,,,,,,,,,,,,,,,,,,,,,,,,,,,2,SRM 2,1,2,3/6/9,Machine Gun,1,2,1/2/3,,,,,,,,,,,,,,,,,,,,,1x2,1x2,,,,,
Vehicle,Yasha VTOL,Yasha VTOL,,,,,,,,,,,,,,,,,,,,,,,,,,,,,,,,,,,,,,,,,,,,,1,Heavy PPC,1,15,6/12/18,,,,,,,,,,,,,,,,,,,,,,,,,1x15,,,,,,
Vehicle,Yasha VTOL Spectre,Yasha VTOL Spectre,,,,,,,,,,,,,,,,,,,,,,,,,,,,X,,,,,,,,,,,,,,,,,1,Light Gauss Rifle,1,8,8/17/25,,,,,,,,,,,,,,,,,,,,,,,,,1x8,,,,,,
Vehicle,Yellow Jacket Gunship,Yellow Jacket Gunship,,,,,,,,,,,,,,,,,,,,,,,,,,,,,,,,,,,,,,,,,,,,,1,Gauss Rifle,1,15,7/15/22,,,,,,,,,,,,,,,,,,,,,,,,,1x15,,,,,,
Vehicle,Yellow Jacket Gunship (Ammo),Yellow Jacket Gunship (Ammo),,,,,,,,,,,,,,,,,,,,,,,,,,,,,,,,,,,,,,,,,,,,,1,Gauss Rifle,1,15,7/15/22,,,,,,,,,,,,,,,,,,,,,,,,,1x15,,,,,,
Vehicle,Yellow Jacket Gunship (PPC),Yellow Jacket Gunship (PPC),,,,,,,,,,,,,,,,,,,,,,,,,,,,,,,,,,,,,,,,,,,,,1,ER PPC,1,10,7/14/23,,,,,,,,,,,,,,,,,,,,,,,,,1x10,,,,,,
Vehicle,Yellow Jacket Gunship (RAC),Yellow Jacket Gunship (RAC),,,,,,,,,,,,,,,,,,,,,,,,,,,,,,,,,,,,,,,,,,,,,,,,,,,,,,,,,,,,,,,,,,,,,,,,,,,,,,,,
Vehicle,Zephyr Hovertank,Zephyr Hovertank,,,,,,,,,,,,,,,,,,,,,,,,,,,,X,,,,,,,,,,,,,,,,,3,SRM 6,4,2,3/6/9,Small Laser,1,3,1/2/3,Medium Laser,3,5,3/6/9,,,,,,,,,,,,,,,,,4x2,1x3,3x5,,,,
Vehicle,Zephyr Hovertank (C3i),Zephyr Hovertank (C3i),,,,,,,,,,,,,,,,,,,,,,,,,,,,X,,,,,,,,,,,,,,,,,3,Streak SRM 2,2,2,3/6/9,Small Laser,1,3,1/2/3,Medium Laser,3,5,3/6/9,,,,,,,,,,,,,,,,,2x2,1x3,3x5,,,,
Vehicle,Zephyr Hovertank (LRM),Zephyr Hovertank (LRM),,,,,,,,,,,,,,,,,,,,,,,,,,,,,,,,,,,,,,,,,,,,,2,LRM 5,2,5,7/14/21,ER Medium Laser,2,5,4/8/12,,,,,,,,,,,,,,,,,,,,,2x5,2x5,,,,,
Vehicle,Zephyr Hovertank (Omnidrone) A,Zephyr Hovertank (Omnidrone) A,,,,,,,,,,,,,,,,,,,,,,,,,,,,X,X,,,,,,,,,,,,,,,,1,Medium Laser,3,5,3/6/9,,,,,,,,,,,,,,,,,,,,,,,,,3x5,,,,,,
Vehicle,Zephyr Hovertank (Omnidrone) B,Zephyr Hovertank (Omnidrone) B,,,,,,,,,,,,,,,,,,,,,,,,,,,,X,X,X,,,,,,,,,,,,,,,1,ER Flamer,1,2,3/5/7,,,,,,,,,,,,,,,,,,,,,,,,,1x2,,,,,,
Vehicle,Zephyr Hovertank (Omnidrone) C,Zephyr Hovertank (Omnidrone) C,,,,,,,,,,,,,,,,,,,,,,,,,,,,X,X,,,,,,,,,,,,,,,,,,,,,,,,,,,,,,,,,,,,,,,,,,,,,,,,,,,
Vehicle,Zephyr Hovertank (Omnidrone) Prime,Zephyr Hovertank (Omnidrone) Prime,,,,,,,,,,,,,,,,,,,,,,,,,,,,X,X,,,,,,,,,,,,,,,,1,Light PPC,1,5,6/12/18,,,,,,,,,,,,,,,,,,,,,,,,,1x5,,,,,,
Vehicle,Zephyr Hovertank (Royal),Zephyr Hovertank (Royal),,,,,,,,,,,,,,,,,,,,,,,,,,,,X,,,,,,,,,,,,,,,,,2,Small Laser,1,3,1/2/3,Medium Laser,3,5,3/6/9,,,,,,,,,,,,,,,,,,,,,1x3,3x5,,,,,
Vehicle,Zephyr Hovertank (SRM2),Zephyr Hovertank (SRM2),,,,,,,,,,,,,,,,,,,,,,,,,,,,,,,,,,,,,,,,,,,,,4,SRM 6,4,2,3/6/9,SRM 2,1,2,3/6/9,Small Laser,1,3,1/2/3,Medium Laser,3,5,3/6/9,,,,,,,,,,,,,4x2,1x2,1x3,3x5,,,
Vehicle,Zephyr Hovertank EC,Zephyr Hovertank EC,,,,,,,,,,,,,,,,,,,,,,,,,,,,X,,,,,,,,,,,,,,,,,1,Improved SRM 6,4,2,4/8/12,,,,,,,,,,,,,,,,,,,,,,,,,4x2,,,,,,
Vehicle,Zephyros Infantry Support Vehicle,Zephyros Infantry Support Vehicle,,,,,,,,,,,,,,,,,,,,,,,,,,,,X,,,,,,,,,,,,,,,,,1,Clan ER Medium Laser,2,7,5/10/15,,,,,,,,,,,,,,,,,,,,,,,,,2x7,,,,,,
Vehicle,Zhukov Heavy Tank,Zhukov Heavy Tank,,,,,,,,,,,,,,,,,,,,,,,,,,,,,,,,,,,,,,,,,,,,,1,SRM 6,4,2,3/6/9,,,,,,,,,,,,,,,,,,,,,,,,,4x2,,,,,,
Vehicle,Zhukov Heavy Tank (LB-X),Zhukov Heavy Tank (LB-X),,,,,,,,,,,,,,,,,,,,,,,,,,,,,,,,,,,,,,,,,,,,,3,LB 10-X AC (Slug),2,10,6/12/18,-- OR --,,,,LB 10-X AC (Pellet),12,1,6/12/18,SRM 4,2,2,3/6/9,,,,,,,,,,,,,2x10,,12x1,2x2,,,
Vehicle,Zhukov Heavy Tank (Liao),Zhukov Heavy Tank (Liao),,,,,,,,,,,,,,,,,,,,,,,,,,,,X,,,,,,,,,,,,,,,,,3,LB 10-X AC (Slug),2,10,6/12/18,-- OR --,,,,LB 10-X AC (Pellet),12,1,6/12/18,SRM 4,2,2,3/6/9,,,,,,,,,,,,,2x10,,12x1,2x2,,,
Vehicle,Zhukov Heavy Tank (WoB),Zhukov Heavy Tank (WoB),,,,,,,,,,,,,,,,,,,,,,,,,,,,,,,,,,,,,,,,,,,,,,,,,,,,,,,,,,,,,,,,,,,,,,,,,,,,,,,,
Vehicle,Zibler Fast Strike Tank (A),Zibler Fast Strike Tank (A),,,,,,,,,,,,,,,,,,,,,,,,,,,,,,,,,,,,,,,,,,,,,1,Light AC/2,4,2,6/12/18,,,,,,,,,,,,,,,,,,,,,,,,,4x2,,,,,,
Vehicle,Zibler Fast Strike Tank (B),Zibler Fast Strike Tank (B),,,,,,,,,,,,,,,,,,,,,,,,,,,,,,,,,,,,,,,,,,,,,4,ER Medium Laser,2,5,4/8/12,LB 10-X AC (Slug),1,10,6/12/18,-- OR --,,,,LB 10-X AC (Pellet),6,1,6/12/18,Light Machine Gun,4,1,2/4/6,,,,,,,,,2x5,1x10,,6x1,4x1,,
Vehicle,Zibler Fast Strike Tank (C),Zibler Fast Strike Tank (C),,,,,,,,,,,,,,,,,,,,,,,,,,,,,,,,,,,,,,,,,,,,,1,Snub-Nose PPC,1,10,9/13/15,,,,,,,,,,,,,,,,,,,,,,,,,1x10,,,,,,
Vehicle,Zibler Fast Strike Tank (D),Zibler Fast Strike Tank (D),,,,,,,,,,,,,,,,,,,,,,,,,,,,,,,,,,,,,,,,,,,,,1,Heavy PPC,1,15,6/12/18,,,,,,,,,,,,,,,,,,,,,,,,,1x15,,,,,,
Vehicle,Zibler Fast Strike Tank (Prime),Zibler Fast Strike Tank (Prime),,,,,,,,,,,,,,,,,,,,,,,,,,,,,,,,,,,,,,,,,,,,,2,Medium Laser,4,5,3/6/9,Streak SRM 4,12,2,3/6/9,,,,,,,,,,,,,,,,,,,,,4x5,12x2,,,,,
Vehicle,Zorya Light Tank,Zorya Light Tank,,,,,,,,,,,,,,,,,,,,,,,,,,,,X,,,,,,,,,,,,,,,,,3,Clan LB 5-X AC (Slug),1,5,8/15/24,-- OR --,,,,Clan LB 5-X AC (Pellet),3,1,8/15/24,Clan LRM 10,2,5,7/14/21,,,,,,,,,,,,,1x5,,3x1,2x5,,,
Vehicle,Zorya Light Tank (ATM),Zorya Light Tank (ATM),,,,,,,,,,,,,,,,,,,,,,,,,,,,X,,,,,,,,,,,,,,,,,2,Clan LB 5-X AC (Slug),1,5,8/15/24,-- OR --,,,,Clan LB 5-X AC (Pellet),3,1,8/15/24,,,,,,,,,,,,,,,,,1x5,,3x1,,,,
Vehicle,Zorya Light Tank (Ammo),Zorya Light Tank (Ammo),,,,,,,,,,,,,,,,,,,,,,,,,,,,X,,,,,,,,,,,,,,,,,3,Clan LB 5-X AC (Slug),1,5,8/15/24,-- OR --,,,,Clan LB 5-X AC (Pellet),3,1,8/15/24,Clan LRM 10,1,5,7/14/21,,,,,,,,,,,,,1x5,,3x1,1x5,,,
